2018-04-20 19:45:34,b'@kerseilannister You gonna hop in this #ringstruck4? https://t.co/SUuZCAMI1T',
2018-04-20 19:45:15,b' #ringstruck4 RT @WrestlingSheet: the movie version of this brought some incredible discussion - so this felt needed..\n\nwe want to see the four matches t\xe2\x80\xa6',
2018-04-20 19:44:49,"b'This shit was so hard, I have so many favourite matches \xf0\x9f\x99\x8c\xf0\x9f\x98\x82 #ringstruck4 https://t.co/MYbD1Zsp7O'",
2018-04-20 19:44:42,b'RT @WrestlingSheet: trish vs mickie is and remains underrated as hell for how incredible that storytelling was. \n\n#ringstruck4 https://t.co\xe2\x80\xa6',
2018-04-20 19:44:24,"b'Not my all time favourites, but four matches that I absolutely love going back to rewatch. #ringstruck4 https://t.co/JsSrTAnwoY'",
2018-04-20 19:44:09,b'Ok this was really difficult #RingStruck4 https://t.co/ezqQSfyz8f',
2018-04-20 19:44:07,"b""My women's  #ringstruck4 https://t.co/UNknHH9uMm""",
2018-04-20 19:43:53,b'RT @WrestlingSheet: you forgot the house of horrors match at payback for the wwe championship. \n\n#ringstruck4 https://t.co/QKGHfXVKGK',
2018-04-20 19:43:46,b' #ringstruck4 RT @WrestlingSheet: the movie version of this brought some incredible discussion - so this felt needed..\n\nwe want to see the four matches t\xe2\x80\xa6',
2018-04-20 19:43:20,b' #ringstruck4 1) If the opening video package doesn\xe2\x80\x99t give you chills then wrestlings probably not for you.\n2) my absolute fav ma\xe2\x80\xa6 https://t.co/GwiI0JhMLr',
2018-04-20 19:43:11,"b"" #ringstruck4 I'm hopping right into this and these are the four wrestling matches that stand above all in my heart and soul.\xe2\x80\xa6 https://t.co/R4WX2QCyYE""",
2018-04-20 19:43:08,"b""@WrestlingSheet Here's my whacky stab at your #ringstruck4 thing https://t.co/DK0BKZPAB4""",
2018-04-20 19:43:05,"b' #ringstruck4 RT @CenationHLR6: These 4 matches represented everything I love about the WWE, the storytelling for all of these were simply fantastic and\xe2\x80\xa6'",
2018-04-20 19:43:03,b' #ringstruck4 Hart v Austin being my fav match of all time. Absolute classic.\nThe world of NXT was introduced to me when I watche\xe2\x80\xa6 https://t.co/Ip7whh2Pa4',
2018-04-20 19:42:57,b'#RingStruck4 This...was damn difficult. https://t.co/gzdxitw2gB',
2018-04-20 19:42:38,b'Let\xe2\x80\x99s go one level deeper lads. #RingStruck4 https://t.co/HdECVvWfoj',
2018-04-20 19:42:34,"b""RT @workratewarrior: #RingStruck4 If you haven't seen Angle vs Lesnar 60 min ironman match, I feel sorry for you. https://t.co/9eGLsuWBth""",
2018-04-20 19:42:20,b'RT @DanRyckert: First four I thought of for #RingStruck4 https://t.co/ApFruOuDBj',
2018-04-20 19:42:17,b' #ringstruck4 RT @WrestlingSheet: the movie version of this brought some incredible discussion - so this felt needed..\n\nwe want to see the four matches t\xe2\x80\xa6',
2018-04-20 19:42:17,b' #ringstruck4 RT @WrestlingSheet: the movie version of this brought some incredible discussion - so this felt needed..\n\nwe want to see the four matches t\xe2\x80\xa6',
2018-04-20 19:42:11,b' #ringstruck4 CM Punk vs John Cena(Money In The Bank)\nEddie Guerrero vs Brock Lesnar(No Way Out)\nBatista vs Triple H(Wrestlemania\xe2\x80\xa6 https://t.co/jAwTtLsjTA',
2018-04-20 19:41:49,b'RT @WrestlingSheet: you forgot the house of horrors match at payback for the wwe championship. \n\n#ringstruck4 https://t.co/QKGHfXVKGK',
2018-04-20 19:41:44,b'@WrestlingSheet #ringstruck4 THIS WAS SO HARD!!! So many choices but these matches i have watched hundreds of times\xe2\x80\xa6 https://t.co/CvromL5CAX',"Place(_api=<tweepy.api.API object at 0x000002291786AFD0>, id='66cd2cdb819f4414', url='https://api.twitter.com/1.1/geo/id/66cd2cdb819f4414.json', place_type='city', name='Dale City', full_name='Dale City, VA', country_code='US', country='United States', contained_within=[], bounding_box=BoundingBox(_api=<tweepy.api.API object at 0x000002291786AFD0>, type='Polygon', coordinates=[[[-77.443065, 38.6109903], [-77.2748133, 38.6109903], [-77.2748133, 38.68125], [-77.443065, 38.68125]]]), attributes={})"
2018-04-20 19:41:37,b' #ringstruck4 - The Match that made me love wrestling.\n- First NXT match I watched. (after the game-show)\n- Simply one of the bes\xe2\x80\xa6 https://t.co/Tk5R3JS9Xu',
2018-04-20 19:41:30,"b"" #ringstruck4 As a 30+year fan of professional wrestling, it's difficult for me to narrow it down to just four matches, but WCW i\xe2\x80\xa6 https://t.co/2B8eB4Z6VL""",
2018-04-20 19:41:27,b' #ringstruck4 RT @WrestlingSheet: the movie version of this brought some incredible discussion - so this felt needed..\n\nwe want to see the four matches t\xe2\x80\xa6',
2018-04-20 19:40:59,b'Bloop #ringstruck4 https://t.co/Ylhum2ukBf',
2018-04-20 19:40:57,b'I want to put thought into this and post my #ringstruck4 when I get home',
2018-04-20 19:40:55,"b"" #ringstruck4 So @WrestlingSheet gave an idea for 4 matches that shaped you as the fan you are today. \n\nFor me it's: \n\nTLC Wrestl\xe2\x80\xa6 https://t.co/vkBK3kyr57""",
2018-04-20 19:40:33,b' #ringstruck4 Those four matches are the standouts of my list of favourites. Yes 3 of them are quite recent but no matches really\xe2\x80\xa6 https://t.co/gePSIx8qn5',
2018-04-20 19:40:01,b'2/2: Matches that brought me back to wrestling as an adult. #ringstruck4 https://t.co/6VgVfKDblX',
2018-04-20 19:39:59,b'1/2: Matches that got me hooked on wrestling as a kid. #ringstruck4 https://t.co/6v3RITk1xX',
2018-04-20 19:39:32,b'#RingStruck4                                                       Hart/Piper - the match that got me hooked.\n\nStin\xe2\x80\xa6 https://t.co/996Vfs9xrF',
2018-04-20 19:39:17,b'Patiently waiting for @hills90 to give us his #ringstruck4',
2018-04-20 19:39:02,b' #ringstruck4 RT @WrestlingSheet: one of the best network tv shown matches of all time is angle vs lesnar iron man on smackdown. a true classic. \n\n#rings\xe2\x80\xa6',
2018-04-20 19:38:58,b' #ringstruck4 1. I was very young but I knew we were watching an instant classic. \n\n2. Attended my 1st takeover &amp; seen a satisfyi\xe2\x80\xa6 https://t.co/miISTL5jLY',
2018-04-20 19:38:36,b' #ringstruck4 these arent even accurate bc I know im missing SO MANY so I dont even wanna tweet this bc its way to hard to rememb\xe2\x80\xa6 https://t.co/aClcZgV6PI',
2018-04-20 19:38:26,"b'Only four? Tough choices, but here are mine. #Ringstruck4 https://t.co/Nok7XnW3J8'",
2018-04-20 19:38:16,b'Matches that raised me to be a fan as a kid. #ringstruck4 https://t.co/mX8HBP5KPr',
2018-04-20 19:38:15,"b"" #ringstruck4 I'd been pretty out of wrestling for a long time but these 4 matches  really brought me back into it, I could prett\xe2\x80\xa6 https://t.co/7m9SOhKOaY""",
2018-04-20 19:38:12,b' #ringstruck4 Yep I\xe2\x80\x99m doing this too. My favourite childhood wrestling memory. My favourite teenage wrestling memories. My favour\xe2\x80\xa6 https://t.co/HEChTxPbzF',
2018-04-20 19:38:04,b'RT @WrestlingSheet: you forgot the house of horrors match at payback for the wwe championship. \n\n#ringstruck4 https://t.co/QKGHfXVKGK',
2018-04-20 19:38:01,b'This is too hard. I\xe2\x80\x99ll get back to you. #RingStruck4',
2018-04-20 19:37:44,"b'RT @ryansatin: Great idea, @chillhartman!  \n\n#ringstruck4 https://t.co/C3KO4Gb0Mq'",
2018-04-20 19:37:30,b'This was hard af #RingStruck4 https://t.co/RCFjb8Lttc',
2018-04-20 19:37:24,"b'#RingStruck4\nAJ Styles vs Christopher Daniels vs Samoa Joe, TNA Unbreakable\nThe Rivival vs DIY, NXT Takeover Toront\xe2\x80\xa6 https://t.co/649JPW3qtM'",
2018-04-20 19:37:24,b'#RingStruck4 \nWhat?',
2018-04-20 19:37:11,b' #ringstruck4 RT @WrestlingSheet: one of the best network tv shown matches of all time is angle vs lesnar iron man on smackdown. a true classic. \n\n#rings\xe2\x80\xa6',
2018-04-20 19:36:42,"b"" #ringstruck4 This was pretty hard and I'm sure I'm forgetting a bunch of great matches, but these matches always stand out to me\xe2\x80\xa6 https://t.co/OfvivFfQ5N""",
2018-04-20 19:36:34,b'#ringstruck4 pick 4 matches that shaped your life as a wrestling fan. Here\xe2\x80\x99s my 4 still go back and watch them often https://t.co/RGUJ5uVn3w',
2018-04-20 19:35:54,b'#RingStruck4\nEach one of these matches made me appreciate and love Wrestling even more https://t.co/E5KZL8bZeR',
2018-04-20 19:35:41,b'Gave it a shot #ringstruck4 https://t.co/wfOQtrDdJA',
2018-04-20 19:35:09,b'Folks who I would love to see do a #RingStruck4\n@WWEDanielBryan \n@dabryceisright \n@MikeQuackenbush\n@newgenpodcast',
2018-04-20 19:34:48,"b' #ringstruck4 RT @WrestlingSheet: can\xe2\x80\x99t be 4/20 without a little RVD love. \n\n(for real though, that match is incredible if only for the mood / venue)\n\n#r\xe2\x80\xa6'",
2018-04-20 19:34:47,"b""RT @workratewarrior: #RingStruck4 If you haven't seen Angle vs Lesnar 60 min ironman match, I feel sorry for you. https://t.co/9eGLsuWBth""",
2018-04-20 19:34:47,b'#RingStruck4\n\n1. Earliest wrestling memory\n2. Favorite WWE match\n3. Match that got me into NJPW\n4. Favorite match o\xe2\x80\xa6 https://t.co/VkFQtUg7Au',
2018-04-20 19:34:40,b'@allthemoneymc These ones stand out as wrestling memories that I often come back to \n\n#ringstruck4 https://t.co/vTagNpMBTf',
2018-04-20 19:34:13,b' #ringstruck4 one of the best network tv shown matches of all time is angle vs lesnar iron man on smackdown. a true classic.\xe2\x80\xa6 https://t.co/qBrvrgIVx9',
2018-04-20 19:34:12,b' #ringstruck4 RT @OlYoungBoi: Probably one of the hardest lists I\xe2\x80\x99ve ever constructed. I have two NXT matches in there for a reason. I truly believe NXT\xe2\x80\xa6',
2018-04-20 19:34:11,b'I think. #RingStruck4 https://t.co/QsWzg7AuMq',
2018-04-20 19:34:01,"b"" #ringstruck4 Wow, only 4 matches?\nI'll try. This is only scratching the surface, mind you.\nBut these had a huge impact on starti\xe2\x80\xa6 https://t.co/RpON9DcyEf""",
2018-04-20 19:33:57,b'#ringstruck4 this was fucking difficult. https://t.co/rtjwrQAFdG',
2018-04-20 19:33:54,b'#RingStruck4 Non-WWE edition https://t.co/kqbV0GgNAN',
2018-04-20 19:33:43,b' #ringstruck4 Hopping on to add to this...\n\nHogan/Warrior is what hooked me. After I saw that I was a goner. Bret/Shawn blew my m\xe2\x80\xa6 https://t.co/xN9XICEPtd',
2018-04-20 19:33:25,b'This was hard man. #ringstruck4 https://t.co/qZWDninWeY',
2018-04-20 19:33:24,b'#RingStruck4 this is insanely hard but I think this nails it for me. Without any repeats. https://t.co/FkHM1u5ShS',
2018-04-20 19:33:07,b'RT @StrowmanWapadoo: I can dig this #RingStruck4 https://t.co/iDTT7MUFLf',
2018-04-20 19:32:52,b'#ringstruck4 @WrestlingSheet  these 4 blew me away https://t.co/6YsjC2857A',
2018-04-20 19:32:51,b'#RingStruck4 IM TAKING OUT BRET V PERFECT AND REPLACING IT WITH... https://t.co/iEXQIPZCyK',
2018-04-20 19:32:40,b'#ringstruck4 these 4 matches influenced me and changed my views on wrestling. They made me appreciate what these at\xe2\x80\xa6 https://t.co/8ybMrK9LYS',
2018-04-20 19:32:35,"b' #ringstruck4 RT @WrestlingSheet: this is why i love lists like this. \n\nempty arena match sighting! \n\n(honestly, a hell of an advertising campaign for WW\xe2\x80\xa6'",
2018-04-20 19:32:11,b'#RingStruck4 \n1. Huge moment as CM Punk won\n2. Classic match at Wrestlemania\n3. My favorite ladder match ever\n4. Bl\xe2\x80\xa6 https://t.co/vlay6AqwQK',
2018-04-20 19:31:58,b'I had fun watching these too #RingStruck4 https://t.co/x1O3tLso9m',
2018-04-20 19:31:57,b'#RingStruck4\n\nThese are matches that I either remember as a Kid\n\nGrew up watching that made me fall in love with Pr\xe2\x80\xa6 https://t.co/fNMIonfiTC',
2018-04-20 19:31:57,"b' #ringstruck4 @WrestlingSheet This was ridiculously hard to pick, but these four matches made me continue to fall in love with wr\xe2\x80\xa6 https://t.co/tqz0gXeplO'",
2018-04-20 19:31:53,b'I\xe2\x80\x99m following anyone that has at least 2 of the same #RingStruck4 as me',
2018-04-20 19:31:51,b' #ringstruck4 @WrestlingSheet Mania VI and VII two of Warriors greatest matches IMO. I was there in person for Hero vs Punk EPIC!\xe2\x80\xa6 https://t.co/u182Fr48Db',
2018-04-20 19:31:45,"b'The other day, #GameStruck4 was a thing but now, #RingStruck4 is a thing.\n\nWhat are 4 of your favorite matches?\xe2\x80\xa6 https://t.co/o2qEBcKrVM'",
2018-04-20 19:31:42,"b'@WrestlingSheet @BustedOpenRadio #RingStruck4 Wyatt Family vs The Shield at Elimination Chamber, Elimination Chambe\xe2\x80\xa6 https://t.co/01rxj4vqBl'","Place(_api=<tweepy.api.API object at 0x000002291786AFD0>, id='a612c69b44b2e5da', url='https://api.twitter.com/1.1/geo/id/a612c69b44b2e5da.json', place_type='admin', name='Arizona', full_name='Arizona, USA', country_code='US', country='United States', contained_within=[], bounding_box=BoundingBox(_api=<tweepy.api.API object at 0x000002291786AFD0>, type='Polygon', coordinates=[[[-114.818269, 31.3322463], [-109.0451527, 31.3322463], [-109.0451527, 37.004261], [-114.818269, 37.004261]]]), attributes={})"
2018-04-20 19:31:38,b'#ringstruck4 This one is quite difficult (Especially since memories from 2008 and back are really hazy. I was a lil\xe2\x80\xa6 https://t.co/ir4fd9YXOm',
2018-04-20 19:31:12,"b""My men's  #ringstruck4 only fair the women get their own https://t.co/52tMiRrBQx""",
2018-04-20 19:30:56,b'#ringstruck4 these matches are probably my 4 favorite matches I\xe2\x80\x99ve ever watched. Maybe I\xe2\x80\x99m forgetting a couple but\xe2\x80\xa6 https://t.co/t8h7TurMTm',
2018-04-20 19:30:36,b'@WrestlingSheet The 4 most significant matches that kept me a fan through the years. \n\n#RingStruck4 https://t.co/Q4S2Gjxqtl',"Place(_api=<tweepy.api.API object at 0x000002291786AFD0>, id='6817a2a94b64df3f', url='https://api.twitter.com/1.1/geo/id/6817a2a94b64df3f.json', place_type='city', name='Kenwood', full_name='Kenwood, OH', country_code='US', country='United States', contained_within=[], bounding_box=BoundingBox(_api=<tweepy.api.API object at 0x000002291786AFD0>, type='Polygon', coordinates=[[[-84.394955, 39.191528], [-84.3567011, 39.191528], [-84.3567011, 39.22516], [-84.394955, 39.22516]]]), attributes={})"
2018-04-20 19:30:30,b' #ringstruck4 RT @WrestlingSheet: I almost forgot about battle of the sexes and now all I can think about is how badly I want Asuka / Charlotte vs Zayn /\xe2\x80\xa6',
2018-04-20 19:30:30,b'What the heck is #RingStruck4',
2018-04-20 19:30:29,b' #ringstruck4 RT @WrestlingSheet: the movie version of this brought some incredible discussion - so this felt needed..\n\nwe want to see the four matches t\xe2\x80\xa6',
2018-04-20 19:30:19,b'So many amazing matches but after much consideration this is my #RingStruck4 These matches are absolutely perfect &amp;\xe2\x80\xa6 https://t.co/7g65ZkuvuS',
2018-04-20 19:30:18,b'My favorite 4 matches of all time #Ringstruck4\n\nYour up guys -\n@PatDigiulio @BearDiGiulio https://t.co/kZqTE6Y18Z',"Place(_api=<tweepy.api.API object at 0x000002291786AFD0>, id='741e21eeea82f00a', url='https://api.twitter.com/1.1/geo/id/741e21eeea82f00a.json', place_type='city', name='Joliet', full_name='Joliet, IL', country_code='US', country='United States', contained_within=[], bounding_box=BoundingBox(_api=<tweepy.api.API object at 0x000002291786AFD0>, type='Polygon', coordinates=[[[-88.294633, 41.444387], [-87.99039, 41.444387], [-87.99039, 41.5947247], [-88.294633, 41.5947247]]]), attributes={})"
2018-04-20 19:30:04,b'Lol no shot I\xe2\x80\x99m doing this\xf0\x9f\x98\x82\xf0\x9f\x98\x82\xf0\x9f\x98\x82\xf0\x9f\x98\x82  #ringstruck4',
2018-04-20 19:29:57,"b"" #ringstruck4 1. @RandyOrton's thumbtack reaction was priceless.\n2. Amazing match I could watch forever.\n3. Was there in person (\xe2\x80\xa6 https://t.co/XBDCW00dfH""",
2018-04-20 19:29:52,"b'This list would be different every time I did it... right now, my #ringstruck4 https://t.co/IfDoDeLLnZ'",
2018-04-20 19:29:49,b' #ringstruck4 RT @WrestlingSheet: the movie version of this brought some incredible discussion - so this felt needed..\n\nwe want to see the four matches t\xe2\x80\xa6',
2018-04-20 19:29:47,b'RT @JohnBladeFrank: #ringstruck4 this was alot harder than i expected. https://t.co/Lob09hyWxi',
2018-04-20 19:29:26,b'Can I do a #ringstruck400 instead of a #ringstruck4? https://t.co/MkT566ajIi',
2018-04-20 19:29:25,b'I\xe2\x80\x99ll join in on this... #RingStruck4 this was very hard.. but it\xe2\x80\x99s no secret HBK is my favorite of all time https://t.co/cpN7R99C5C',
2018-04-20 19:28:47,b' #ringstruck4 RT @WrestlingSheet: the movie version of this brought some incredible discussion - so this felt needed..\n\nwe want to see the four matches t\xe2\x80\xa6',
2018-04-20 19:28:44,"b""I can't narrow down 4 matches I have 1 Macho Man v. Ultimate Warrior WM 7. #ringstruck4 https://t.co/NGRZ8XWlxE""",
2018-04-20 19:28:44,b'#ringstruck4 very tough to decide but I think this about covers it https://t.co/yWyZ6V2Hkz',
2018-04-20 19:28:38,b'#RingStruck4 \nMisawa vs Kobashi \nDanielson vs McGuinness \nJohnny Saint vs Jim Breaks\nBig Daddy vs Giant Haystacks https://t.co/DqzMQErnlA',
2018-04-20 19:28:36,"b""wasn't that hard for me.\n\n#ringstruck4 https://t.co/D191H1RME4""",
2018-04-20 19:28:32,b'#RingStruck4\n(Tagging anybody because holy crap this was difficult) https://t.co/Jyym8QK0wf',
2018-04-20 19:28:28,"b""#RingStruck4\nJust a couple of my Fav's https://t.co/qkrP9oWNKJ""",
2018-04-20 19:28:17,b'#RingStruck4 on a side note The rise and fall of ECW is one of the best WWE documentaries ever.',
2018-04-20 19:28:15,b'#RingStruck4 \n\n1) My first ppv and I loved Bret\n\n2) Big hhh mark and love this match\n\n3) Cemented my new found resp\xe2\x80\xa6 https://t.co/OJafnFrjYH',
2018-04-20 19:28:05,"b"" #ringstruck4 @WrestlingSheet my wrestling fandom really took off in late 2010, that's why there's more newer matches.\xe2\x80\xa6 https://t.co/Y9y1hhFSLQ""",
2018-04-20 19:27:48,b'RT @WrestlingSheet: you forgot the house of horrors match at payback for the wwe championship. \n\n#ringstruck4 https://t.co/QKGHfXVKGK',
2018-04-20 19:27:24,"b""#RingStruck4 If you haven't seen Angle vs Lesnar 60 min ironman match, I feel sorry for you. https://t.co/9eGLsuWBth""",
2018-04-20 19:26:58,"b""So many possibilities, but I'll go with greatest matches from times of my fandom:\n\n#ringstruck4 https://t.co/DaAnWkBarB""",
2018-04-20 19:26:54,b'RT @WrestlingSheet: Piper / Hitman never gets enough honestly \n\n#ringstruck4 https://t.co/0E0WeGjMpZ',
2018-04-20 19:26:50,b'#ringstruck4 @EdgeRatedR vs Eddie might be my favorite of all time. Me and my brother were screaming at the tv duri\xe2\x80\xa6 https://t.co/LnlFxYvehj',
2018-04-20 19:26:49,b'Very hard to stick to 4 but both past and present fav #ringstruck4 https://t.co/RtoeIZtIIM',
2018-04-20 19:26:40,b' #ringstruck4 Don\xe2\x80\x98t judge me for the last one - I just love it! \xf0\x9f\x98\x82\n@KennyOmegamanX vs @rainmakerXokada 2 would have been the obvio\xe2\x80\xa6 https://t.co/x47diRGR60',
2018-04-20 19:26:31,b'#RingStruck4 I\xe2\x80\x99m enjoying these things. Might never post in a regular format ever again. https://t.co/FeBZ5N0nSK',
2018-04-20 19:25:54,b'#ringstruck4 My four matches that got me to confirm my love for professional wrestling and made me realize that I w\xe2\x80\xa6 https://t.co/ajWeANqWQe',
2018-04-20 19:25:52,"b'#RingStruck4 (Also on the list: the original Elimination Chamber, Chuck/ZSJ, Lee/Dijak, Walter/ZSJ, Havoc/Robinson https://t.co/VQK3OiCw6p'",
2018-04-20 19:25:43,b'The Big un from Wigan #ringstruck4 https://t.co/gbbPj2jJiC',
2018-04-20 19:25:37,"b' #ringstruck4 RT @CenationHLR6: These 4 matches represented everything I love about the WWE, the storytelling for all of these were simply fantastic and\xe2\x80\xa6'",
2018-04-20 19:25:34,b'I never realized how much I love NXT  #RingStruck4 https://t.co/lCY0LRIDIt',
2018-04-20 19:25:09,b'So my #ringstruck4 are:\n\n1999: Rock vs. Mankind - I Quit\n2011: Rollins vs. Ambrose - FCW 15 Title\n2012: Davey Richa\xe2\x80\xa6 https://t.co/78mN6Efqm6',
2018-04-20 19:25:03,b'And now I feel stupid I don\xe2\x80\x99t have any Ric Flair matches in my #RingStruck4',
2018-04-20 19:24:09,b'RT @WrestlingSheet: you forgot the house of horrors match at payback for the wwe championship. \n\n#ringstruck4 https://t.co/QKGHfXVKGK',
2018-04-20 19:24:04,b'RT @XThreeee: #RingStruck4 \n Nothing but bangers https://t.co/1NB9f9pt0B',
2018-04-20 19:24:02,b' #ringstruck4 I almost forgot about battle of the sexes and now all I can think about is how badly I want Asuka / Charlotte vs Za\xe2\x80\xa6 https://t.co/wB6QqSeI9W',
2018-04-20 19:23:39,b'There are so many great matches. So hard to pick just 4. #RingStruck4 https://t.co/fcgH4vVrTR',
2018-04-20 19:23:22,"b' #ringstruck4 @WrestlingSheet These 4 without a doubt... All happened within the First Year I started watching WWE, probably woul\xe2\x80\xa6 https://t.co/QcVRRW3gUV'",
2018-04-20 19:23:21,b' #ringstruck4 Not necessarily my top four but definitely 4 matches that either cemented my love for wrestling (hogan/warrior) or\xe2\x80\xa6 https://t.co/XGwCRP0OEx',
2018-04-20 19:23:16,b'@WrestlingSheet #ringstruck4 \n\nBit of recency bias for the last one but the fact that I got to be there for that li\xe2\x80\xa6 https://t.co/kOVaHi3dMF',
2018-04-20 19:23:11,b'I can dig this #RingStruck4 https://t.co/iDTT7MUFLf',
2018-04-20 19:23:01,b'#RingStruck4 4 matches that I feel defined me as a wrestling fan and the fan that I am https://t.co/Pd3vooEyjC',
2018-04-20 19:22:50,"b""So, these are the four matches I shared for the #ringstruck4 gimmick y'all gotta going on. Not saying they are my t\xe2\x80\xa6 https://t.co/9InvU1HS2v""",
2018-04-20 19:22:47,"b' #ringstruck4 PWG-Guerilla warfare match, Mt Rushmore (Young Bucks, Roderick Strong &amp; Adam Cole) vs Chris Hero, Mike Bailey &amp; Wor\xe2\x80\xa6 https://t.co/PXcwX3daZo'",
2018-04-20 19:22:47,b'#RingStruck4 easy https://t.co/QaZegZOdZE',
2018-04-20 19:22:33,b'Bret v Shawn iron man match &amp; Taker v Shawn from WM25 showing up a lot in people\xe2\x80\x99s #RingStruck4. Iron man match sur\xe2\x80\xa6 https://t.co/VbCTEXTAUO',
2018-04-20 19:22:29,b'RT @WrestlingSheet: you forgot the house of horrors match at payback for the wwe championship. \n\n#ringstruck4 https://t.co/QKGHfXVKGK',
2018-04-20 19:22:15,b'RT @BustedOpenRadio: Hey @davidlagreca1 @bullyray5150 @TheMarkHenry @THETOMMYDREAMER \n\nwill you share with us your #ringstruck4? https://t.\xe2\x80\xa6',
2018-04-20 19:22:00,"b' #ringstruck4 All within last few years, when I started to appreciate more than moments. The Reigns/Lesner match was great, Rolli\xe2\x80\xa6 https://t.co/Y3DedEc3Rn'",
2018-04-20 19:21:58,b' #ringstruck4 Austin/Bret - unlike anything I\xe2\x80\x99d seen up to that point as a fan.\n\nAustin/Rock - captured my imagination like no ot\xe2\x80\xa6 https://t.co/DYoc6dSPMi',"Place(_api=<tweepy.api.API object at 0x000002291786AFD0>, id='3798b82d031ee49c', url='https://api.twitter.com/1.1/geo/id/3798b82d031ee49c.json', place_type='city', name='Merton', full_name='Merton, London', country_code='GB', country='United Kingdom', contained_within=[], bounding_box=BoundingBox(_api=<tweepy.api.API object at 0x000002291786AFD0>, type='Polygon', coordinates=[[[-0.254269, 51.379947], [-0.124309, 51.379947], [-0.124309, 51.441804], [-0.254269, 51.441804]]]), attributes={})"
2018-04-20 19:21:56,b'RT @WrestlingSheet: you forgot the house of horrors match at payback for the wwe championship. \n\n#ringstruck4 https://t.co/QKGHfXVKGK',
2018-04-20 19:21:43,b' #ringstruck4 RT @WrestlingSheet: the movie version of this brought some incredible discussion - so this felt needed..\n\nwe want to see the four matches t\xe2\x80\xa6',
2018-04-20 19:21:28,b'Damn this is harder than I thought #RingStruck4 https://t.co/tlbw9Jh1FM',
2018-04-20 19:21:18,b'I stopped watching wrestling for a long time but so glad I got back into it. #ringstruck4 https://t.co/6fVNDssDhk',
2018-04-20 19:21:14,b'you forgot the house of horrors match at payback for the wwe championship. \n\n#ringstruck4 https://t.co/QKGHfXVKGK',
2018-04-20 19:20:49,"b"" #ringstruck4 @THICCWBOT #OOC ...I don't mean match stipulations lol. I meant  what are your four favourite matches that your cha\xe2\x80\xa6 https://t.co/Dmoar4HRwA""",
2018-04-20 19:20:36,b'#ringstruck4 \n\nProbably top 4 as of now though War Machine + Jeff Cobb v British Strong Style is way up there.\n\n(Al\xe2\x80\xa6 https://t.co/8MmshHSz0f',
2018-04-20 19:20:25,b'#ringstruck4 this was alot harder than i expected. https://t.co/Lob09hyWxi',
2018-04-20 19:20:25,b'If I were to redo that #Ringstruck4 with only modern matches.\n\nGolden Lovers vs. Young Bucks (SSE 2018)\nJohnny Garg\xe2\x80\xa6 https://t.co/VFK3AGUkiY',
2018-04-20 19:19:34,b'#RingStruck4 \n\n4 of my absolute all time favorite matches https://t.co/F5wzuV2n95',
2018-04-20 19:19:24,b' #ringstruck4 RT @WrestlingSheet: another SUPER underrated match is wyatts vs shield. what a crowd that was on hand for that one. people lost it from beg\xe2\x80\xa6',
2018-04-20 19:19:14,b'My #RingStruck4 has some wildly different matches https://t.co/pzWBwCtGbU',
2018-04-20 19:19:11,"b'Just like with games, the #RingStruck4 was super tough. Lots of matches missing off this list.\n\nPlenty of older mat\xe2\x80\xa6 https://t.co/WKiKkIVoqP'",
2018-04-20 19:19:01,b'Always go back to watch these four great matches. #RingStruck4 https://t.co/ZcRZMutpTJ',
2018-04-20 19:18:44,b'Hey @davidlagreca1 @bullyray5150 @TheMarkHenry @THETOMMYDREAMER \n\nwill you share with us your #ringstruck4? https://t.co/O88Rgfm8Cf',
2018-04-20 19:18:18,b' #ringstruck4 RT @WrestlingSheet: another SUPER underrated match is wyatts vs shield. what a crowd that was on hand for that one. people lost it from beg\xe2\x80\xa6',
2018-04-20 19:18:17,b'RT @JoshSchippe: I can\xe2\x80\x99t do #ringstruck4. It\xe2\x80\x99s too difficult.',
2018-04-20 19:18:04,b'#RingStruck4 each match represents a first for me.\n- The first match that I fell in love with wrestling.\n- The firs\xe2\x80\xa6 https://t.co/Ar8wDhn5Ao',
2018-04-20 19:18:04,"b"" #ringstruck4 This is impossible but here's the 1st 4 that jumped out to me:\n\nTully vs Magnum Starrcade 85\n\nSavage vs Hogan WM5\xe2\x80\xa6 https://t.co/QaOpvk3EFv""",
2018-04-20 19:17:52,"b"" #ringstruck4 @WrestlingSheet What good wrestling looks like. What story and heat looks like. The women's division to rival the m\xe2\x80\xa6 https://t.co/6rynAyueX6""",
2018-04-20 19:17:45,b' #ringstruck4 RT @WrestlingSheet: the movie version of this brought some incredible discussion - so this felt needed..\n\nwe want to see the four matches t\xe2\x80\xa6',
2018-04-20 19:17:35,b'@DanRyckert My #RingStruck4 now that I realize it\xe2\x80\x99s specifically matches. https://t.co/szScpi6HEf',
2018-04-20 19:17:12,b'This was difficult. Have to go with these.. #RingStruck4 https://t.co/8W8N0dDr5a',
2018-04-20 19:17:09,b' #ringstruck4 Bret vs DBS SS \xe2\x80\x9892 / Bret vs Shawn WM 12 / Sabu vs Terry Funk ECW Born to be Wired 97 / Dragon vs Morishima ROH FB\xe2\x80\xa6 https://t.co/IfzwWJH7Kw',
2018-04-20 19:17:03,b'Yea yea I\xe2\x80\x99m into wrestling now.. ACCEPT IT. #RingStruck4 https://t.co/l2ObGiX1aB',"Place(_api=<tweepy.api.API object at 0x000002291786AFD0>, id='01bf5c1e56ac186d', url='https://api.twitter.com/1.1/geo/id/01bf5c1e56ac186d.json', place_type='city', name='Riyadh', full_name='Riyadh, Kingdom of Saudi Arabia', country_code='SA', country='Kingdom of Saudi Arabia', contained_within=[], bounding_box=BoundingBox(_api=<tweepy.api.API object at 0x000002291786AFD0>, type='Polygon', coordinates=[[[46.3043976, 24.3320675], [47.0657557, 24.3320675], [47.0657557, 25.1118193], [46.3043976, 25.1118193]]]), attributes={})"
2018-04-20 19:16:53,"b'#RingStruck4 Extremely difficult to narrow down, but these would be the 4 that cemented my wrestling fandom. Honora\xe2\x80\xa6 https://t.co/CM9AtDnyZF'",
2018-04-20 19:16:31,"b'4 of my favourite matches of all time, Some real emotion came out whilst watching these over the years #RingStruck4 https://t.co/daMzbjkTp4'",
2018-04-20 19:15:59,b'#ringstruck4 would consider these the four matches that absolutely shaped tastes for me. https://t.co/p9Mzhhmelj',
2018-04-20 19:15:29,b'#Ringstruck4\n\n-DoFIXER vs. Blood Generation (Supercard of Honor)\n-Tommaso Ciampa vs. Handsome Johnny (Chaotic 7.15.\xe2\x80\xa6 https://t.co/WwLEa6PE2K',
2018-04-20 19:15:18,b'#RingStruck4 Part 2 https://t.co/XtgVPkOxsG',
2018-04-20 19:15:07,b' #ringstruck4 RT @WrestlingSheet: another SUPER underrated match is wyatts vs shield. what a crowd that was on hand for that one. people lost it from beg\xe2\x80\xa6',
2018-04-20 19:14:21,"b'RT @wehavefunhere: @WrestlingSheet Rock/Austin WMX7, Rock/Mankind Empty Arena match, Punk/Cena MITB, Great Muta/Jushin Liger #ringstruck4 h\xe2\x80\xa6'",
2018-04-20 19:14:06,"b""Part of my understands that its OK for non-WWF/WWE matches to not be in my #RingStruck4 since it's abut what's impa\xe2\x80\xa6 https://t.co/ITOQk2rnHG""",
2018-04-20 19:14:04,b'@WrestlingSheet #ringstruck4 So hard to find 4... https://t.co/bjgbNdyZ1N',
2018-04-20 19:14:04,b'These four matches helped define my current fandom as a wrestling fan #ringstruck4 https://t.co/strkJ1OGDy',
2018-04-20 19:14:02,"b""RT @chasinthadragon: #ringstruck4 \n\nI gauged this fully on how many times I've watched a match and every single one of these I've watched h\xe2\x80\xa6""",
2018-04-20 19:13:32,b'@WrestlingSheet #RingStruck4 \n\nMacho Man vs Hogan - WM5\nMacho Man vs Ultimate Warrior- WM7 (greatest reunion of all\xe2\x80\xa6 https://t.co/EOssiRMzVY',
2018-04-20 19:13:27,"b""#RingStruck4 I can't justify naming anything modern, as without these four as tent poles in my childhood I would no\xe2\x80\xa6 https://t.co/7si05xhPdc""",
2018-04-20 19:13:26,b' #ringstruck4 The TLC match from the first show I ever watched that got me hooked on wrestling.\nThe match that got me to pay atte\xe2\x80\xa6 https://t.co/rf2hRAloOt',
2018-04-20 19:13:24,"b' #ringstruck4 @WrestlingSheet Bret v Bulldog Summerslam 92, \nHBK v Austin WM 4, Mankind v Taker Hell in a Cell 98, Aj Styles v Je\xe2\x80\xa6 https://t.co/wVOmntdhK4'",
2018-04-20 19:13:18,"b""4 matches that shaped you into the fan you are today. \n#RingStruck4\n\nI'm gonna throw it over to my brother\xe2\x80\xa6 https://t.co/ncHZM4OpT6""",
2018-04-20 19:13:16,"b""It's amazing isn't it, out of all the matches in the world, the ones that shape you #ringstruck4 aren't alweays 'th\xe2\x80\xa6 https://t.co/eZsWyI2FzH""",
2018-04-20 19:13:13,"b'#RingStruck4 Ric Flair vs Vader (SuperBrawl IV), possibly the earliest memory I have of Pro Wrestling\n\nUndertaker v\xe2\x80\xa6 https://t.co/AEfiFap9n0'",
2018-04-20 19:13:09,b'I have some interesting choices for my #ringstruck4\n\nCena vs. Punk: Duh.\n\nOmega vs. Okada 1: Imagine staying up lat\xe2\x80\xa6 https://t.co/euSzONhmK0',
2018-04-20 19:13:08,b'the matches and personalities that hooked me as a kid\n#ringstruck4 https://t.co/pEUjQuePoy',
2018-04-20 19:12:53,b'Dope idea. What day you @marksetgopod what 4 matches shaped who you are as a wrestling fan? #ringstruck4 https://t.co/lP6oRely4K',"Place(_api=<tweepy.api.API object at 0x000002291786AFD0>, id='ac88a4f17a51c7fc', url='https://api.twitter.com/1.1/geo/id/ac88a4f17a51c7fc.json', place_type='city', name='Portland', full_name='Portland, OR', country_code='US', country='United States', contained_within=[], bounding_box=BoundingBox(_api=<tweepy.api.API object at 0x000002291786AFD0>, type='Polygon', coordinates=[[[-122.7900653, 45.421863], [-122.471751, 45.421863], [-122.471751, 45.6509405], [-122.7900653, 45.6509405]]]), attributes={})"
2018-04-20 19:12:52,b'Melina vs. Alicia Fox x4\n#ringstruck4',
2018-04-20 19:12:51,b'#RingStruck4 my fast pick... https://t.co/dvCHM81yrZ',
2018-04-20 19:12:37,"b""All times when my disbelief and 'smarkism' disappeared. #RingStruck4 https://t.co/dRKPDtjbV3""",
2018-04-20 19:12:32,b'RT @VeenaMKay: Iconic Matches Only. #Ringstruck4 https://t.co/mlOilpoN3L',
2018-04-20 19:12:24,"b""#ringstruck4 \nFor matches I've seen in person\n1. Ospreay Vs Sydel absolutely blew my mind, first Rev Pro show\n2. Os\xe2\x80\xa6 https://t.co/Y5uJgxveVy""",
2018-04-20 19:12:20,b'#RingStruck4 4 matches from my childhood that made the biggest impressions https://t.co/f76q08Su2N',
2018-04-20 19:12:11,b'#RingStruck4 These 4 are my absolute favorite matches of all time. https://t.co/JKpCJ8faPn',
2018-04-20 19:11:52,b'ok I think these 4 cover everything I love about wrestling #ringstruck4 https://t.co/aGQGRTQFKa',"Place(_api=<tweepy.api.API object at 0x000002291786AFD0>, id='92b2158a6d509767', url='https://api.twitter.com/1.1/geo/id/92b2158a6d509767.json', place_type='city', name='Ann Arbor', full_name='Ann Arbor, MI', country_code='US', country='United States', contained_within=[], bounding_box=BoundingBox(_api=<tweepy.api.API object at 0x000002291786AFD0>, type='Polygon', coordinates=[[[-83.800262, 42.215087], [-83.659681, 42.215087], [-83.659681, 42.326592], [-83.800262, 42.326592]]]), attributes={})"
2018-04-20 19:11:48,b' #ringstruck4 RT @WrestlingSheet: another SUPER underrated match is wyatts vs shield. what a crowd that was on hand for that one. people lost it from beg\xe2\x80\xa6',
2018-04-20 19:11:48,"b'Man, this was hard.\n#RingStruck4 https://t.co/rtlJxtFn5y'",
2018-04-20 19:11:25,b'RT @XThreeee: #RingStruck4 \n Nothing but bangers https://t.co/1NB9f9pt0B',
2018-04-20 19:11:16,b'RT @DanRyckert: First four I thought of for #RingStruck4 https://t.co/ApFruOuDBj',
2018-04-20 19:11:04,b'I didn\xe2\x80\x99t even put the hashtag wow #ringstruck4 https://t.co/CMGv9UbWJ5',
2018-04-20 19:11:03,b'#RingStruck4 I have to do seperate men and women\xe2\x80\x99s! https://t.co/EfitZm8XtF',
2018-04-20 19:10:59,b'So if we went wrestling #RingStruck4  would consist of prob what I fed best describes my own personal evolution as\xe2\x80\xa6 https://t.co/Coy2ZsmoIE',
2018-04-20 19:10:40,b'@WrestlingSheet #ringstruck4 ..with pics this time https://t.co/Sxz0D7VxgC',
2018-04-20 19:10:29,b' #ringstruck4 I could sit here all day and never be satisfied with my list. Four matches that definitely shaped my wrestling fand\xe2\x80\xa6 https://t.co/XCSH7JUFP2',
2018-04-20 19:10:15,b' #ringstruck4 RT @WrestlingSheet: another SUPER underrated match is wyatts vs shield. what a crowd that was on hand for that one. people lost it from beg\xe2\x80\xa6',
2018-04-20 19:09:59,b' #ringstruck4 another SUPER underrated match is wyatts vs shield. what a crowd that was on hand for that one. people lost it from\xe2\x80\xa6 https://t.co/RIgQWbXMiN',
2018-04-20 19:09:42,b'@CodyRhodes Stole one of yours but these are the ones that made me a wrestling fan! #RingStruck4 https://t.co/6HoHQLdCHP',
2018-04-20 19:09:36,b'Some honourable mentions... #RingStruck4 https://t.co/GCMGIICHT5',
2018-04-20 19:08:37,b'This was harder than the film and video game versions #ringstruck4 https://t.co/WYnakVDTZ6',
2018-04-20 19:08:32,b' #ringstruck4 RT @Allwrestling420: Love what @WrestlingSheet started \n\n4 wrestling matches or moments that describe why you got into Wrestling! Let me kn\xe2\x80\xa6',
2018-04-20 19:08:25,b' #ringstruck4 RT @WrestlingSheet: the movie version of this brought some incredible discussion - so this felt needed..\n\nwe want to see the four matches t\xe2\x80\xa6',
2018-04-20 19:08:17,"b""#ringstruck4 \n@CMPunk and @JEFFHARDYBRAND are my favorite wrestlers of all time. Don't @ me. You can't change my mi\xe2\x80\xa6 https://t.co/DKY4ch4htA""",
2018-04-20 19:08:14,b'#RingStruck4 \n Nothing but bangers https://t.co/1NB9f9pt0B',
2018-04-20 19:08:14,b'Tough to choose #ringstruck4 https://t.co/knldRP4DBa',
2018-04-20 19:08:02,b' #ringstruck4 Dang... this is hard... First two made and kept me as a fan. Other two represents shifts in my fandom over the year\xe2\x80\xa6 https://t.co/CJ4PGoFjSb',
2018-04-20 19:07:57,b' #ringstruck4 RT @OlYoungBoi: Probably one of the hardest lists I\xe2\x80\x99ve ever constructed. I have two NXT matches in there for a reason. I truly believe NXT\xe2\x80\xa6',
2018-04-20 19:07:48,"b'RT @ryansatin: Great idea, @chillhartman!  \n\n#ringstruck4 https://t.co/C3KO4Gb0Mq'",
2018-04-20 19:07:47,"b'Oh, you better believe I\xe2\x80\x99m doing a #RingStruck4 https://t.co/b2i3LDLa0O'",
2018-04-20 19:07:32,"b' #ringstruck4 RT @chillhartman: yes four VERY different matches, but all four equally important to me consistently being into this art form. \n\n#ringstruc\xe2\x80\xa6'",
2018-04-20 19:07:21,"b'#ringstruck4\nJust off the top, not always the best matches but the memories they invoke are strong. https://t.co/HRfVs0Fdkt'",
2018-04-20 19:06:59,b'@WrestlingSheet My Personal #RingStruck4 https://t.co/rViU1PBHlD',
2018-04-20 19:06:51,"b' #ringstruck4 #PunkvsCenaMITB is what started the passion, I witnessed #SashavsBayleyTOB in person with awe, #OkadavsOmega1 forev\xe2\x80\xa6 https://t.co/jeZVCVnBrp'",
2018-04-20 19:06:37,b'RT @WrestlingSheet: trish vs mickie is and remains underrated as hell for how incredible that storytelling was. \n\n#ringstruck4 https://t.co\xe2\x80\xa6',
2018-04-20 19:06:12,b'RT @JobberRobb: #RingStruck4 I enjoyed the video game version so maybe we can do this? Fairly large gap from when I watched wrestling as a\xe2\x80\xa6',
2018-04-20 19:06:08,"b""RT @Bannister007: Doing the #ringstruck4 is hard for me. So many matches to choose from. I've shortened my list to:\n\nRock Vs Austin WM19\nUn\xe2\x80\xa6""",
2018-04-20 19:06:04,"b"" #ringstruck4 RT @sharkosaur: *Ubiquitous comment about how difficult this was*\n\n1.Cemented my fandom &amp; turned me into a devotee of women's wrestling\n\n2.\xe2\x80\xa6""",
2018-04-20 19:05:56,b'#RingStruck4 no Shawn Michaels or Hogan or Sting or Flair \xf0\x9f\xa4\x94 https://t.co/vsfZMAX0XO',
2018-04-20 19:05:55,b' #ringstruck4 RT @OlYoungBoi: Probably one of the hardest lists I\xe2\x80\x99ve ever constructed. I have two NXT matches in there for a reason. I truly believe NXT\xe2\x80\xa6',
2018-04-20 19:05:55,"b""#ringstruck4 (1) The '86 Bash Tour  (2)  Magnum Vs. Tully at Starrcade is the best match I have ever seen. (3) Flai\xe2\x80\xa6 https://t.co/j2PUrSkKdY""",
2018-04-20 19:05:50,"b'RT @skeenzyf: #RingStruck4\n\nThe four matches that I can never forget, that helped me fall in loves with the crazy world of professional wre\xe2\x80\xa6'",
2018-04-20 19:05:48,"b' #ringstruck4 My early years watching wrestling.\n1. Royal Rumble 1992, when Flair won.\n2. RAW 1993, HBK v. Jannetty, when Jannett\xe2\x80\xa6 https://t.co/OpOLguIsre'",
2018-04-20 19:05:43,"b' #ringstruck4 RT @CenationHLR6: These 4 matches represented everything I love about the WWE, the storytelling for all of these were simply fantastic and\xe2\x80\xa6'",
2018-04-20 19:05:36,"b' #ringstruck4 RT @chillhartman: yes four VERY different matches, but all four equally important to me consistently being into this art form. \n\n#ringstruc\xe2\x80\xa6'",
2018-04-20 19:05:29,"b""RT @chasinthadragon: #ringstruck4 \n\nI gauged this fully on how many times I've watched a match and every single one of these I've watched h\xe2\x80\xa6""",
2018-04-20 19:04:53,"b' #ringstruck4 Jesus Christ this was bloody difficult\n\nI know mine are weird, but these growing up made me realise why I love wres\xe2\x80\xa6 https://t.co/DN9WCsoOR7'",
2018-04-20 19:04:53,b' #ringstruck4 Love what @WrestlingSheet started \n\n4 wrestling matches or moments that describe why you got into Wrestling! Let me\xe2\x80\xa6 https://t.co/PYTdLeUFgi',
2018-04-20 19:04:51,b' #ringstruck4 @WrestlingSheet My favourite four matches are.\n\n1 the first TLC match at summer slam this kickstarted my love for w\xe2\x80\xa6 https://t.co/v90sPIAgD0',
2018-04-20 19:04:41,"b""These matches are why I'm a pro wrestling fan #ringstruck4 https://t.co/wDsRIrM7HD""",
2018-04-20 19:04:37,b'4 of my favorite matches. I still go back and watch these for fun and enjoy them.  #ringstruck4 https://t.co/Ov106f8Qqp',
2018-04-20 19:04:29,b' #ringstruck4 Here we go: \n\nMacho Man vs. Hogan WM5\n\nStone Cold vs. Bret Hart SS 96\xe2\x80\x99\n\nDDP vs Raven Spring Stampede 98\xe2\x80\x99\n\nChris Ben\xe2\x80\xa6 https://t.co/MClJhZ59Et',
2018-04-20 19:04:28,b'#ringstruck4 There are more than 4 but these are the four that always come to mind https://t.co/kY0Na2CnQT',
2018-04-20 19:04:21,b'Been a fan for over 20 years and my #RingStruck4 makes it look like I just started watching last week. https://t.co/cnDy9kLubE',
2018-04-20 19:04:19,"b'@ryansatin @chillhartman This one was hard. Also, triple threat matches are awesome. #RingStruck4 https://t.co/nk5s8fA52e'",
2018-04-20 19:04:09,"b""#RingStruck4\nGreat story\nAnything can happen\nYou accept its sports and entertainment\nBut when it's sports, hell of\xe2\x80\xa6 https://t.co/huRxC9FI6L""",
2018-04-20 19:03:58,"b' #ringstruck4 this is why i love lists like this. \n\nempty arena match sighting! \n\n(honestly, a hell of an advertising campaign fo\xe2\x80\xa6 https://t.co/EK6fQaIoDi'",
2018-04-20 19:03:58,b'it was impossible to pick only 4 #ringstruck4 https://t.co/iTorYTuurg',
2018-04-20 19:03:47,"b"" #ringstruck4 It's really hard for me to pinpoint what four matches made me in the wrestling fan I am today because there are so\xe2\x80\xa6 https://t.co/VGnkXso9uy""",
2018-04-20 19:03:46,b' #ringstruck4 4 matches that meant something to me. Savage during his early WWF heel run was constant gold. Bret Hart couldn\xe2\x80\x99t fa\xe2\x80\xa6 https://t.co/PSOKDo5Nc7',
2018-04-20 19:03:36,b'Favorites of my childhood!\n#ringstruck4 https://t.co/DqBwWyFo6r',
2018-04-20 19:03:26,b'#RingStruck4\nUndertaker vs Mankind King of The Ring 1998\nKurt Angle vs Shane McMahon King of the Ring 2001\nKane vs\xe2\x80\xa6 https://t.co/cJTfOIjE32',
2018-04-20 19:03:21,b'#RingStruck4\n\nAustin/Rock @ wrestlemania 17\n\nBlackman/Shane McMahon @ SummerSlam \n\n6 man hell in a cell @ Armageddo\xe2\x80\xa6 https://t.co/TxAk0h3wu8',
2018-04-20 19:03:08,"b"" #ringstruck4 @WrestlingSheet \xe2\x80\xa2 Trish vs. Lita made me see women's wrestling in a new light.\n\xe2\x80\xa2 Hamada vs. Alissa Flash led me to\xe2\x80\xa6 https://t.co/LnQeNcZz9q""",
2018-04-20 19:03:00,b'@GGGdeuce @Kattysz1983 what\xe2\x80\x99s your #RingStruck4 ??? \xf0\x9f\xa4\x94',
2018-04-20 19:02:27,b'There\xe2\x80\x99s so many more i\xe2\x80\x99d love to add #RingStruck4 https://t.co/YwFJ3kG3rw',
2018-04-20 19:01:52,b' #ringstruck4 RT @WrestlingSheet: the movie version of this brought some incredible discussion - so this felt needed..\n\nwe want to see the four matches t\xe2\x80\xa6',
2018-04-20 19:01:45,"b' #ringstruck4 @WrestlingSheet Rock/Austin WMX7, Rock/Mankind Empty Arena match, Punk/Cena MITB, Great Muta/Jushin Liger\xe2\x80\xa6 https://t.co/L8mWXG8BwF'",
2018-04-20 19:01:32,"b' #ringstruck4 Vader vs Stan Hansen\nPunk vs Joe\nOwen vs Bret\nAnd the match that showed me just how badass and tough @WWEAsuka is,\xe2\x80\xa6 https://t.co/g2gdfXpWGA'",
2018-04-20 19:01:30,b'4 matches that come to mind! These matches always remind me why I love wrestling so much!  #ringstruck4 https://t.co/WpH1sAsI6w',"Place(_api=<tweepy.api.API object at 0x000002291786AFD0>, id='776bc3a7f14c1999', url='https://api.twitter.com/1.1/geo/id/776bc3a7f14c1999.json', place_type='city', name='Littlehampton', full_name='Littlehampton, England', country_code='GB', country='United Kingdom', contained_within=[], bounding_box=BoundingBox(_api=<tweepy.api.API object at 0x000002291786AFD0>, type='Polygon', coordinates=[[[-0.559316, 50.8023182], [-0.44007, 50.8023182], [-0.44007, 50.837863], [-0.559316, 50.837863]]]), attributes={})"
2018-04-20 19:01:25,b' #ringstruck4 @WrestlingSheet Savage/Steamboat was the 1st match that stuck w/me to this day &amp; fave w/gun to my head. Loved the b\xe2\x80\xa6 https://t.co/ezNYONQcNM',
2018-04-20 19:01:16,b'#ringstruck4\nThese four are all great but still my fav match and the first match i ever saw is @SamoaJoe\xe2\x80\xa6 https://t.co/ZKoIAkrjt4',
2018-04-20 19:00:54,b'these matches made me the wrestling fan i am today along with others but these 4 are my top #ringstruck4 https://t.co/XUq2dnmm8u',
2018-04-20 19:00:53,b'@WrestlingSheet Probably these\n\n#RingStruck4 https://t.co/ehfblExWHn',
2018-04-20 19:00:50,"b'#RingStruck4... not my 4 favorite matches ever, but 4 underrated matches I loved. https://t.co/IYXUTFe1K3'",
2018-04-20 19:00:28,b' #ringstruck4 Stone Cold vs @BretHart \nTully Blanchard vs Magnum TA\nSteamboat vs Savage\nBruiser Brody vs Abdullah the Butcher\xe2\x80\xa6 https://t.co/SbWC30Gb7s',
2018-04-20 19:00:23,"b""#ringstruck4 \n\nI gauged this fully on how many times I've watched a match and every single one of these I've watche\xe2\x80\xa6 https://t.co/5fpHl6Jlqv""",
2018-04-20 19:00:14,b'@WrestlingSheet this shit was difficult. #ringstruck4 https://t.co/PfIoHrxJr6',
2018-04-20 19:00:13,b'#RingStruck4\n\nI love wrestling. These matches and respective rivalries kept me afloat as a fan and as a friggin\xe2\x80\x99 pe\xe2\x80\xa6 https://t.co/3XRGEZhJhD',
2018-04-20 19:00:12,b'Wait is the #GameStruck4 not a thing now?as now seeing #ringstruck4 \xf0\x9f\x98\x95',
2018-04-20 18:59:25,b'#RingStruck4 \nThis was hard. ask me again in a couple months and the bottom two will be different https://t.co/YKY2FjwveJ',
2018-04-20 18:59:02,"b"" #ringstruck4 I wanted to add Savage/Steamboat from WM3 to this as that's probably my all time fav match but I feel like these sh\xe2\x80\xa6 https://t.co/tmBXGr2bps""",
2018-04-20 18:58:53,b'My #RingStruck4 are the four matches that pulled me deeper into wrestling fandom at different times of my life https://t.co/WBnptgOLv4',
2018-04-20 18:58:52,"b'RT @ryansatin: Great idea, @chillhartman!  \n\n#ringstruck4 https://t.co/C3KO4Gb0Mq'",
2018-04-20 18:58:51,b'Four matches that honestly changed how I looked at professional wrestling\n#ringstruck4 https://t.co/sFSAd93jna',
2018-04-20 18:58:45,"b' #ringstruck4 RT @chillhartman: yes four VERY different matches, but all four equally important to me consistently being into this art form. \n\n#ringstruc\xe2\x80\xa6'",
2018-04-20 18:58:43,"b""Sure I'll play this one.\n\n#RingStruck4 https://t.co/K6LyDXVY9Z""",
2018-04-20 18:58:34,b' #ringstruck4 Batista vs HHH was one of the first matches I remember being invested in. \n\nOkada vs Kenny is still probably the be\xe2\x80\xa6 https://t.co/UXjy1g6Q2w',
2018-04-20 18:58:32,"b'Here are my picks, and I will follow up with the reason for each. #RingStruck4 https://t.co/alg3R29jVF'",
2018-04-20 18:58:30,b' #ringstruck4 RT @WrestlingSheet: savage vs warrior in the retirement match at wrestlemania 7 is awe inducing. \n\nsavage hitting elbow after elbow kept no\xe2\x80\xa6',
2018-04-20 18:58:24,b'RT @WrestlingSheet: trish vs mickie is and remains underrated as hell for how incredible that storytelling was. \n\n#ringstruck4 https://t.co\xe2\x80\xa6',
2018-04-20 18:58:20,"b'Three very different matches, all hugely responsible for making me a fan (or making me a fan again)\n\n#RingStruck4 https://t.co/aY4YczxRRm'",
2018-04-20 18:58:18,b'#RingStruck4\nKota Ibushi vs. Nick Jackson vs. El Generico vs. Jigsaw (King of Trios 2009)\nRazor Ramon vs. Shawn Mic\xe2\x80\xa6 https://t.co/pLPws2uTdk',
2018-04-20 18:58:08,b'#RingStruck4 \n\nWarrior/Savage - Best story told through a match and post match.\n\nHart/Austin - The greatest rollerc\xe2\x80\xa6 https://t.co/DUJWNr3E9V',
2018-04-20 18:58:01,"b' #ringstruck4 These @WWE matches sparked and sustained a love of story telling, athleticism, character driven wrestling. This is\xe2\x80\xa6 https://t.co/E6TzGX90dv'",
2018-04-20 18:57:52,b'#RingStruck4 these matches are why I love professional wrestling. https://t.co/alRbSm0beL',
2018-04-20 18:57:46,b'#RingStruck4\n\n\xe2\x80\x9cYou\xe2\x80\x99re such a @CMPunk homer. Blah blah blah\xe2\x80\x9d\n\nShut up. He got me back into wrestling and both of tho\xe2\x80\xa6 https://t.co/DMz3rWhiCC',
2018-04-20 18:57:39,b'it was hard for me to pick 4 but these are the ones that came to mind #ringstruck4 https://t.co/djDhSx6QHo',
2018-04-20 18:57:24,b' #ringstruck4 RT @WrestlingSheet: savage vs warrior in the retirement match at wrestlemania 7 is awe inducing. \n\nsavage hitting elbow after elbow kept no\xe2\x80\xa6',
2018-04-20 18:57:17,b'@WrestlingSheet #ringstruck4 @HEELZiggler is underrated per usual but the dude delivered (still does) some of the m\xe2\x80\xa6 https://t.co/BZBf8XiqND',
2018-04-20 18:57:11,b' #ringstruck4 RT @WrestlingSheet: the movie version of this brought some incredible discussion - so this felt needed..\n\nwe want to see the four matches t\xe2\x80\xa6',
2018-04-20 18:57:08,b'4 matches that made me the wrestling fan I am today #RingStruck4 \n\nMania 21 @TripleH @DaveBautista \nJudgement Day 2\xe2\x80\xa6 https://t.co/iECHJS4z4r',"Place(_api=<tweepy.api.API object at 0x000002291786AFD0>, id='513372d74ee7530b', url='https://api.twitter.com/1.1/geo/id/513372d74ee7530b.json', place_type='city', name='Ayr', full_name='Ayr, Scotland', country_code='GB', country='United Kingdom', contained_within=[], bounding_box=BoundingBox(_api=<tweepy.api.API object at 0x000002291786AFD0>, type='Polygon', coordinates=[[[-4.665446, 55.425487], [-4.5843871, 55.425487], [-4.5843871, 55.506649], [-4.665446, 55.506649]]]), attributes={})"
2018-04-20 18:57:01,"b""I didn't become a wrestling fan until 2014 so, mine are all newish. #ringstruck4 https://t.co/gMCOkcsIQE""",
2018-04-20 18:56:38,b' #ringstruck4 -Bret Vs Austin at WM13\n-Savage vs Steamboat at WM3\n-Steiners vs Sting and Luger at Superbrawl\n-Sting vs Muta at Ba\xe2\x80\xa6 https://t.co/vAIi4iWVia',
2018-04-20 18:56:17,b' #ringstruck4 RT @WrestlingSheet: savage vs warrior in the retirement match at wrestlemania 7 is awe inducing. \n\nsavage hitting elbow after elbow kept no\xe2\x80\xa6',
2018-04-20 18:55:49,"b'#ringstruck4 First PPV main event I saw, Favorite Match Ever, Favorite match I attended live and first NXT Takeover\xe2\x80\xa6 https://t.co/uli9hNnogv'",
2018-04-20 18:55:48,b' #ringstruck4 savage vs warrior in the retirement match at wrestlemania 7 is awe inducing. \n\nsavage hitting elbow after elbow kep\xe2\x80\xa6 https://t.co/tHXxhUjvhY',
2018-04-20 18:55:47,b'All matches that meant something different to me at some point of my wrestling fandom. #RingStruck4 https://t.co/MWQ6zARvp8',
2018-04-20 18:55:24,"b""#RingStruck4 \nNot so much 'what shaped me into my wrestling fan', but more of my favourite matches. https://t.co/pKuh9Mz4Cj""",
2018-04-20 18:55:15,b' #ringstruck4 RT @WrestlingSheet: the movie version of this brought some incredible discussion - so this felt needed..\n\nwe want to see the four matches t\xe2\x80\xa6',
2018-04-20 18:55:04,b'Nothing too crazy in my choices. But what a nice trip down memory lane. \n\n#RingStruck4 https://t.co/ZIbWwQs9FG',
2018-04-20 18:55:02,b'I love the concept of #RingStruck4. However it will take me a totally unnecessary amount of time to decide!',
2018-04-20 18:54:56,b'#RingStruck4. Bret vs Owen at wrestlemania 10 gets an honorable mention. https://t.co/V15EuZq7H0',
2018-04-20 18:54:47,b' #ringstruck4 The reason I picked these matches is because it\xe2\x80\x99s matches like these that keep my love for wrestling alive and well\xe2\x80\xa6 https://t.co/G3OnnVLfFR',
2018-04-20 18:54:30,"b' #ringstruck4 Jerry Lawler vs Eddie Gilbert (Mid-South Colosseum), Hogan vs Warrior (Title for Title), Shawn Michaels vs Razor Ra\xe2\x80\xa6 https://t.co/QTiPsJX7eX'",
2018-04-20 18:54:27,b'RT @WrestlingSheet: trish vs mickie is and remains underrated as hell for how incredible that storytelling was. \n\n#ringstruck4 https://t.co\xe2\x80\xa6',
2018-04-20 18:54:20,b'@WrestlingSheet This was even more difficult than the games or movies.  #RingStruck4 https://t.co/HghISQekBN',
2018-04-20 18:53:57,"b'#RingStruck4 People asked our favorite matches on our wrestlemania recap the other week, and we never got around to\xe2\x80\xa6 https://t.co/WdkADW1eyn'",
2018-04-20 18:53:42,b'This was hard. #ringstruck4 https://t.co/I77hhLUWhU',
2018-04-20 18:53:40,"b'@WrestlingSheet Pretty much these 4, since I can only list 4.\n#RingStruck4 https://t.co/gbsnfP0sJV'",
2018-04-20 18:53:16,"b' #ringstruck4 Jesus, this is hard. I know of two that\xe2\x80\x99d be on here. But the other two? BAAAAAH fuck it, it\xe2\x80\x99s hard. Right, context\xe2\x80\xa6 https://t.co/fcGuBmC1Sv'",
2018-04-20 18:53:07,b' #ringstruck4 undertaker vs jeff hardy on raw is incredible. the match that really locked jeff in as a superstar all his own.\xe2\x80\xa6 https://t.co/fXS5ALMmfX',
2018-04-20 18:53:05,b'@WrestlingSheet These are all great matches in my opinion. #ringstruck4 https://t.co/azFd90dq40',
2018-04-20 18:52:40,b' #ringstruck4 RT @WrestlingSheet: the movie version of this brought some incredible discussion - so this felt needed..\n\nwe want to see the four matches t\xe2\x80\xa6',
2018-04-20 18:52:30,"b""#ringstruck4 \nThese 4 stood out for me. As a kid watching WWE in the 90s I don't remember match quality much, only\xe2\x80\xa6 https://t.co/ORTe5i67Ve""",
2018-04-20 18:52:27,b' #ringstruck4 @WrestlingSheet A lot of relatively recent ones. Styles/Daniels/Joe had stood as my all time favourite for so long\xe2\x80\xa6 https://t.co/Xgrxu1OB8u',
2018-04-20 18:52:26,"b""#ringstruck4 \n\nWhat's yours? \n\nSting/Cage vs. Jarrett/Brown (raised my interest in TNA)\nHart vs. Piper (First WWE m\xe2\x80\xa6 https://t.co/JGF4HuoMwf""",
2018-04-20 18:52:20,b'These are the only one of these that I care about #RingStruck4 https://t.co/gwfk8YmRBZ',
2018-04-20 18:51:22,"b'#ringstruck4 is killing me. So many to choose from! But from me being a child, becoming captivated with wrestling,\xe2\x80\xa6 https://t.co/w8W6t77xk2'","Place(_api=<tweepy.api.API object at 0x000002291786AFD0>, id='06168d1feda43857', url='https://api.twitter.com/1.1/geo/id/06168d1feda43857.json', place_type='admin', name='South East', full_name='South East, England', country_code='GB', country='United Kingdom', contained_within=[], bounding_box=BoundingBox(_api=<tweepy.api.API object at 0x000002291786AFD0>, type='Polygon', coordinates=[[[-1.95729593780907, 50.5746064789388], [1.45178800018019, 50.5746064789388], [1.45178800018019, 52.1962850088601], [-1.95729593780907, 52.1962850088601]]]), attributes={})"
2018-04-20 18:51:16,"b'RT @ryansatin: Great idea, @chillhartman!  \n\n#ringstruck4 https://t.co/C3KO4Gb0Mq'",
2018-04-20 18:51:04,"b""So this was my original #RingStruck4, but I have so many more matches that mean the world to me. I'm just gonna mak\xe2\x80\xa6 https://t.co/8vQ4FRlJ8H""",
2018-04-20 18:50:26,"b""this came together pretty easy, but hm, #ringstruck4\n\nthat's gonna take some thinking https://t.co/XI9yeAoOtg""",
2018-04-20 18:50:06,"b'RT @ryansatin: Great idea, @chillhartman!  \n\n#ringstruck4 https://t.co/C3KO4Gb0Mq'",
2018-04-20 18:49:44,b' #ringstruck4 4 matches where the competitors told a story inside the ring and out. I was on the edge of my seat at a young age w\xe2\x80\xa6 https://t.co/jMD1eua8z3',
2018-04-20 18:49:33,b'#ringstruck4 There\xe2\x80\x99s way more than just 4 but I tried to narrow it down https://t.co/E7JNxyjBPz',
2018-04-20 18:49:33,b'The 4 that come to mind #RingStruck4 https://t.co/Qn1DqGgTjZ',
2018-04-20 18:49:10,"b'Two of my favorite matches took place on the same PPV, Wrestlemania 17. Such a perfect event. #RingStruck4 https://t.co/129XuEKwo8'",
2018-04-20 18:48:54,"b' #ringstruck4 There is so many great matches but these 4 made me live wrestling in a completely different way.\nHardcore, high fly\xe2\x80\xa6 https://t.co/dZWATnFhCX'","Place(_api=<tweepy.api.API object at 0x000002291786AFD0>, id='012c447f4ce72363', url='https://api.twitter.com/1.1/geo/id/012c447f4ce72363.json', place_type='admin', name='Heredia', full_name='Heredia, Costa Rica', country_code='CR', country='Costa Rica', contained_within=[], bounding_box=BoundingBox(_api=<tweepy.api.API object at 0x000002291786AFD0>, type='Polygon', coordinates=[[[-84.2022247, 9.9435368], [-83.7017059, 9.9435368], [-83.7017059, 10.7896442], [-84.2022247, 10.7896442]]]), attributes={})"
2018-04-20 18:48:49,b'RT @DanRyckert: First four I thought of for #RingStruck4 https://t.co/ApFruOuDBj',
2018-04-20 18:48:36,b' #ringstruck4 -Greatest 3-way of all time\n-That great final sequence with SCSA and Linda and the crowd reaction\n-Technical master\xe2\x80\xa6 https://t.co/XfDlfa6CGx',
2018-04-20 18:48:34,"b'RT @ryansatin: Great idea, @chillhartman!  \n\n#ringstruck4 https://t.co/C3KO4Gb0Mq'",
2018-04-20 18:48:25,"b'RT @ryansatin: Great idea, @chillhartman!  \n\n#ringstruck4 https://t.co/C3KO4Gb0Mq'",
2018-04-20 18:48:07,b'#ringstruck4 In no particular order. These 4 represent the matches that shaped me! Cena vs JBl is the first hardcor\xe2\x80\xa6 https://t.co/2ta7XedZzK',
2018-04-20 18:47:53,b' #ringstruck4 RT @WrestlingSheet: the movie version of this brought some incredible discussion - so this felt needed..\n\nwe want to see the four matches t\xe2\x80\xa6',
2018-04-20 18:47:42,"b""here's my #ringstruck4 https://t.co/89YRCNjzDr""",
2018-04-20 18:47:35,b' #ringstruck4 @WrestlingSheet \n1. HHH vs HBK SS2002\n2. Flair vs Funk I quit\n3. Luger vs Flair (the one where Sting slaps Luger to\xe2\x80\xa6 https://t.co/vhcoGiZtqv',
2018-04-20 18:47:31,b' #ringstruck4 razor vs shawn at wrestlemania 10 is still the quintessential match you show people when they want to know what a w\xe2\x80\xa6 https://t.co/KdudEwxGFw',
2018-04-20 18:47:09,b'Had to include fellow St Ed\xe2\x80\x99s Eagles @HEELZiggler and @JohnnyGargano in my #ringstruck4 @WrestlingSheet as well as\xe2\x80\xa6 https://t.co/LeEY2KZQZk',
2018-04-20 18:46:47,"b'Great idea, @chillhartman!  \n\n#ringstruck4 https://t.co/C3KO4Gb0Mq'",
2018-04-20 18:45:43,b'The #RingStruck4 is so difficult',
2018-04-20 18:45:00,b'This was tough. #ringstruck4 https://t.co/joSWpJ11ep',
2018-04-20 18:45:00,b' #ringstruck4 John Cena vs CM Punk MITB 2011.\nSami Zayn vs Shinsuke Nakamura NXT Dallas.\nSasha Banks vs Bayley 30 minute Ironman\xe2\x80\xa6 https://t.co/eVsTmAZdzD',
2018-04-20 18:44:34,"b'@WrestlingSheet #ringstruck4 \nWm 6 began my love, wm 12 solidified it.  Cena/edge brought me back after a 3 year hi\xe2\x80\xa6 https://t.co/Jm0aWaGZpg'",
2018-04-20 18:44:27,"b"" #ringstruck4 Man this is tough @WrestlingSheet and my answer would probably change each time you ask, but here's some greats tha\xe2\x80\xa6 https://t.co/0FhgvEmfTg""",
2018-04-20 18:44:12,"b' #ringstruck4 These four matches, are some of my favorites and really shape the way I think about wrestling. \nIf it was longer I\xe2\x80\xa6 https://t.co/uQ0ufJLgRQ'",
2018-04-20 18:43:26,b'First four I thought of for #RingStruck4 https://t.co/ApFruOuDBj',
2018-04-20 18:42:51,b'Those 4 matches cover everything I love about pro wrestling #ringstruck4 https://t.co/J4dMqthdMq',
2018-04-20 18:42:47,"b"" #ringstruck4 *Ubiquitous comment about how difficult this was*\n\n1.Cemented my fandom &amp; turned me into a devotee of women's wrest\xe2\x80\xa6 https://t.co/YuclhX5DM9""",
2018-04-20 18:42:09,b'RT @WrestlingSheet: trish vs mickie is and remains underrated as hell for how incredible that storytelling was. \n\n#ringstruck4 https://t.co\xe2\x80\xa6',
2018-04-20 18:42:03,"b'Just did a #RingStruck4 and it was harder than any list I\xe2\x80\x99ve ever made. Looking at the hashtag, there\xe2\x80\x99s literally no wrong answer.'",
2018-04-20 18:41:42,b'None will ever live up to these #ringstruck4 https://t.co/GZxVoX3NYd',
2018-04-20 18:41:05,b' #ringstruck4 -@SamoaJoe vs @CMPunk I (ROH World Title Classic in Dayton)\n-Benoit vs @RealKurtAngle RR03\n-HHH/HBK/Benoit WMXX\n-Th\xe2\x80\xa6 https://t.co/VhaukpN3q2',
2018-04-20 18:40:59,b'#ringstruck4 this was so difficult https://t.co/iasj4ukVkY',
2018-04-20 18:40:46,"b'4 of my favourites matches, it covers the time from when I started watching wrestling to now #ringstruck4 https://t.co/heryt7U29k'",
2018-04-20 18:40:45,"b"" #ringstruck4 Oh shit there's a wrestling one?!\n\nThese four matches helped define what I believe wrestling is and should be\xe2\x80\xa6 https://t.co/JkqnupB5ii""",
2018-04-20 18:40:38,"b'#ringstruck4\n\nOwen winning clean, Biggest main event of my childhood, Ax &amp; Smash pulling 1 &amp; 2 and me going ape shi\xe2\x80\xa6 https://t.co/GbZYtHHOl5'",
2018-04-20 18:40:08,b'RT @WrestlingSheet: trish vs mickie is and remains underrated as hell for how incredible that storytelling was. \n\n#ringstruck4 https://t.co\xe2\x80\xa6',
2018-04-20 18:39:56,"b' #ringstruck4 RT @chillhartman: yes four VERY different matches, but all four equally important to me consistently being into this art form. \n\n#ringstruc\xe2\x80\xa6'",
2018-04-20 18:39:46,b' #ringstruck4 RT @WrestlingSheet: the movie version of this brought some incredible discussion - so this felt needed..\n\nwe want to see the four matches t\xe2\x80\xa6',
2018-04-20 18:39:20,"b'Not matches, but 4 wrestlers who defined my taste and got me hooked. #ringstruck4 @WrestlingSheet https://t.co/Kpdh3bdHwL'",
2018-04-20 18:38:23,b'RT @WrestlingSheet: trish vs mickie is and remains underrated as hell for how incredible that storytelling was. \n\n#ringstruck4 https://t.co\xe2\x80\xa6',
2018-04-20 18:38:22,b'@WrestlingSheet Loved these as a teen and still love them now. \n#ringstruck4 https://t.co/RXQOclzzmp',
2018-04-20 18:38:14,b'RT @JoshSchippe: I can\xe2\x80\x99t do #ringstruck4. It\xe2\x80\x99s too difficult.',
2018-04-20 18:37:56,"b'My #ringstruck4 are the match that got me into it (Hart v. Hart), the match that gave me my childhood hero (Hell in\xe2\x80\xa6 https://t.co/EsFkmCOe7t'",
2018-04-20 18:37:55,b'trish vs mickie is and remains underrated as hell for how incredible that storytelling was. \n\n#ringstruck4 https://t.co/nS5XEM6qjE',
2018-04-20 18:37:20,"b"" #ringstruck4 @WrestlingSheet I'm sad that I had to limit it to just four. Each one marked a seismic shift for me as a fan.\xe2\x80\xa6 https://t.co/cN2v5cotYN""",
2018-04-20 18:36:46,b' #ringstruck4 The 4 matches that stand out the most as my absolute favorite and among the reasons why I love Pro Wrasslin to this\xe2\x80\xa6 https://t.co/UceqbH7hSq',
2018-04-20 18:36:35,"b""#ringstruck4 \nThese aren't the best in-ring matchs that I have seen but they are the ones I have most excited to se\xe2\x80\xa6 https://t.co/h3ML5PE1oW""",
2018-04-20 18:35:46,b' #ringstruck4 hogan vs warrior was SUCH a killer main event for its time. sure we laugh about in ring skills now but damn if they\xe2\x80\xa6 https://t.co/E1FFAgLV4N',
2018-04-20 18:35:04,"b' #ringstruck4 RT @CenationHLR6: These 4 matches represented everything I love about the WWE, the storytelling for all of these were simply fantastic and\xe2\x80\xa6'",
2018-04-20 18:34:56,b' #ringstruck4 RT @WrestlingSheet: the movie version of this brought some incredible discussion - so this felt needed..\n\nwe want to see the four matches t\xe2\x80\xa6',
2018-04-20 18:34:32,b'#ringstruck4 Hard to choose just 4 but these definitely capture everything I love about wrestling. https://t.co/jKi4yqte2m',
2018-04-20 18:33:40,b' #ringstruck4 royal rumble 2000 with hhh vs cactus jack is still one of the more brutal WWE things i have ever watched.\xe2\x80\xa6 https://t.co/HK0aoUZ0ky',
2018-04-20 18:33:30,b'I can\xe2\x80\x99t do #ringstruck4. It\xe2\x80\x99s too difficult.',
2018-04-20 18:33:27,b' #ringstruck4 @WrestlingSheet In no particular order:\n\nTrish Stratus vs Mickie James at Wrestlemania 22\nEdge vs John Cena in a La\xe2\x80\xa6 https://t.co/YdE2zNCvzG',
2018-04-20 18:32:39,b' #ringstruck4 Rock&amp;Austin: my 2 idols clashing at Mania for the title on my birthday\nPunk&amp;Cena: rekindled and increased my intere\xe2\x80\xa6 https://t.co/LV7Txo5j5S',
2018-04-20 18:32:06,b' #ringstruck4 4 of my favourite ever wrestling matches. These matches helped shape me as a wrestling fan and made me a lifelong f\xe2\x80\xa6 https://t.co/Mhhoaszq62',
2018-04-20 18:31:56,b'Here is my #RingStruck4 https://t.co/ys505bCGY8',
2018-04-20 18:31:50,b'Off the very top of my head for #ringstruck4:\n\nMichaels/Undertaker I\nBayley/Banks (Takeover)\nBryan - night of WM30\xe2\x80\xa6 https://t.co/VC6ciO0roj',
2018-04-20 18:31:23,b'RT @OGHeadHoncho: These 4 matches have each all reassured my passion for Professional Wrestling in one way or another. #RingStruck4 https:/\xe2\x80\xa6',
2018-04-20 18:31:22,b'Iconic Matches Only. #Ringstruck4 https://t.co/mlOilpoN3L',
2018-04-20 18:31:13,"b' #ringstruck4 10 year old me LOVED when Austin counted his own 3 count at over the edge, first match I properly remember. 2001 ru\xe2\x80\xa6 https://t.co/rn71Q4UjCX'",
2018-04-20 18:30:48,b' #ringstruck4 The match that first got me hooked\nThe main event of my all time favourite (and most watched) show \nThe mind-blowin\xe2\x80\xa6 https://t.co/H36C6QULzV',
2018-04-20 18:30:37,b' #ringstruck4 RT @WrestlingSheet: zayn vs nakamura is one of the most recently forgotten but absolutely fire matches. such an incredible atmosphere that\xe2\x80\xa6',
2018-04-20 18:30:32,"b"" #ringstruck4 HHH vs. Cactus Jack - RR '00\nStone Cold vs. Kurt Angle - S'Slam '01\nCM Punk vs. John Cena - MITB '11\nBayley vs. Sas\xe2\x80\xa6 https://t.co/FVmN7egugy""",
2018-04-20 18:30:08,b'These 4 matches have each all reassured my passion for Professional Wrestling in one way or another. #RingStruck4 https://t.co/5Y8F4meRXA',
2018-04-20 18:30:03,b' #ringstruck4 From my first time watching wrestling to my hero finally beating Austin to amazing performers that showed me there\xe2\x80\x99\xe2\x80\xa6 https://t.co/EZMhjO1Mif',
2018-04-20 18:29:56,b' #ringstruck4 @WrestlingSheet 3 of my all time favs and the match that brought me back after years of not watching anymore\xe2\x80\xa6 https://t.co/YisPY1h5pz',
2018-04-20 18:29:23,b'Honorable mention to this match #ringstruck4 https://t.co/hB5f7TmPib',
2018-04-20 18:29:15,b'#ringstruck4 \n\nTLC 1 was my first favorite PPV match\n\nTriple H vs Shawn Michaels build was great and this match was\xe2\x80\xa6 https://t.co/qMMynD0thk',
2018-04-20 18:28:30,b'This was too hard.\n\n#ringstruck4 https://t.co/vEHTIewXaV',
2018-04-20 18:27:57,"b' #ringstruck4 This was so tough! But from childhood to adulthood, I think I picked well. Looking forward to see everyone\xe2\x80\x99s choice\xe2\x80\xa6 https://t.co/JxB3rd1653'",
2018-04-20 18:27:51,"b' #ringstruck4 As a kid, it made me so upset when Jeff Hardy was ""forced"" to leave WWE lmao\n\nJust started to watch WWE again a yea\xe2\x80\xa6 https://t.co/HQtLTSm0OL'",
2018-04-20 18:27:47,b'Here is mine #ringstruck4 https://t.co/qNjRpmSExO',
2018-04-20 18:27:46,"b' #ringstruck4 @WrestlingSheet #1 turned me into a wrestling fan at age 9.\n\n#2 instantly made me an ROH fan &amp; in turn, lead me to\xe2\x80\xa6 https://t.co/bI3rBv7QVC'",
2018-04-20 18:27:11,b'@WrestlingSheet #ringstruck4 Im legit not even an HBK fan either https://t.co/JZXK08tr1r',
2018-04-20 18:25:20,b'@WrestlingSheet All different styles that helped shape my fandom. #ringstruck4 https://t.co/l2hyRjYlaq',
2018-04-20 18:18:50,b'@WrestlingSheet This was very difficult \n#ringstruck4 https://t.co/uqik0nCJvq',
2018-04-20 18:18:02,b'#ringstruck4 \nThought I\xe2\x80\x99d join in! https://t.co/Dg6LCHnyL1',
2018-04-20 18:17:57,b' #ringstruck4 RT @WrestlingSheet: zayn vs nakamura is one of the most recently forgotten but absolutely fire matches. such an incredible atmosphere that\xe2\x80\xa6',
2018-04-20 18:17:35,b'@WrestlingSheet #ringstruck4 \nKurt Angle vs Shawn Michaels at Wrestlemania 21\nJohn Cena vs CM Punk at Money in the\xe2\x80\xa6 https://t.co/hnQjZgh32X',
2018-04-20 18:17:18,b'fuck it why not\n#ringstruck4 https://t.co/q3Yrv9auim',
2018-04-20 18:16:20,b' #ringstruck4 RT @WrestlingSheet: zayn vs nakamura is one of the most recently forgotten but absolutely fire matches. such an incredible atmosphere that\xe2\x80\xa6',
2018-04-20 18:15:41,b' #ringstruck4 zayn vs nakamura is one of the most recently forgotten but absolutely fire matches. such an incredible atmosphere t\xe2\x80\xa6 https://t.co/B4E92BicgC',
2018-04-20 18:15:16,"b""Doing the #ringstruck4 is hard for me. So many matches to choose from. I've shortened my list to:\n\nRock Vs Austin W\xe2\x80\xa6 https://t.co/X88hjqZB0x""",
2018-04-20 18:15:02,b'rhodes family vs shield was \xf0\x9f\x94\xa5\xf0\x9f\x94\xa5\xf0\x9f\x94\xa5\n\n#ringstruck4 https://t.co/UXUQB97LPk',
2018-04-20 18:14:17,b' #ringstruck4 For Me: \n\nRock v Austin WWE WM 17\nDanielson v Joe v Styles IWA:MS TPI 2004\nDo Fixers v Blood Generation ROH Super C\xe2\x80\xa6 https://t.co/93JX58uVqZ',
2018-04-20 18:13:57,b'RT @ProGrapsRatings: #ringstruck4 . How to limit it to just 4 is insane but I tried. https://t.co/K045u9zk6S',
2018-04-20 18:13:32,b' #ringstruck4 @WrestlingSheet It was tough moving Bayley vs Sasha out but being there for Johnny vs Ciampa it\xe2\x80\x99s too special to le\xe2\x80\xa6 https://t.co/iuEmPe5WRD',
2018-04-20 18:13:09,b'okay twitter is finally unborked. \n\ncontinue with your four favorite matches of all time using #ringstruck4\n\nlove s\xe2\x80\xa6 https://t.co/CthE8cAkfP',
2018-04-20 18:12:45,b'Might as well toss in on this one...\n\n#ringstruck4 https://t.co/DYrI3D4trJ',
2018-04-20 18:12:39,b' #ringstruck4 @WrestlingSheet For Me: \n\nRock v Austin WWE WM 17\nDanielson v Joe v Styles IWA:MS TPI 2004\nDo Fixers v Blood Genera\xe2\x80\xa6 https://t.co/1GipNrq7QI',
2018-04-20 18:12:19,b' #ringstruck4 RT @WrestlingSheet: the movie version of this brought some incredible discussion - so this felt needed..\n\nwe want to see the four matches t\xe2\x80\xa6',
2018-04-20 18:12:16,"b' #ringstruck4 RT @WrestlingSheet: can\xe2\x80\x99t be 4/20 without a little RVD love. \n\n(for real though, that match is incredible if only for the mood / venue)\n\n#r\xe2\x80\xa6'",
2018-04-20 18:12:16,"b'I guess a wrestling version of this ""struck"" thing is floating around so here are my #RingStruck4 Hogan/Rock WM18,\xe2\x80\xa6 https://t.co/uJoIeeJgth'",
2018-04-20 18:11:55,"b' #ringstruck4 can\xe2\x80\x99t be 4/20 without a little RVD love. \n\n(for real though, that match is incredible if only for the mood / venue)\xe2\x80\xa6 https://t.co/ZvsuanfJ3E'",
2018-04-20 18:11:55,b'#ringstruck4  @WrestlingSheet\n\n- Ibushi/Styles: My first real exposure to New Japan \n\n- Rock/Austin II: The Definit\xe2\x80\xa6 https://t.co/ox8JpwtYXu',
2018-04-20 18:11:20,b' #ringstruck4 These 4 matches represented everything I love about the WWE the storytelling for all of these were simply fantastic\xe2\x80\xa6 https://t.co/NECaieeKrj',
2018-04-20 18:11:07,b'#ringstruck4 I just love these four matches idk https://t.co/03PGBO3FkK',
2018-04-20 17:50:23,b' #ringstruck4 Probably one of the hardest lists I\xe2\x80\x99ve ever constructed. I have two NXT matches in there for a reason. I truly beli\xe2\x80\xa6 https://t.co/em2g5HaHyL',
2018-04-20 17:49:24,b'#ringstruck4 . How to limit it to just 4 is insane but I tried. https://t.co/K045u9zk6S',
2018-04-20 17:49:24,"b' #ringstruck4 These 4 matches represented everything I love about the WWE, the storytelling for all of these were simply fantasti\xe2\x80\xa6 https://t.co/it7M4phxG5'",
2018-04-20 17:49:17,"b""@WrestlingSheet There was so many I've probably missed but #ringstruck4 https://t.co/0xssLN9dh3""",
2018-04-20 17:49:11,"b' #ringstruck4 RT @chillhartman: yes four VERY different matches, but all four equally important to me consistently being into this art form. \n\n#ringstruc\xe2\x80\xa6'",
2018-04-20 17:48:29,b' #ringstruck4 RT @WrestlingSheet: the movie version of this brought some incredible discussion - so this felt needed..\n\nwe want to see the four matches t\xe2\x80\xa6',
2018-04-20 17:47:39,b'nothing wrong with that! \n\n@impactwrestling had some absolutely killer matches. \n\n#ringstruck4 https://t.co/W7nSoRcCAP',
2018-04-20 17:47:06,b'@WrestlingSheet #ringstruck4 It was really hard to choose only 4 but these 4 if I had to choose are the matches tha\xe2\x80\xa6 https://t.co/JAYwwis3NT',
2018-04-20 17:46:45,"b' #ringstruck4 these matches ellicited more emotion out of me than anything else, wrestling or otherwise. Four absolute classics a\xe2\x80\xa6 https://t.co/5tjXbJSsjW'",
2018-04-20 17:45:38,"b' #ringstruck4 I rented Unforgiven at Blockbuster as a kid, thinking it was a horror movie. My obsession with wrestling was born t\xe2\x80\xa6 https://t.co/JAI7Ux9NRL'",
2018-04-20 17:44:59,b'RT @Allwrestling420: @WrestlingSheet #ringstruck4 I watched @IMPACTWRESTLING before @WWE \xf0\x9f\x98\x82\xf0\x9f\x98\x82 https://t.co/ajt7gHHsnO',
2018-04-20 17:43:51,b'@WrestlingSheet #ringstruck4 I watched @IMPACTWRESTLING before @WWE \xf0\x9f\x98\x82\xf0\x9f\x98\x82 https://t.co/ajt7gHHsnO',
2018-04-20 17:43:47,"b' #ringstruck4 @WrestlingSheet TBH, I like storylines more than most matches.  So my four favorite were part of my favorite storyl\xe2\x80\xa6 https://t.co/sjLo0kGb4R'","Place(_api=<tweepy.api.API object at 0x000002291786AFD0>, id='dd3b100831dd1763', url='https://api.twitter.com/1.1/geo/id/dd3b100831dd1763.json', place_type='city', name='New Orleans', full_name='New Orleans, LA', country_code='US', country='United States', contained_within=[], bounding_box=BoundingBox(_api=<tweepy.api.API object at 0x000002291786AFD0>, type='Polygon', coordinates=[[[-90.137908, 29.889574], [-89.884108, 29.889574], [-89.884108, 30.075628], [-90.137908, 30.075628]]]), attributes={})"
2018-04-20 17:40:26,"b'#RingStruck4\n\nThe four matches that I can never forget, that helped me fall in loves with the crazy world of profes\xe2\x80\xa6 https://t.co/VKJ6p3usyk'",
2018-04-20 17:40:20,b'Another one! #ringstruck4 @TheRock @steveaustinBSR @JohnCena @CMPunk @BretHart @itsBayleyWWE @SashaBanksWWE https://t.co/1bVvaR6ivp',
2018-04-20 17:39:56,b'i absolutely love that rhyno/slater vs usos made someone\xe2\x80\x99s list. honestly a fantastic match. \n\n#ringstruck4 https://t.co/XESr9d1sg3',
2018-04-20 17:37:16,b'RT @WrestlingSheet: gargano/ ciampa is going to be SUCH a defining match for the new generation of wrestling fans.\n\n#ringstruck4 https://t.\xe2\x80\xa6',
2018-04-20 17:36:22,"b'I guess wrestling twitter is doing #RingStruck4 now, so here are mine:\nSasha Banks vs. Bayley - TakeOver: Brooklyn\xe2\x80\xa6 https://t.co/RumzPCCfro'",
2018-04-20 17:35:37,b'gargano/ ciampa is going to be SUCH a defining match for the new generation of wrestling fans.\n\n#ringstruck4 https://t.co/Veux3P6Tqz',
2018-04-20 17:34:57,b'#RingStruck4 I enjoyed the video game version so maybe we can do this? Fairly large gap from when I watched wrestli\xe2\x80\xa6 https://t.co/io18tW8YVE',
2018-04-20 17:34:03,b' #ringstruck4 @WrestlingSheet Four matches that shaped me into the fan I am??? Easy \nAustin vs Bret is an all time great that int\xe2\x80\xa6 https://t.co/ek1egQjaLy',
2018-04-20 17:33:33,b'@WrestlingSheet I may or may not be a huge NXT fan. \xf0\x9f\x98\x82 #ringstruck4 https://t.co/nJTAU8TIv5',
2018-04-20 17:30:56,b' #ringstruck4 @WrestlingSheet Steamboat vs Savage Mania 3\nHogan vs Andre         Mania 3 \nSteamboat vs Flair     Wrestlewar 89\nMa\xe2\x80\xa6 https://t.co/6V1iRLlBR6',
2018-04-20 17:29:29,b'RT @RustyRages: @WrestlingSheet These are the matches that shaped me into the fan I am today.  #ringstruck4 https://t.co/vm1LNtb82k',
2018-04-20 17:28:45,b'Piper / Hitman never gets enough honestly \n\n#ringstruck4 https://t.co/0E0WeGjMpZ',
2018-04-20 17:27:33,"b' #ringstruck4 RT @chillhartman: yes four VERY different matches, but all four equally important to me consistently being into this art form. \n\n#ringstruc\xe2\x80\xa6'",
2018-04-20 17:27:25,b'RT @RustyRages: @WrestlingSheet These are the matches that shaped me into the fan I am today.  #ringstruck4 https://t.co/vm1LNtb82k',
2018-04-20 17:26:16,b'@WrestlingSheet These are the matches that shaped me into the fan I am today.  #ringstruck4 https://t.co/vm1LNtb82k',
2018-04-20 17:25:58,b'@WrestlingSheet Great storytelling all around #ringstruck4 https://t.co/EYO36igjcS',
2018-04-20 17:25:24,b'@WrestlingSheet #RingStruck4 Man this is gonna be hard...\n\nAustin/Hart Submission match WM13\nKidman/Mysterio/Guerre\xe2\x80\xa6 https://t.co/Rll7XYHA1H',
2018-04-20 17:22:21,b' #ringstruck4 RT @WrestlingSheet: the movie version of this brought some incredible discussion - so this felt needed..\n\nwe want to see the four matches t\xe2\x80\xa6',
2018-04-20 17:22:18,"b' #ringstruck4 RT @chillhartman: yes four VERY different matches, but all four equally important to me consistently being into this art form. \n\n#ringstruc\xe2\x80\xa6'",
2018-04-20 17:22:08,"b' #ringstruck4 yes four VERY different matches, but all four equally important to me consistently being into this art form.\xe2\x80\xa6 https://t.co/Vdl5ExVsJX'",
2018-04-20 17:22:06,b' #ringstruck4 RT @WrestlingSheet: the movie version of this brought some incredible discussion - so this felt needed..\n\nwe want to see the four matches t\xe2\x80\xa6',
2018-04-20 17:21:31,b' #ringstruck4 the movie version of this brought some incredible discussion - so this felt needed..\n\nwe want to see the four match\xe2\x80\xa6 https://t.co/mfa9iD3aW3',
