2018-04-20 20:02:39,b'#HelpCopyAFilm DupliKate &amp; Leopold',California
2018-04-20 20:02:07,b'Be the first to define #helpcopyafilm at https://t.co/25MwhKFay4',California
2018-04-20 20:00:40,b'Space Jam in Feeder #HelpCopyAFilm',California
2018-04-20 20:00:17,b'#HelpCopyAFilm\n\nDrag and drop dead Fred',California
2018-04-20 20:00:04,b'The Doom Generation Loss #HelpCopyAFilm',California
2018-04-20 20:00:01,"b'#HelpCopyAFilm In response to a complaint we received under the US Digital Millennium Copyright Act, we have remove\xe2\x80\xa6 https://t.co/GnE1aGUcF3'",California
2018-04-20 19:59:36,"b'Six Billboards Outside Ebbing, Missouri #HelpCopyAFilm'",California
2018-04-20 19:56:54,b'#HelpCopyAFilm  Scanned By Me',California
2018-04-20 19:56:15,b'#HelpCopyAFilm  Printing Miss Daisy',California
2018-04-20 19:55:49,b'#HelpCopyAFilm  Digital Pirates of the Caribbean',California
2018-04-20 19:54:41,b'Attack Of The Clones\xe2\x80\x99 Clone #HelpCopyAFilm',California
2018-04-20 19:54:34,b'#HelpCopyAFilm Batman vs. Superman: Clone of Justice https://t.co/uiXnl1XvNp',California
2018-04-20 19:54:14,b'#HelpCopyAFilm\nPirating Pirates of the Caribbean \nOn dead mans VHS',California
2018-04-20 19:53:56,b'RT @KeshaTedder: #HelpCopyAFilm Piracy of the Caribbean',California
2018-04-20 19:53:17,b'Beverly Hills Copy (I spent far too much time on this) #HelpCopyAFilm https://t.co/lRiKWPuM2z',California
2018-04-20 19:51:00,b'The Exorcism of Emily\xe2\x80\x99s Ros\xc3\xa9 \xf0\x9f\x8d\xb7 #HelpCopyAFilm',California
2018-04-20 19:50:46,b'#HelpCopyAFilm Anchorbaby: The Cloning of Ron Burgundy',California
2018-04-20 19:50:33,b'RT @jasonlefthand: Doppelgangs Of New York #HelpCopyAFilm @AfterFFriday',California
2018-04-20 19:49:30,b'#HelpCopyAFilm \nRinse and Repeat the Parents',California
2018-04-20 19:48:54,"b'The Bourne ""Boot""legacy\n\n  #HelpCopyAFilm https://t.co/207CQGyBpD'",California
2018-04-20 19:48:41,b'The Ape of Water #HelpCopyAFilm',California
2018-04-20 19:47:35,b'#HelpCopyAFilm \nThe Shawshank Redundancy',California
2018-04-20 19:46:16,b'#HelpCopyAFilm \nRocky ..... Once Again',California
2018-04-20 19:45:35,b'#HelpCopyAFilm Rocky ... Once Again',California
2018-04-20 19:45:28,b'RT @SadlyCatless: Scarfake #HelpCopyAFilm https://t.co/WCdJ2Eew6B',California
2018-04-20 19:45:19,b'Burn a Copy after Reading.\n\n#HelpCopyAFilm',California
2018-04-20 19:42:37,b'#HelpCopyAFilm Phony Girl',California
2018-04-20 19:41:31,b'@DamianVanore23 @HashtagRoundup @AfterFFriday Star Wars: Attack Of The Cloners #HelpCopyAFilm',California
2018-04-20 19:39:52,b'Harry Potter and the Half-Blood Reprints\n#HelpCopyAFilm',California
2018-04-20 19:39:44,b'#HelpCopyAFilm In the Limewire of Duty',California
2018-04-20 19:39:25,b'@DamianVanore23 @HashtagRoundup @AfterFFriday Dracula Prints Of Darkness #HelpCopyAFilm',California
2018-04-20 19:39:17,b'Twinned In The Willows #HelpCopyAFilm #BuffyTheVampireSlayer #BTVS #buffyslays https://t.co/V5sBRPSOwM',California
2018-04-20 19:39:02,b'@DamianVanore23 @HashtagRoundup @AfterFFriday Scanners #HelpCopyAFilm',California
2018-04-20 19:35:39,b'Face Knockoff\n#HelpCopyAFilm https://t.co/48P28HvbiW',California
2018-04-20 19:34:36,b'The Great Trace \n\n #HelpCopyAFilm',California
2018-04-20 19:33:34,"b""#HelpCopyAFilm\r\rClone 'n the Barbarian""",California
2018-04-20 19:33:17,b'#HelpCopyAFilm mr nodoubtwater',California
2018-04-20 19:31:24,b'RT @KeshaTedder: #HelpCopyAFilm Piracy of the Caribbean',California
2018-04-20 19:31:00,b'RT @coolcam101: Counterfe-IT\n #HelpCopyAFilm https://t.co/r3NjblxpRG',California
2018-04-20 19:30:34,b'#HelpCopyAFilm bad paste',California
2018-04-20 19:30:12,b'Knock/Off \n\n #HelpCopyAFilm',California
2018-04-20 19:29:20,b'The Clone Ranger \n\n #HelpCopyAFilm',California
2018-04-20 19:29:10,b'#HelpCopyAFilm .com air',California
2018-04-20 19:29:03,"b""RT @Johnsense38: Dude, Where's My Carbon? \n#HelpCopyAFilm""",California
2018-04-20 19:28:32,b'Xerox: The Gay Blade #HelpCopyAFilm',California
2018-04-20 19:28:19,b'Eat Pray Copy Paste \n\n #HelpCopyAFilm',California
2018-04-20 19:28:04,b'The Dot Matrix #HelpCopyAFilm',California
2018-04-20 19:27:44,b'RT @KatalinaMelody: #helpcopyafilm Clone Alone https://t.co/kAAqtb4CiV',California
2018-04-20 19:27:25,b'This is Spinal Tape \n\n #HelpCopyAFilm',California
2018-04-20 19:26:47,b'Lonesome Dub\n\n #HelpCopyAFilm',California
2018-04-20 19:22:36,b'#HelpCopyAFilm any movie starring Taraji C + P Henson',California
2018-04-20 19:21:23,b'#HelpCopyAFilm How to imitate a guy in 10 days',California
2018-04-20 19:21:18,b'#HelpCopyAFilm Ghost-writers https://t.co/4uFShqcWYv',California
2018-04-20 19:20:50,b'#HelpCopyAFilm Paste Off https://t.co/BKoGXXD8yJ',California
2018-04-20 19:20:33,b'RT @KeshaTedder: #HelpCopyAFilm Piracy of the Caribbean',California
2018-04-20 19:20:20,b'RT @IamGGrilla: #HelpCopyAFilm Dirty Dancing https://t.co/2HBJtPj75G',California
2018-04-20 19:18:51,b'#HelpCopyAFilm  Facsimil Club',California
2018-04-20 19:18:37,b'RT @MarkRiter: Planet of the Aped     #HelpCopyAFilm',California
2018-04-20 19:17:43,b'#HelpCopyAFilm Clone Ball Z: Bio Copy',California
2018-04-20 19:16:46,b'#HelpCopyAFilm\n\nScampage',California
2018-04-20 19:16:31,b'#HelpCopyAFilm clone with the wind https://t.co/op67TgzqDi',California
2018-04-20 19:16:18,b'#HelpCopyAFilm this is called piracy and I will have no part of it',California
2018-04-20 19:14:50,b'#HelpCopyAFilm\n\nThumb Drive',California
2018-04-20 19:14:38,b'#HelpCopyAFilm\n\nThe Scan',California
2018-04-20 19:13:39,b'#HelpCopyAFilm puss in bootlegs https://t.co/27gYJp4muG',California
2018-04-20 19:12:08,b'Anything starring Sal Mimeo #HelpCopyAFilm',California
2018-04-20 19:11:44,b'RT @PINHEAD_II: #HelpCopyAFilm  life of Pirate https://t.co/f1TmGHsuWG',California
2018-04-20 19:11:18,"b""#HelpCopyAFilm one drew over the cuckoo's nest""",California
2018-04-20 19:10:39,b'#HelpCopyAFilm Xeroxford Blues',California
2018-04-20 19:10:14,b'#HelpCopyAFilm  life of Pirate https://t.co/f1TmGHsuWG',California
2018-04-20 19:10:10,b'#HelpCopyAFilm Hire Yvette Mimeo to play the heroine.',California
2018-04-20 19:09:54,b'No Copies for Old Men #HelpCopyAFilm https://t.co/ab6xVf2b3w',California
2018-04-20 19:09:41,b'Plagiarize of the Planet of the Apes #HelpCopyAFilm @AfterFFriday',California
2018-04-20 19:09:33,b'RT @KeshaTedder: #HelpCopyAFilm Piracy of the Caribbean',California
2018-04-20 19:09:16,b'#HelpCopyAFilm kingpinch https://t.co/5Iv8Nikop0',California
2018-04-20 19:08:16,b'The Xerox-bow Incident #HelpCopyAFilm',California
2018-04-20 19:06:06,b'Citizen Same\n#HelpCopyAFilm https://t.co/U8smr7gtHA',California
2018-04-20 19:04:52,"b""@RtotheTtotheC @maxinejennifer #HelpCopyAFilm Dude where's my replicaaaaa?\n\n@eminem11683""",California
2018-04-20 19:04:19,"b""RT @Johnsense38: Dude, Where's My Carbon? \n#HelpCopyAFilm""",California
2018-04-20 19:03:53,b'American Bootleg #HelpCopyAFilm',California
2018-04-20 19:03:01,b'RT @DamianVanore23: One Hour Photocopy #HelpCopyAFilm @AfterFFriday https://t.co/o4BiNDHm7F',California
2018-04-20 19:02:56,"b""RT @Johnsense38: Dude, Where's My Carbon? \n#HelpCopyAFilm""",California
2018-04-20 19:01:57,"b""#HelpCopyAFilm\n...fight faxclub... Forgot the first rule..don't talk about the fax https://t.co/kcIy0I05iu""",California
2018-04-20 19:01:13,b'#HelpCopyAFilm The Trump Show',California
2018-04-20 19:01:12,b'Copying nemo\n#HelpCopyAFilm',California
2018-04-20 19:01:03,b'#HelpCopyAFilm Duped where\xe2\x80\x99s my car?',California
2018-04-20 19:00:05,b'Modern Times 4\n#HelpCopyAFilm https://t.co/k4QJFtHfsN',California
2018-04-20 19:00:04,b'Annnnd done. #HelpCopyAFilm https://t.co/ZuoHWnGlur',California
2018-04-20 18:58:56,b'RT @DamianVanore23: One Hour Photocopy #HelpCopyAFilm @AfterFFriday https://t.co/o4BiNDHm7F',California
2018-04-20 18:58:52,b'RT @stlsaint: Catch me if you scan  #HelpCopyAFilm',California
2018-04-20 18:58:40,b'#HelpCopyAFilm @MichaelKeaton already did it Dammit #Multiplicity https://t.co/7Y76KFv6WB',California
2018-04-20 18:58:25,b'Star Wars: Rerun Of The Jedi\n\n#HelpCopyAFilm',California
2018-04-20 18:57:30,b'The Aristocopycats #HelpCopyAFilm',California
2018-04-20 18:57:12,b'#HelpCopyAFilm Office Max and the Thunderdome.',California
2018-04-20 18:57:05,b' #HelpCopyAFilm The PRO version of watching #movies with popcorn \xf0\x9f\x8d\xbfat home\xf0\x9f\x98\x86\nIncredible opportunity to enjoy with the best projector\xe2\x80\xa6 https://t.co/tleTjSyB06',California
2018-04-20 18:57:04,b'Forge Your Eyes Only #HelpCopyAFilm',California
2018-04-20 18:57:02,b'The Lost City of Xerox #HelpCopyAFilm',California
2018-04-20 18:55:42,"b""One Flew Over the Kinko's Nest #HelpCopyAFilm""",California
2018-04-20 18:55:32,b'#HelpCopyAFilm\nForgery a Few Dollars More',California
2018-04-20 18:55:25,b'Cloneheads #HelpCopyAFilm',California
2018-04-20 18:54:17,b'The Last Yeti #HelpCopyAFilm',California
2018-04-20 18:54:04,b'Bridge Over The Mirror Kwai #HelpCopyAFilm',California
2018-04-20 18:53:19,b'#HelpCopyAFilm Friday the 26th.\xf0\x9f\x8e\x83',California
2018-04-20 18:53:08,b'#HelpCopyAFilm       Death Trace 2000 https://t.co/vmgF3SY5v5',California
2018-04-20 18:52:59,b'Copy and a half #HelpCopyAFilm',California
2018-04-20 18:52:42,b'Doppelgangs Of New York #HelpCopyAFilm',California
2018-04-20 18:50:49,b'2001: A Trace Odyssey\n#HelpCopyAFilm',California
2018-04-20 18:50:47,b'-----Knocked Off----- #HelpCopyAFilm\n@HashtagRoundup',California
2018-04-20 18:50:44,b'#HelpCopyAFilm\nGodfather 3M\n\n(The one copy  Francis Ford Coppola shouldn\xe2\x80\x99t have made) https://t.co/DK3rgSB0R5',California
2018-04-20 18:50:37,b'The SpiderMimic Chronicles \n#HelpCopyAFilm',California
2018-04-20 18:50:03,"b""#HelpCopyAFilm Dude where's my carbon paper.""",California
2018-04-20 18:48:39,b'RT @Gairns50: #HelpCopyAFilm\nThe Counterfeit of Monte Cristo',California
2018-04-20 18:48:35,b'RT @Pheramuse: While you were stealing  #HelpCopyAFilm @AfterFFriday https://t.co/YCbISksYDR',California
2018-04-20 18:48:08,b'RT @Superbokka: #HelpCopyAFilm Trace off.',California
2018-04-20 18:47:44,b'#HelpCopyAFilm Dirty Dancing https://t.co/2HBJtPj75G',California
2018-04-20 18:47:34,b'#HelpCopyAFilm Four Men and a Baby.\xf0\x9f\x91\xa8\xf0\x9f\x91\xa8\xf0\x9f\x91\xa8\xf0\x9f\x91\xa8\xf0\x9f\x91\xb6\xf0\x9f\x8d\xbc',California
2018-04-20 18:47:34,b'------BOGO Free Willy----- #HelpCopyAFilm\n@HashtagRoundup',California
2018-04-20 18:47:33,b'The First Cut And Paste #HelpCopyAFilm',California
2018-04-20 18:47:22,b'RT @Nora_McManus: Less Than Xerox  \n #HelpCopyAFilm',California
2018-04-20 18:47:06,b'RT @KeshaTedder: #HelpCopyAFilm Piracy of the Caribbean',California
2018-04-20 18:47:06,b'RT @punnymanrich: #HelpCopyAFilm Hello Dolly https://t.co/jtxHDDFMKN',California
2018-04-20 18:47:02,b'#HelpCopyAFilm Less Than Xerox',California
2018-04-20 18:46:50,b'#HelpCopyAFilm\nCramer and Cramer again',California
2018-04-20 18:46:35,b'Catch Me If You Replicant #HelpCopyAFilm',California
2018-04-20 18:45:58,b'RT @AlohaTags: The Hateful Duplicate  #HelpCopyAFilm',California
2018-04-20 18:45:29,b'RT @realreelfiction: Ready Plagiarism One #HelpCopyAFilm',California
2018-04-20 18:45:24,b'The Hateful Duplicate  #HelpCopyAFilm',California
2018-04-20 18:45:08,b'RT @AAskelson: Xerox Dark Thirty #HelpCopyAFilm',California
2018-04-20 18:45:04,b'Scarfake #HelpCopyAFilm https://t.co/WCdJ2Eew6B',California
2018-04-20 18:45:03,b'Home A Clone \n#HelpCopyAFilm',California
2018-04-20 18:44:58,"b'RT @VisitSpudonka: #helpcopyafilm Born Again, Again'",California
2018-04-20 18:44:57,b'Copy Cat in the Hat #HelpCopyAFilm https://t.co/o2MdbOemEx',California
2018-04-20 18:44:47,"b""#HelpCopyAFilm Repeat's Dragon""",California
2018-04-20 18:44:41,b'Thiefer Madness  #HelpCopyAFilm',California
2018-04-20 18:43:54,b'Trace/off #HelpCopyAFilm',California
2018-04-20 18:43:53,b'Repeat\xe2\x80\x99s Dragon \n#HelpCopyAFilm https://t.co/fX9bjhzrJQ',California
2018-04-20 18:43:11,b'RT @Gairns50: #HelpCopyAFilm\nThe Hills have Plagiarise',California
2018-04-20 18:42:21,b'RT @Humancipator35: @SadlyCatless Back To Back To The Future\n#HelpCopyAFilm',California
2018-04-20 18:42:09,b'#HelpCopyAFilm Big Blue Lebowski',California
2018-04-20 18:41:57,b'RT @MarkRiter: Planet of the Aped     #HelpCopyAFilm',California
2018-04-20 18:41:52,b'RT @punnymanrich: #HelpCopyAFilm Hello Dolly https://t.co/jtxHDDFMKN',California
2018-04-20 18:41:47,b'#HelpCopyAFilm\nThe Hills have Plagiarise',California
2018-04-20 18:41:46,b'RT @savvysuzee: The Copycat In The Hat #HelpCopyAFilm https://t.co/qsizh0Cu53',California
2018-04-20 18:41:44,b'RT @SadlyCatless: Batman Begins Again and Again #HelpCopyAFilm https://t.co/BMzeQ4ghPp',California
2018-04-20 18:41:43,b'RT @SadlyCatless: Sisterhood of the Traveling Prints #HelpCopyAFilm',California
2018-04-20 18:41:27,b'-----Clone Girl----- #HelpCopyAFilm',California
2018-04-20 18:41:20,b'@SadlyCatless Back To Back To The Future\n#HelpCopyAFilm',California
2018-04-20 18:41:07,b'RT @DamianVanore23: One Hour Photocopy #HelpCopyAFilm @AfterFFriday https://t.co/o4BiNDHm7F',California
2018-04-20 18:41:06,b'----Cloned In 60 Seconds----- #HelpCopyAFilm\n@HashtagRoundup https://t.co/Rl2OVTwcQy',California
2018-04-20 18:41:02,b'RT @AAskelson: Xerox Dark Thirty #HelpCopyAFilm',California
2018-04-20 18:40:58,b'RT @Gairns50: #HelpCopyAFilm\nThe Counterfeit of Monte Cristo',California
2018-04-20 18:40:24,b'Tracing Arizona #HelpCopyAFilm https://t.co/7P7MLhLOoX',California
2018-04-20 18:40:12,b'#HelpCopyAFilm Piracy of the Caribbean https://t.co/qssE4LMkbB',California
2018-04-20 18:40:09,"b' #HelpCopyAFilm RT @DamianVanore23: Well there has been a lot of copying in our Hashtag Community as of late. So, for @AfterFFriday Week 180, we want you t\xe2\x80\xa6'",California
2018-04-20 18:40:07,b'RT @Cattereia: The Dark Notes Copies #HelpCopyAFilm',California
2018-04-20 18:40:04,b'Sisterhood of the Traveling Prints #HelpCopyAFilm',California
2018-04-20 18:39:45,"b'#HelpCopyAFilm The Parent Trap, Trap.\xf0\x9f\x91\xa6\xf0\x9f\x91\xa6\xf0\x9f\x91\xa6\xf0\x9f\x91\xa6'",California
2018-04-20 18:39:31,b'RT @KatalinaMelody: #helpcopyafilm Clone Alone https://t.co/kAAqtb4CiV',California
2018-04-20 18:39:07,b'RT @KatalinaMelody: #helpcopyafilm Clone Alone https://t.co/kAAqtb4CiV',California
2018-04-20 18:38:54,b'#SuperTroopers2\n#420day\n#NationalSchoolWalkout \n#FridayFeeling\nColumbine\n#HelpCopyAFilm\n#SignsThatYouAreStressed\xe2\x80\xa6 https://t.co/VluKijPy5t',California
2018-04-20 18:38:44,b'RT @KatalinaMelody: #helpcopyafilm Clone Alone https://t.co/kAAqtb4CiV',California
2018-04-20 18:38:43,b'#HelpCopyAFilm fakes on a plane',California
2018-04-20 18:38:36,b'#HelpCopyAFilm Gone with the Wind Again',California
2018-04-20 18:38:34,b'Jaws 3D Printer \n\n#HelpCopyAFilm https://t.co/P8WDlxeTxW',California
2018-04-20 18:38:25,b'Trace Off #HelpCopyAFilm https://t.co/rakiqU07a9',California
2018-04-20 18:38:10,b'RT @KatalinaMelody: #helpcopyafilm Clone Alone https://t.co/kAAqtb4CiV',California
2018-04-20 18:38:05,b'RT @KatalinaMelody: #helpcopyafilm Clone Alone https://t.co/kAAqtb4CiV',California
2018-04-20 18:37:54,"b""#HelpCopyAFilm\nMy Name is Toner Magenta...Don't F#ck with me. https://t.co/Wznhik3qWf""",California
2018-04-20 18:37:37,"b""RT @KatalinaMelody: #helpcopyafilm Repeat's Dragon https://t.co/ejnfyuIqEP""",California
2018-04-20 18:37:36,b'#HelpCopyAFilm\nThe Counterfeit of Monte Cristo',California
2018-04-20 18:37:36,b'RT @KeshaTedder: #HelpCopyAFilm Piracy of the Caribbean',California
2018-04-20 18:37:35,b'Batman Begins Again and Again #HelpCopyAFilm https://t.co/BMzeQ4ghPp',California
2018-04-20 18:37:18,b'#HelpCopyAFilm big trouble in little china knock off',California
2018-04-20 18:37:15,b'#HelpCopyAFilm Face ripOff',California
2018-04-20 18:37:15,b'RT @KeshaTedder: #HelpCopyAFilm Piracy of the Caribbean',California
2018-04-20 18:36:59,b'Cloning Sarah Marshall  #HelpCopyAFilm https://t.co/jcZBrfeeGV',California
2018-04-20 18:36:58,b'#HelpCopyAFilm\nCC of Love',California
2018-04-20 18:36:58,b'#HelpCopyAFilm Hello Dolly https://t.co/jtxHDDFMKN',California
2018-04-20 18:36:25,b'RT @HashtagRoundup: Keep rocking #HelpCopyAFilm with @AfterFFriday hosted by @DamianVanore23',California
2018-04-20 18:36:09,"b""RT @Johnsense38: Dude, Where's My Carbon? \n#HelpCopyAFilm""",California
2018-04-20 18:36:00,b'RT @KeshaTedder: #HelpCopyAFilm Piracy of the Caribbean',California
2018-04-20 18:35:57,b'RT @47young1: #HelpCopyAFilm \nTriplicate Weddings and a Funeral https://t.co/Dtcs65m5gK',California
2018-04-20 18:35:55,b'The Ninth Propagate  #HelpCopyAFilm',California
2018-04-20 18:35:55,b'#HelpCopyAFilm The Imaging of Doctor Parnassus https://t.co/82pW4Z53f7',California
2018-04-20 18:35:00,b'#HelpCopyAFilm Gone in 120 seconds....',California
2018-04-20 18:34:24,b'A Quiet Trace  #HelpCopyAFilm',California
2018-04-20 18:34:01,b'Once Upon A Times #HelpCopyAFilm #AngelinaJolie #OnceUponATime #dork #disney https://t.co/tZRqrAoSm1',California
2018-04-20 18:33:53,b'#HelpCopyAFilm   Jailhouse Xerox https://t.co/a3D2MuThFb',California
2018-04-20 18:33:53,b'#HelpCopyAFilm re fried green tomatoes.....',California
2018-04-20 18:33:45,b' #HelpCopyAFilm @JColeNC - Motiv8 #Motiv8 #ColeWorld #np #nowplaying #atm #420day #FridayFeeling #FlashbackFriday j Cole - Atm happ\xe2\x80\xa6 https://t.co/mUyfdiwLHJ',California
2018-04-20 18:33:22,b'#HelpCopyAFilm Fear and redundancy in Las Vegas.',California
2018-04-20 18:33:21,b'The Matrix Recopied\n\n #HelpCopyAFilm https://t.co/wQaLPm9w6h',California
2018-04-20 18:32:58,b'RT @stlsaint: Catch me if you scan  #HelpCopyAFilm',California
2018-04-20 18:32:50,b'#HelpCopyAFilm\n\nThe Fast And The Furious: Drifting in Tokyo again.',California
2018-04-20 18:32:09,b'#HelpCopyAFilm\n\nRoboCopy\n\nDead or alive you cloning with me',California
2018-04-20 18:31:43,"b""#HelpCopyAFilm   Whatever you do, don't let your friend tape over the ending. https://t.co/DZM6XN1Gdj""",California
2018-04-20 18:31:33,b'RT @jimishbathia: Now You Ctrl+C Me\n#HelpCopyAFilm',California
2018-04-20 18:31:12,b'#HelpCopyAFilm The Prisoner of Xerox',California
2018-04-20 18:31:10,b'Requiem Forge A Dream #HelpCopyAFilm',California
2018-04-20 18:30:23,"b""Dude, Where's My Carbon? #HelpCopyAFilm @AfterFFriday""",California
2018-04-20 18:30:17,"b""#HelpCopyAFilm    Cheat's Dragon https://t.co/T5WvODnFQQ""",California
2018-04-20 18:30:12,b'#HelpCopyAFilm Six degrees of duplication',California
2018-04-20 18:29:49,b'Ready Plagiarism One #HelpCopyAFilm',California
2018-04-20 18:29:38,b'RT @Miz_Muzic: Fast Times at Replication High #HelpCopyAFilm',California
2018-04-20 18:29:20,"b""RT @Johnsense38: Dude, Where's My Carbon? \n#HelpCopyAFilm""",California
2018-04-20 18:29:07,b'RT @Miz_Muzic: Fast Times at Replication High #HelpCopyAFilm',California
2018-04-20 18:28:41,b'Welcome to Xerox\n#HelpCopyAFilm https://t.co/uX5N7sZmpO',California
2018-04-20 18:28:25,b'#HelpCopyAFilm Only the Clonely',California
2018-04-20 18:28:07,b'Manchester by the Ctrl+C  #HelpCopyAFilm',California
2018-04-20 18:28:01,b'Planet of the Aped     #HelpCopyAFilm',California
2018-04-20 18:27:31,b'RT @MathewsSonya: Plagiarize Wide Shut\n\n#HelpCopyAFilm',California
2018-04-20 18:26:43,b'The Mask of Xerox #HelpCopyAFilm',California
2018-04-20 18:26:42,b'@hethwoths #HelpCopyAFilm \rCtrl C Of Love',California
2018-04-20 18:26:22,b'The Devil Wears Fake Prada #HelpCopyAFilm',California
2018-04-20 18:26:05,b'RT @AAskelson: Xerox Dark Thirty #HelpCopyAFilm',California
2018-04-20 18:25:48,b'Free Willy Putty  #HelpCopyAFilm https://t.co/0gxhBYcBos',California
2018-04-20 18:25:45,b'One Hour Photocopy #HelpCopyAFilm',California
2018-04-20 18:25:37,b'RT @stlsaint: Catch me if you scan  #HelpCopyAFilm',California
2018-04-20 18:25:30,b'RT @AAskelson: Xerox Dark Thirty #HelpCopyAFilm',California
2018-04-20 18:25:29,b'RT @UnicornUnbound: Lord of the Dead Ringers #HelpCopyAFilm',California
2018-04-20 18:25:23,b'RT @jimishbathia: Now You Ctrl+C Me\n#HelpCopyAFilm',California
2018-04-20 18:25:19,b'Copy Cop Land #HelpCopyAFilm @AfterFFriday',California
2018-04-20 18:24:47,b'Fast Times at Replication High #HelpCopyAFilm',California
2018-04-20 18:18:11,b'RT @PhunPhactory: Avengers: Impersonation War #HelpCopyAFilm\n@AfterFFriday #AvengersInfinityWar https://t.co/AozU9RYkLB',California
2018-04-20 18:17:53,b'RT @rickchard_rick: #HelpCopyAFilm Copycat On A Hot Tin Roof',California
2018-04-20 18:17:51,"b' #HelpCopyAFilm Happy 420 Mr.President \xf0\x9f\x8c\xbf and the Democratic ""party"" \xf0\x9f\x8f\x96\xef\xb8\x8f \xf0\x9f\x8e\x89@realDonaldTrump #Cultivate\n \n@twitter @cheechandchong\xe2\x80\xa6 https://t.co/Z4RtjWWByt'",California
2018-04-20 18:17:26,b'Road Trip  #HelpCopyAFilm #NoChangesNeeded \n\n#CloneClub #OrphanBlack  @AfterFFriday https://t.co/vBfCjRtGHi',California
2018-04-20 18:17:19,b'Memorexorcist . . .  #HelpCopyAFilm',California
2018-04-20 18:17:07,b'------The XX Files--- #HelpCopyAFilm',California
2018-04-20 18:17:06,b'#HelpCopyAFilm XeroX-Men: Days of Copies Past',California
2018-04-20 18:17:02,b'#HelpCopyAFilm -- The Da Vinci Clone',California
2018-04-20 18:16:28,b'Less Than Xerox \n#HelpCopyAFilm',California
2018-04-20 18:16:11,b'#HelpCopyAFilm -- Extremely loud and Incredibly Clone',California
2018-04-20 18:16:02,b'Killer Clones From Outerspace.  #HelpCopyAFilm https://t.co/DCoVXwlLq7',California
2018-04-20 18:15:58,b'#HelpCopyAFilm\n\nThe Shawshank Replication',California
2018-04-20 18:15:48,b'The Reprints of Egypt \n#HelpCopyAFilm',California
2018-04-20 18:15:41,b'RT @KeshaTedder: #HelpCopyAFilm Piracy of the Caribbean',California
2018-04-20 18:15:30,b'Carbon PhotoCopy  #HelpCopyAFilm https://t.co/JnvLDaFHgw',California
2018-04-20 18:15:24,b'Xerox Dark Thirty \n#HelpCopyAFilm',California
2018-04-20 18:15:16,b'Watership Download #HelpCopyAFilm',California
2018-04-20 18:14:34,b'RoboCopycat #HelpCopyAFilm https://t.co/S2Sz4raR2G',California
2018-04-20 18:14:33,b'#HelpCopyAFilm The Impersonator',California
2018-04-20 18:14:31,"b'Kiss Me, Replicate #HelpCopyAFilm'",California
2018-04-20 18:14:28,b'Star Wars: The Forge Awakens \n#HelpCopyAFilm https://t.co/eVYh0wl2L5',California
2018-04-20 18:14:13,b'#HelpCopyAFilm Mocky https://t.co/9guKzUMgcl',California
2018-04-20 18:14:02,b'The counterfeiters of the galaxy  #HelpCopyAFilm https://t.co/3W9iePHdha',California
2018-04-20 18:13:24,"b""RT @HashtagRoundup: #HelpCopyAFilm is this week's @AfterFFriday hosted by @DamianVanore23 https://t.co/OXSrqk9wgd""",California
2018-04-20 18:13:22,b'Kindercarbon Copy #HelpCopyAFilm',California
2018-04-20 18:13:16,b'#HelpCopyAFilm Shadow Warriors',California
2018-04-20 18:13:04,b'Ctl-V for Vendetta #HelpCopyAFilm',California
2018-04-20 18:12:58,b'Reprints and the Showgirl #HelpCopyAFilm',California
2018-04-20 18:12:36,b'Transcriptions: Revenge of the Facsimile.\n#HelpCopyAFilm\n@AfterFFriday https://t.co/IfewAsmbE0',California
2018-04-20 18:12:33,b'RT @aaronsayswhat1: Home a-Clone  @AfterFFriday #HelpCopyAFilm',California
2018-04-20 18:12:31,b' #HelpCopyAFilm @JColeNC - KoD #KoD when  j Cole - Atm come on #ColeWorld #np #nowplaying #atm #420day #FridayFeeling\xe2\x80\xa6 https://t.co/ISTTsBnSCT',California
2018-04-20 18:12:11,b'RT @coolcam101: Counterfe-IT\n #HelpCopyAFilm https://t.co/r3NjblxpRG',California
2018-04-20 18:12:10,b'Plagiarize Wide Shut\n\n#HelpCopyAFilm',California
2018-04-20 18:12:09,b'#HelpCopyAFilm Photo booth',California
2018-04-20 18:12:08,b'Acopyalypse Now #HelpCopyAFilm',California
2018-04-20 18:12:01,b'RT @jimishbathia: Now You Ctrl+C Me\n#HelpCopyAFilm',California
2018-04-20 18:11:55,"b""Bill &amp; Ted's Xerox Adventure\n\n#HelpCopyAFilm""",California
2018-04-20 18:11:51,"b""Kinko's Boots #HelpCopyAFilm""",California
2018-04-20 18:11:42,b'Tracing Places #HelpCopyAFilm',California
2018-04-20 18:11:40,b'Gone with the Twin #helpcopyafilm https://t.co/bT1jb7us1f',California
2018-04-20 18:11:30,b'#HelpCopyAFilm The Clone Ranger',California
2018-04-20 18:11:11,b'Fax To The Future \n#HelpCopyAFilm',California
2018-04-20 18:11:10,b'Alt F4 #HelpCopyAFilm',California
2018-04-20 18:11:00,b'Dick Trace #HelpCopyAFilm',California
2018-04-20 17:51:45,b'Cloning Private Ryan #HelpCopyAFilm',California
2018-04-20 17:51:11,b'#HelpCopyAFilm Any Hollwywood movie made between 2000-2018',California
2018-04-20 17:50:55,b'RT @KelKass: Copycat on a Hot Tin Roof  #HelpCopyAFilm',California
2018-04-20 17:50:55,b'The Shawshank Replication #HelpCopyAFilm',California
2018-04-20 17:50:30,b'RT @urbaneboomer: #HelpCopyAFilm Curious Forge https://t.co/YatTEQaIs1',California
2018-04-20 17:50:21,b'#HelpCopyAFilm \nThey Not Too Curious about Benjamin Bae',California
2018-04-20 17:50:16,b'A Thousand Clones #HelpCopyAFilm',California
2018-04-20 17:50:03,b'3D Printing Billboards Outside Ebbing Missouri #HelpCopyAFilm',California
2018-04-20 17:49:58,b'RT @KelKass: Copycat on a Hot Tin Roof  #HelpCopyAFilm',California
2018-04-20 17:49:57,b'Goodbye Mr Chips Off the Old Block #HelpCopyAFilm',California
2018-04-20 17:49:33,b'RT @hanley_amber: #HelpCopyAFilm\nPC LOAD LETTER!\nWHAT THE FUCK DOES THAT EVEN MEAN??? https://t.co/1Wiy5kXgzg',California
2018-04-20 17:49:32,"b""FWD: You've Got Mail!  #HelpCopyAFilm""",California
2018-04-20 17:49:31,b'RT @laughingskull59: Oh brother restart now...\n#HelpCopyAFilm',California
2018-04-20 17:49:15,b'#HelpCopyAFilm \n 50 shades of chocolate.',California
2018-04-20 17:49:07,b'Save As Private Ryan  #helpcopyafilm',California
2018-04-20 17:49:07,b'RT @KatalinaMelody: #helpcopyafilm Clone Alone https://t.co/kAAqtb4CiV',California
2018-04-20 17:49:03,b'#HelpCopyAFilm\n\nThat Thing You Redo!\n\n@TheHashtagGame',California
2018-04-20 17:49:00,"b'RT @Gamzplayah: Honey, I Cloned the Kids #HelpCopyAFilm https://t.co/6QjrBiXtfD'",California
2018-04-20 17:48:52,b'#HelpCopyAFilm Curious Forge https://t.co/YatTEQaIs1',California
2018-04-20 17:48:41,b'RT @KelKass: Copycat on a Hot Tin Roof  #HelpCopyAFilm',California
2018-04-20 17:48:25,b'From Up on Copy Hill #HelpCopyAFilm',California
2018-04-20 17:48:20,b'The Truth About Copycats and Dogs #HelpCopyAFilm',California
2018-04-20 17:48:15,b'Copycat on a Hot Tin Roof  #HelpCopyAFilm',California
2018-04-20 17:48:12,"b'RT @RandilynIsIn: #HelpCopyAFilm Welcome Home, Xerox-y Carmichael'",California
2018-04-20 17:48:11,b'The Lovely Clones #helpcopyafilm',California
2018-04-20 17:48:00,b'#HelpCopyAFilm\nSame Mime Next Year',California
2018-04-20 17:47:48,b'The Clone Ranger  #HelpCopyAFilm',California
2018-04-20 17:47:31,b'RT @MrRaceBannon: The Devil Wears Knocked Off Prada #HelpCopyAFilm https://t.co/hXVh8SraVd',California
2018-04-20 17:47:31,b'#HelpCopyAFilm To Laser With Love',California
2018-04-20 17:47:22,"b'#HelpCopyAFilm MimeO Brother, Where Art Thou?'",California
2018-04-20 17:47:11,"b""Collate Miner's Daughter  #HelpCopyAFilm""",California
2018-04-20 17:47:02,b'#HelpCopyAFilm Mimeo Must Die',California
2018-04-20 17:46:57,b'Little Man Imitate #HelpCopyAFilm',California
2018-04-20 17:46:49,b'RT @KeshaTedder: #HelpCopyAFilm Piracy of the Caribbean',California
2018-04-20 17:46:47,b'Home A Clone #HelpCopyAFilm',California
2018-04-20 17:46:41,b'RT @MrRaceBannon: That Thing You Duplicate  #HelpCopyAFilm',California
2018-04-20 17:46:39,b'Happy Counterfeit #HelpCopyAFilm',California
2018-04-20 17:46:36,b'Carbon Paper Copy  #HelpCopyAFilm',California
2018-04-20 17:46:28,b'The Xerox-Bow Incident #HelpCopyAFilm https://t.co/uRDYSUamMb',California
2018-04-20 17:46:26,b'RT @xmillrunner: RepliKate &amp; Leopold\n  #HelpCopyAFilm',California
2018-04-20 17:46:21,b'RT @jimishbathia: Now You Ctrl+C Me\n#HelpCopyAFilm',California
2018-04-20 17:46:15,"b""RT @Johnsense38: Dude, Where's My Carbon? \n#HelpCopyAFilm""",California
2018-04-20 17:46:14,b'Freaky Friday After Next\n#HelpCopyAFilm',California
2018-04-20 17:46:11,b'RT @KeshaTedder: #HelpCopyAFilm Piracy of the Caribbean',California
2018-04-20 17:46:07,"b'#HelpCopyAFilm Welcome Home, Xerox-y Carmichael'",California
2018-04-20 17:46:07,b'The Last Mimic-zy #HelpCopyAFilm',California
2018-04-20 17:46:05,b'RT @1andrewfenton: #HelpCopyAFilm\n\nThe Hunt For Red Oxide Toner',California
2018-04-20 17:45:43,"b'Dr Srangelove 2: After I stopped worrying and learned to love the bomb, I started to worry again.\n#HelpCopyAFilm'",California
2018-04-20 17:45:42,b'Print / Off #helpcopyafilm',California
2018-04-20 17:45:41,b'Sleepy Follow #HelpCopyAFilm',California
2018-04-20 17:45:14,b'RT @Lordaldo: Space Paper Jam #HelpCopyAFilm @DamianVanore23 @AfterFFriday',California
2018-04-20 17:45:12,b'Avengers: Impersonation War #HelpCopyAFilm\n@AfterFFriday #AvengersInfinityWar https://t.co/AozU9RYkLB',California
2018-04-20 17:45:10,b'Deep Blue CC #HelpCopyAFilm',California
2018-04-20 17:45:03,b'RT @Lordaldo: Space Paper Jam #HelpCopyAFilm @DamianVanore23 @AfterFFriday',California
2018-04-20 17:44:56,b'RT @ThomasMcguire64: @AfterFFriday #helpcopyafilm Auto hocus',California
2018-04-20 17:44:55,b'Dupli-Kate and Leopold\n#HelpCopyAFilm',California
2018-04-20 17:44:51,b'Car-Bonfire of the Vanities\n#HelpCopyAFilm',California
2018-04-20 17:44:24,b'RT @stlsaint: Catch me if you scan  #HelpCopyAFilm',California
2018-04-20 17:44:17,b'28 Days Emulator #HelpCopyAFilm',California
2018-04-20 17:44:13,b'RT @KeshaTedder: #HelpCopyAFilm Piracy of the Caribbean',California
2018-04-20 17:44:03,b'#HelpCopyAFilm Copy Land https://t.co/MUZEN6kRge',California
2018-04-20 17:43:51,b'Now You CC Me\n#HelpCopyAFilm',California
2018-04-20 17:43:35,b'RT @coldmilk: Dick Tracing Paper-y #HelpCopyAFilm @AfterFFriday',California
2018-04-20 17:43:30,b'RT @Selinacandygirl: #HelpCopyAFilm Repeater Pan',California
2018-04-20 17:43:24,"b""#HelpCopyAFilm Dude, Where's My Carbon?\n\n@TheHashtagGame\n@HashtagRoundup""",California
2018-04-20 17:43:15,b'RT @Selinacandygirl: #HelpCopyAFilm Redo The Right Thing',California
2018-04-20 17:43:04,b'RT @LarrysTwin99: The Fantastic Mr. Xerox #HelpCopyAFilm',California
2018-04-20 17:42:48,b'RT @aaronsayswhat1: I Did What You Did Last Summer @AfterFFriday #HelpCopyAFilm',California
2018-04-20 17:42:47,b'RT @UnicornUnbound: Lord of the Dead Ringers #HelpCopyAFilm',California
2018-04-20 17:42:39,b'Space Paper Jam #HelpCopyAFilm @DamianVanore23 @AfterFFriday',California
2018-04-20 17:42:32,b'Gone With The Twin #HelpCopyAFilm',California
2018-04-20 17:42:20,"b""RT @KatalinaMelody: #helpcopyafilm Ditto's Peak https://t.co/SIbhZwmBkX""",California
2018-04-20 17:42:13,b'Lord of the Dead Ringers #HelpCopyAFilm',California
2018-04-20 17:42:12,b'RT @PhunPhactory: Star Wars: The Forgery Awakens.\n#HelpCopyAFilm\n@AfterFFriday https://t.co/driVnMjXpv',California
2018-04-20 17:42:07,"b'RT @PhunPhactory: Ditto\xe2\x80\x99 Brother, Where Art Thou?\n#HelpCopyAFilm\n@AfterFFriday https://t.co/E744TY9OqS'",California
2018-04-20 17:42:04,b'Westside Story is Romeo and Juliet\n#HelpCopyAFilm',California
2018-04-20 17:42:04,b'The Lion King is Hamlet\n#HelpCopyAFilm',California
2018-04-20 17:42:03,b'Clone Survivor #HelpCopyAFilm',California
2018-04-20 17:41:53,b'RT @Selinacandygirl: #HelpCopyAFilm Redo The Right Thing',California
2018-04-20 17:41:34,b'The Duplicateful Eight #HelpCopyAFilm',California
2018-04-20 17:41:32,b'RT @coolcam101: Counterfe-IT\n #HelpCopyAFilm https://t.co/r3NjblxpRG',California
2018-04-20 17:41:30,"b'Ditto\xe2\x80\x99 Brother, Where Art Thou?\n#HelpCopyAFilm\n@AfterFFriday https://t.co/E744TY9OqS'",California
2018-04-20 17:41:26,"b""RT @KatalinaMelody: #helpcopyafilm Ditto's Peak https://t.co/SIbhZwmBkX""",California
2018-04-20 17:41:23,b'Honey I Cloned The Kids  #HelpCopyAFilm https://t.co/WebV7g6FOL',California
2018-04-20 17:40:41,b'Duplicate Me If You Can  #HelpCopyAFilm https://t.co/73hOXtCYCM',California
2018-04-20 17:40:19,b'Groundhog Day again\n#HelpCopyAFilm',California
2018-04-20 17:40:13,b'RT @TangledHotMess: Doppelgangers of New York #HelpCopyAFilm',California
2018-04-20 17:40:08,b'RT @TangledHotMess: New Jack DupliCity #HelpCopyAFilm',California
2018-04-20 17:40:06,b'Ditto House on the Prairie #HelpCopyAFilm',California
2018-04-20 17:40:06,b'The Xerox-Bow Incident  #HelpCopyAFilm',California
2018-04-20 17:40:01,b'RT @TangledHotMess: Rat Trace #HelpCopyAFilm',California
2018-04-20 17:39:42,b'Star Wars: The Forgery Awakens.\n#HelpCopyAFilm\n@AfterFFriday https://t.co/driVnMjXpv',California
2018-04-20 17:39:28,b'RT @LievensATweet: 6 Men and a set of twins\n #HelpCopyAFilm',California
2018-04-20 17:39:24,"b'Yours, Mime and Ours #HelpCopyAFilm'",California
2018-04-20 17:39:22,b'#HelpCopyAFilm\nJohnny Mimeograph https://t.co/Lt5WUfTF9u',California
2018-04-20 17:39:18,b'Copy and Paste Me By Your Name  #HelpCopyAFilm',California
2018-04-20 17:39:13,b'RT @MarianRosin: Dopplegangers of New York #HelpCopyAFilm',California
2018-04-20 17:39:08,b'#HelpCopyAFilm 3 Willies',California
2018-04-20 17:38:55,b'Lords of the Rings of 2 Worlds: The 4 Towers #HelpCopyAFilm',California
2018-04-20 17:38:54,b'#HelpCopyAFilm Manchester by the CC',California
2018-04-20 17:38:53,b'RT @xonjie123: #HelpCopyAFilm\nKinko\xe2\x80\x99s Unchained',California
2018-04-20 17:38:46,b'#HelpCopyAFilm I draw the devil https://t.co/KGpCukxzNS',California
2018-04-20 17:38:42,b'#HelpCopyAFilm Paste Your Wagon',California
2018-04-20 17:38:42,b'Xeroxy Horror Picture Show #HelpCopyAFilm',California
2018-04-20 17:38:28,b'Copycat on a Hot Tin Roof #HelpCopyAFilm',California
2018-04-20 17:38:19,b'Duet: A Star Wars Story #HelpCopyAFilm',California
2018-04-20 17:38:14,b'#HelpCopyAFilm One Hour Photo Copy https://t.co/H0BGKhdC1y',California
2018-04-20 17:38:05,b'RT @KatalinaMelody: #helpcopyafilm Clone Alone https://t.co/kAAqtb4CiV',California
2018-04-20 17:37:57,b'#HelpCopyAFilm \rThe Prints of Tides',California
2018-04-20 17:37:56,"b""#helpcopyafilm Ditto's Peak https://t.co/SIbhZwmBkX""",California
2018-04-20 17:37:55,b'World War Ctrl Z\n#HelpCopyAFilm',California
2018-04-20 17:37:41,b'#HelpCopyAFilm\n\nHome a-Clone II',California
2018-04-20 17:37:17,b'RT @bshawbshawbshaw: War for the Plagarism of the Apes #HelpCopyAFilm',California
2018-04-20 17:37:17,b'RT @tri_stater: #HelpCopyAFilm Mimeo and Juliet',California
2018-04-20 17:37:17,"b'RT @viserionrider: Girl, Imitated\n#HelpCopyAFilm @AfterFFriday'",California
2018-04-20 17:37:06,b'RT @Selinacandygirl: #HelpCopyAFilm Redo The Right Thing',California
2018-04-20 17:37:05,b'Copycat on a Hot Tin Roof #HelpCopyAFilm',California
2018-04-20 17:37:01,b'RT @LievensATweet: 6 Men and a set of twins\n #HelpCopyAFilm',California
2018-04-20 17:36:58,b'RT @Drew_H_Shaw: Kindergarden Copy #HelpCopyAFilm',California
2018-04-20 17:36:52,b'RT @revelbots: A Night At The Xerox-bury\n#HelpCopyAFilm https://t.co/hqv8lVBZec',California
2018-04-20 17:36:52,"b'RT @UnicornUnbound: Sex, Lies, and Mimeotape  #HelpCopyAFilm'",California
2018-04-20 17:36:52,b'RT @Drew_H_Shaw: Kindergarden Copy #HelpCopyAFilm https://t.co/2EHQoyiR53',California
2018-04-20 17:36:52,b'RT @0ffTh3Cuff: #HelpCopyAFilm \nThe Impersonator \xf0\x9f\x99\x84 https://t.co/VyHWgJhxe1',California
2018-04-20 17:36:43,b'The Xerox Men.\n#HelpCopyAFilm\n@AfterFFriday https://t.co/JBJTDmeceF',California
2018-04-20 17:36:39,b'RT @Robstark50: #HelpCopyAFilm\nTrace Off https://t.co/G1jAMrPRI2',California
2018-04-20 17:36:28,b'#HelpCopyAFilm Copy of the living dead.',California
2018-04-20 17:36:28,b'RT @JanChiLing2: #HelpCopyAFilm\nNo Copy for old Men.',California
2018-04-20 17:36:28,b'RT @Selinacandygirl: #HelpCopyAFilm Redo The Right Thing',California
2018-04-20 17:36:28,b'RT @fuckuarlll: #helpcopyafilm  Mocked Up https://t.co/Hgz2x7HeB1',California
2018-04-20 17:36:24,b'The Ape of Water  #HelpCopyAFilm',California
2018-04-20 17:36:23,b'RT @viewfrommyoffic: From Xerox to Eternity #HelpCopyAFilm  @AfterFFriday',California
2018-04-20 17:36:15,"b""RT @scifigene: Ferris Bueller's Knock Off #HelpCopyAFilm""",California
2018-04-20 17:36:15,b'RT @weirdsavant: #HelpCopyAFilm Forge of the jungle',California
2018-04-20 17:36:09,b'RT @JanChiLing2: #HelpCopyAFilm\nOh Brother where print thou.',California
2018-04-20 17:36:03,b'RT @Drew_H_Shaw: Duplicate The Right Thing #HelpCopyAFilm https://t.co/wdQDdE2MYw',California
2018-04-20 17:35:56,b'RT @Nora_McManus: Tonerheads \n #HelpCopyAFilm',California
2018-04-20 17:35:50,"b'#HelpCopyAFilm\n\nOops, Bridget Jones Does It Again'",California
2018-04-20 17:35:50,"b""RT @Drew_H_Shaw: Repeat's Dragon #HelpCopyAFilm""",California
2018-04-20 17:35:50,b'RT @UnicornUnbound: Doppelgangers of New York #HelpCopyAFilm',California
2018-04-20 17:35:41,b'Walt Before Mimicry  #HelpCopyAFilm',California
2018-04-20 17:35:39,b'Dick Tracing Paper-y #HelpCopyAFilm @AfterFFriday',California
2018-04-20 17:35:16,b'Office Space Part 2: Revenge of The Mondays.  #HelpCopyAFilm\n\nChristmas 2018. \xf0\x9f\xa4\xa3\xf0\x9f\xa4\xa3\xf0\x9f\xa4\xa3 https://t.co/CxCyPRhUPp',California
2018-04-20 17:35:15,b'RT @KeshaTedder: #HelpCopyAFilm Piracy of the Caribbean',California
2018-04-20 17:35:13,b'RT @0ffTh3Cuff: #HelpCopyAFilm \nThe Impersonator \xf0\x9f\x99\x84 https://t.co/VyHWgJhxe1',California
2018-04-20 17:35:11,b'The hunger sames \xf0\x9f\xa4\xa3 #HelpCopyAFilm',California
2018-04-20 17:35:09,b'#HelpCopyAFilm\nMad Betamax',California
2018-04-20 17:35:09,b'#HelpCopyAFilm Stutter Island',California
2018-04-20 17:35:07,b'RT @viewfrommyoffic: From Xerox to Eternity #HelpCopyAFilm  @AfterFFriday',California
2018-04-20 17:35:01,b'RT @taniwha73: Less Than Xerox\n#HelpCopyAFilm',California
2018-04-20 17:35:00,b'Night at the Xeroxbury #HelpCopyAFilm @AfterFFriday',California
2018-04-20 17:34:58,"b""RT @jasonrussoVA: Dude, where's my carbon copy?#HelpCopyAFilm""",California
2018-04-20 17:34:56,b'#HelpCopyAFilm duplicity https://t.co/8gPelLBPhU',California
2018-04-20 17:34:53,b'#HelpCopyAFilm Lens be copies',California
2018-04-20 17:34:49,"b""Repeat's Dragon #HelpCopyAFilm""",California
2018-04-20 17:34:27,b'Doppelgangers of New York #HelpCopyAFilm',California
2018-04-20 17:34:26,b'RT @Knavery66: Xerox Dark Thirty #HelpCopyAFilm',California
2018-04-20 17:34:26,b'RT @xonjie123: #HelpCopyAFilm\nKinko\xe2\x80\x99s Unchained',California
2018-04-20 17:34:26,b'RT @KatalinaMelody: #helpcopyafilm Anything starring Mimickey Mouse https://t.co/BmKfs5lXKz',California
2018-04-20 17:34:24,b'Duplicate The Right Thing #HelpCopyAFilm https://t.co/wdQDdE2MYw',California
2018-04-20 17:34:21,b'Halloween (1978)\nHalloween (2007)\nHalloween (2018)\n\n#HelpCopyAFilm #Halloween https://t.co/C8wBRWNDe8',California
2018-04-20 17:34:20,b'#HelpCopyAFilm\nOh Brother where print thou.',California
2018-04-20 17:34:19,b'#HelpCopyAFilm Forge of the jungle',California
2018-04-20 17:34:19,"b""Ferris Bueller's Knock Off #HelpCopyAFilm""",California
2018-04-20 17:34:18,b'RT @JRNoblin: #HelpCopyAFilm Willy Wonka &amp; the Chocolate Facsimile \n\n@AfterFFriday @DamianVanore23\n@TheHashtagGame @HashtagRoundup https://\xe2\x80\xa6',California
2018-04-20 17:34:06,b'RT @f31rowe: World War Xerox #HelpCopyAFilm',California
2018-04-20 17:34:06,b'RT @47young1: #HelpCopyAFilm \nTriplicate Weddings and a Funeral https://t.co/Dtcs65m5gK',California
2018-04-20 17:33:55,b'#helpcopyafilm  Mocked Up https://t.co/Hgz2x7HeB1',California
2018-04-20 17:33:54,b'#HelpCopyAFilm Redo The Right Thing',California
2018-04-20 17:33:53,b'RT @Selinacandygirl: #HelpCopyAFilm Robin Hood: Prints Of Thieves',California
2018-04-20 17:33:53,b'RT @HowlinMad3: #HelpCopyAFilm Dick Tracing \xf0\x9f\x98\x8f\xf0\x9f\xa4\x94 https://t.co/AH9BDTDq5J',California
2018-04-20 17:33:53,b'RT @savvysuzee: The Copycat In The Hat #HelpCopyAFilm https://t.co/qsizh0Cu53',California
2018-04-20 17:33:51,b'#HelpCopyAFilm\nNo Copy for old Men.',California
2018-04-20 17:33:45,b'RT @HeisenbergLab: Clone Collector... #HelpCopyAFilm https://t.co/j97RHCqDsr',California
2018-04-20 17:33:43,b'Kindergarden Copy #HelpCopyAFilm https://t.co/2EHQoyiR53',California
2018-04-20 17:33:42,b'#HelpCopyAFilm \nThe Impersonator \xf0\x9f\x99\x84 https://t.co/VyHWgJhxe1',California
2018-04-20 17:33:38,b'RT @CricketArt67: 27 Presses\n#HelpCopyAFilm\n@AfterFFriday https://t.co/v0tL5GOep1',California
2018-04-20 17:33:36,b'RT @Nora_McManus: Less Than Xerox  \n #HelpCopyAFilm',California
2018-04-20 17:33:30,b'A Night At The Xerox-bury\n#HelpCopyAFilm https://t.co/hqv8lVBZec',California
2018-04-20 17:33:29,"b'Sex, Lies, and Mimeotape  #HelpCopyAFilm'",California
2018-04-20 17:33:28,b'RT @TangledHotMess: New Jack DupliCity #HelpCopyAFilm',California
2018-04-20 17:33:15,b'Kindergarden Copy #HelpCopyAFilm',California
2018-04-20 17:33:14,b'RT @JRNoblin: #HelpCopyAFilm Willy Wonka &amp; the Chocolate Facsimile \n\n@AfterFFriday @DamianVanore23\n@TheHashtagGame @HashtagRoundup https://\xe2\x80\xa6',California
2018-04-20 17:33:13,b'RT @VeryHeavyUncle: 28 Drafts Later  \n#HelpCopyAFilm',California
2018-04-20 17:33:04,"b'Girl, Imitated\n#HelpCopyAFilm @AfterFFriday'",California
2018-04-20 17:33:04,b'RT @Selinacandygirl: #HelpCopyAFilm Repeater Pan',California
2018-04-20 17:33:04,b'War for the Plagarism of the Apes #HelpCopyAFilm',California
2018-04-20 17:33:01,"b'RT @Gamzplayah: Honey, I Cloned the Kids #HelpCopyAFilm https://t.co/6QjrBiXtfD'",California
2018-04-20 17:33:00,b'#HelpCopyAFilm Mimeo and Juliet',California
2018-04-20 17:32:58,b'#HelpCopyAFilm\nHot Screenshots https://t.co/OTsFgn5Ncu',California
2018-04-20 17:32:56,b'Plagiarize Misty for Me..... #HelpCopyAFilm',California
2018-04-20 17:32:54,b'RT @KatalinaMelody: #helpcopyafilm Clone Alone https://t.co/kAAqtb4CiV',California
2018-04-20 17:32:48,b'RT @realarsenalism: @1andrewfenton #HelpCopyAFilm \nScan By Me',California
2018-04-20 17:32:48,b'RT @Selinacandygirl: #HelpCopyAFilm Repeater Pan',California
2018-04-20 17:32:47,"b""RT @IamDHop: The Lord's Lord of the Rings' Rings\n\n#HelpCopyAFilm""",California
2018-04-20 17:32:41,b'RT @MrRaceBannon: That Thing You Duplicate  #HelpCopyAFilm',California
2018-04-20 17:32:34,b'RT @bigdweeb: So I Married A Fax Murderer #HelpCopyAFilm',California
2018-04-20 17:32:30,b'End to the Blue cartridge  #HelpCopyAFilm https://t.co/pCXvXhS3iP',California
2018-04-20 17:32:27,b'#HelpCopyAFilm 8 video heads in a duffle bag',California
2018-04-20 17:32:23,b'RT @_lola_bee: Hateful Duplicate\n#HelpCopyAFilm',California
2018-04-20 17:32:22,b'#HelpCopyAFilm Repeater Pan',California
2018-04-20 17:32:18,b'@AfterFFriday #helpcopyafilm The last testimony of Christ',California
2018-04-20 17:32:17,b'The Xerox Bow Incident #HelpCopyAFilm',California
2018-04-20 17:32:10,b'6 Men and a set of twins\n #HelpCopyAFilm',California
2018-04-20 17:32:02,b'RT @JRNoblin: #HelpCopyAFilm The Reproducers \n\n@AfterFFriday @DamianVanore23\n@TheHashtagGame @HashtagRoundup https://t.co/cAID2QBXNh',California
2018-04-20 17:32:02,b'RT @jimishbathia: So I Married Xerox Murderer \n#HelpCopyAFilm',California
2018-04-20 17:32:02,b'RT @charley_ck14: Mirror Poppins #HelpCopyAFilm @AfterFFriday https://t.co/pNVhKEOarf',California
2018-04-20 17:31:35,b'RT @Billie_Jean00: Air Forge One #HelpCopyAFilm',California
2018-04-20 17:31:35,b'RT @coolcam101: Counterfe-IT\n #HelpCopyAFilm https://t.co/r3NjblxpRG',California
2018-04-20 17:31:35,b'RT @aaronsayswhat1: Home a-Clone  @AfterFFriday #HelpCopyAFilm',California
2018-04-20 17:31:35,b'RT @stlsaint: Catch me if you scan  #HelpCopyAFilm',California
2018-04-20 17:31:21,b'Rat Trace #HelpCopyAFilm',California
2018-04-20 17:31:20,b'#HelpCopyAFilm the Shawshank repetition',California
2018-04-20 17:31:15,b'RT @xmillrunner: RepliKate &amp; Leopold\n  #HelpCopyAFilm',California
2018-04-20 17:31:15,b'RT @DamianVanore23: Black Xerox Down  #HelpCopyAFilm @AfterFFriday https://t.co/JYMBCyLbzM',California
2018-04-20 17:31:15,b'RT @LukeWheeler01: Trend of Days  #HelpCopyAFilm',California
2018-04-20 17:31:08,b'RT @jimishbathia: Now You Ctrl+C Me\n#HelpCopyAFilm',California
2018-04-20 17:31:07,b'The Empire Strikes Backup #HelpCopyAFilm',California
2018-04-20 17:31:07,"b'#HelpCopyAFilm\n\nEat, Pray, Love, Again'",California
2018-04-20 17:31:06,b'RT @Knavery66: Xerox Dark Thirty #HelpCopyAFilm',California
2018-04-20 17:31:02,b'@AfterFFriday #helpcopyafilm Auto hocus',California
2018-04-20 17:31:01,b'RT @AAskelson: Xerox Dark Thirty #HelpCopyAFilm',California
2018-04-20 17:30:59,b'RT @KatalinaMelody: #helpcopyafilm The Last Imitation of Christ https://t.co/7Cuih3cMz5',California
2018-04-20 17:30:54,"b' #HelpCopyAFilm RT @DamianVanore23: Well there has been a lot of copying in our Hashtag Community as of late. So, for @AfterFFriday Week 180, we want you t\xe2\x80\xa6'",California
2018-04-20 17:30:44,b'Imitate and Leopold #HelpCopyAFilm',California
2018-04-20 17:30:44,b'#HelpCopyAFilm The cameraman who shot liberty valance',California
2018-04-20 17:30:42,b'@Nora_McManus The Xer Ox Bow Incident.      or Zere Ox\n#HelpCopyAFilm',California
2018-04-20 17:30:38,b'RT @KeshaTedder: #HelpCopyAFilm Piracy of the Caribbean',California
2018-04-20 17:30:38,b'RT @DamianVanore23: One Hour Photocopy #HelpCopyAFilm @AfterFFriday https://t.co/o4BiNDHm7F',California
2018-04-20 17:30:37,b'RT @nicolexavier111: 3D Prints of Persia #HelpCopyAFilm',California
2018-04-20 17:30:35,b'The Xeroxists #HelpCopyAFilm https://t.co/6UMlGM23kD',California
2018-04-20 17:30:32,"b""RT @Johnsense38: Dude, Where's My Carbon? \n#HelpCopyAFilm""",California
2018-04-20 17:30:25,b'RT @aaronsayswhat1: Home a-Clone  @AfterFFriday #HelpCopyAFilm',California
2018-04-20 17:30:24,b'RT @JDWilkinsonII: Fakes On A Plane\n #HelpCopyAFilm\n@DamianVanore23 @AfterFFriday',California
2018-04-20 17:30:22,b'RT @seomac: School of Mock #HelpCopyAFilm',California
2018-04-20 17:30:22,b'RT @weirdsavant: #HelpCopyAFilm Con golden pond.',California
2018-04-20 17:30:22,b'RT @Travelnpack: #HelpCopyAFilm\n\nCopy Mona Lisa Smile',California
2018-04-20 17:30:22,"b""Ferris Bueller's Day Knockoff\n#HelpCopyAFilm""",California
2018-04-20 17:30:17,b'RT @seomac: School of Mock #HelpCopyAFilm',California
2018-04-20 17:30:17,b'RT @weirdsavant: #HelpCopyAFilm Con golden pond.',California
2018-04-20 17:30:17,b'RT @nicolexavier111: The Boot Lego movie #HelpCopyAFilm',California
2018-04-20 17:30:17,b'RT @BuckingtonIII: Night at the Xeroxbury  #HelpCopyAFilm',California
2018-04-20 17:30:16,b'RT @HashtagRoundup: Keep rocking #HelpCopyAFilm with @AfterFFriday hosted by @DamianVanore23',California
2018-04-20 17:30:13,b'Clone Survivor\n\n#HelpCopyAFilm',California
2018-04-20 17:30:12,"b'RT @Robstark50: #HelpCopyAFilm\nKinkO Brother, Where Art Thou?'",California
2018-04-20 17:30:11,b'RT @JonathanLomas3: #HelpCopyAFilm\nBanda Brothers',California
2018-04-20 17:30:11,b'RT @nicolexavier111: Forgery Maguire #HelpCopyAFilm',California
2018-04-20 17:30:11,b'RT @nicolexavier111: Forgery Maguire #HelpCopyAFilm',California
2018-04-20 17:30:06,b'RT @charley_ck14: The Dupes of Hazard  #HelpCopyAFilm @AfterFFriday',California
2018-04-20 17:30:02,b'3D Prints of Persia #HelpCopyAFilm',California
2018-04-20 17:30:02,b'Harry Potter And The Chamber Of Harry Potter Clones #HelpCopyAFilm',California
2018-04-20 17:29:59,b'#HelpCopyAFilm\n\nSaving Private Ryan as a new file.',California
2018-04-20 17:29:58,b'RT @JDWilkinsonII: Fakes On A Plane\n #HelpCopyAFilm\n@DamianVanore23 @AfterFFriday',California
2018-04-20 17:29:57,b'Gone With the Twin #HelpCopyAFilm',California
2018-04-20 17:29:56,"b""RT @CricketArt67: The Copier's Not Working, Girl\n#HelpCopyAFilm\n@AfterFFriday https://t.co/3W5I7Rgpvi""",California
2018-04-20 17:29:52,"b""RT @VeryHeavyUncle: Harry Potter And The Sorcerer's Clone   \n#HelpCopyAFilm   @AfterFFriday""",California
2018-04-20 17:29:50,b'RT @charley_ck14: The Dupes of Hazard  #HelpCopyAFilm @AfterFFriday',California
2018-04-20 17:29:49,b'RT @KeshaTedder: #HelpCopyAFilm Piracy of the Caribbean',California
2018-04-20 17:29:46,b'RT @PhunPhactory: That Thing You Duplicate! #HelpCopyAFilm\n@AfterFFriday https://t.co/XOuAGrr63e',California
2018-04-20 17:29:45,b'RT @scifigene: Re-makes On A Plane #HelpCopyAFilm',California
2018-04-20 17:29:42,b'Dubbed and Confused #HelpCopyAFilm https://t.co/7IMjToYZ0p',California
2018-04-20 17:29:34,b'RT @VeryHeavyUncle: Josie And The Duplicats\n#HelpCopyAFilm  @AfterFFriday',California
2018-04-20 17:29:33,b'RT @MarianRosin: That Darn Copycat #HelpCopyAFilm',California
2018-04-20 17:29:29,b'RT @VeryHeavyUncle: Josie And The Duplicats\n#HelpCopyAFilm  @AfterFFriday',California
2018-04-20 17:29:25,b'The Hunt for Red Octoner #HelpCopyAFilm',California
2018-04-20 17:29:25,b'RT @RtotheTtotheC: That Thing You Ditto\n#HelpCopyAFilm\n@DamianVanore23\n@AfterFFriday',California
2018-04-20 17:29:14,b'Twin-ster #HelpCopyAFilm',California
2018-04-20 17:29:09,b'The Hand That Xerox The Cradle\n#HelpCopyAFilm\n@AfterFFriday',California
2018-04-20 17:29:06,b'RT @HashtagRoundup: Keep rocking #HelpCopyAFilm with @AfterFFriday hosted by @DamianVanore23',California
2018-04-20 17:29:05,b'#HelpCopyAFilm Con golden pond.',California
2018-04-20 17:29:03,b'Clone Alone #HelpCopyAFilm',California
2018-04-20 17:28:59,b'Ten Cups #HelpCopyAFilm',California
2018-04-20 17:28:56,"b""#HelpCopyAFilm Didn't Jurassic World: Fallen Kingdom already do this?""",California
2018-04-20 17:28:54,"b'As fun as this hashtag is, Hollywood a step ahead of you all and just keeps copying old films  #HelpCopyAFilm'",California
2018-04-20 17:28:52,b'Phoney Booth #HelpCopyAFilm',California
2018-04-20 17:28:51,b'#HelpCopyAFilm Without a Tracing Paper',California
2018-04-20 17:28:50,b'RT @TangledHotMess: Clone Away #HelpCopyAFilm',California
2018-04-20 17:28:37,b'RT @jbsmth65: The Twin Commandments #HelpCopyAFilm',California
2018-04-20 17:28:33,b'Night at the Xeroxbury  #HelpCopyAFilm',California
2018-04-20 17:28:32,b'Office Space: Revenge Of The Copier #HelpCopyAFilm',California
2018-04-20 17:28:30,b'RT @Angrypeanut5: Scanners \xf0\x9f\x91\x8b #HelpCopyAFilm https://t.co/GNXSpMYxaS',California
2018-04-20 17:28:29,"b'RT @AAskelson: Facsimile, Myself and Irene  #HelpCopyAFilm'",California
2018-04-20 17:28:28,b'Two Flew Over The Cuckoo\xe2\x80\x99s Nest #HelpCopyAFilm',California
2018-04-20 17:28:27,b'Meet Joe Carbon Black #HelpCopyAFilm',California
2018-04-20 17:28:27,b'#HelpCopyAFilm\nBanda Brothers',California
2018-04-20 17:28:26,b'RT @Selinacandygirl: #HelpCopyAFilm Happy Counterfeit',California
2018-04-20 17:28:25,b'RT @urbaneboomer: #helpcopyafilm @AfterFFriday \nEnemy Mime',California
2018-04-20 17:28:22,b'The Boot Lego movie #HelpCopyAFilm',California
2018-04-20 17:28:21,b'RT @TangledHotMess: Clone Away #HelpCopyAFilm',California
2018-04-20 17:28:21,b'RT @Selinacandygirl: #HelpCopyAFilm Happy Counterfeit',California
2018-04-20 17:28:20,"b'RT @Robstark50: #HelpCopyAFilm\nKinkO Brother, Where Art Thou?'",California
2018-04-20 17:28:19,"b'#HelpCopyAFilm\n\n""Trace Off""'",California
2018-04-20 17:28:18,"b'RT @AAskelson: Facsimile, Myself and Irene  #HelpCopyAFilm'",California
2018-04-20 17:28:16,b'RT @mannydipreso: Plagiarize Wide Shut\n#HelpCopyAFilm',California
2018-04-20 17:28:16,b'RT @mannydipreso: Plagiarize Wide Shut\n#HelpCopyAFilm',California
2018-04-20 17:28:15,b'RT @Ladyfish666: #HelpCopyAFilm Duplex and the City',California
2018-04-20 17:28:15,b'RT @weirdsavant: #HelpCopyAFilm Fax of life',California
2018-04-20 17:28:14,b'RT @nicolexavier111: Forgery Maguire #HelpCopyAFilm',California
2018-04-20 17:28:10,"b'RT @pcook102: You, Me and HP  #HelpCopyAFilm'",California
2018-04-20 17:28:10,b'RT @WorkWithKirk: #HelpCopyAFilm A Place (face down on the glass) In The Sun',California
2018-04-20 17:28:10,b'Mimeodrome\n\n #HelpCopyAFilm https://t.co/29YH2RICI5',California
2018-04-20 17:28:10,b'RT @JonathanLomas3: #HelpCopyAFilm\nStreaming Private Ryan',California
2018-04-20 17:28:10,b'RT @pcook102: Pitch Black Toner #HelpCopyAFilm',California
2018-04-20 17:28:09,b'RT @realarsenalism: @1andrewfenton #HelpCopyAFilm \nScan By Me',California
2018-04-20 17:28:07,b'RT @MarianRosin: Dopplegangers of New York #HelpCopyAFilm',California
2018-04-20 17:28:01,b'RT @jbsmth65: The Bourne Identical #HelpCopyAFilm',California
2018-04-20 17:28:01,b'RT @charley_ck14: The Dupes of Hazard  #HelpCopyAFilm @AfterFFriday',California
2018-04-20 17:27:58,b'RT @laughingskull59: Oh brother restart now...\n#HelpCopyAFilm',California
2018-04-20 17:27:56,b'#HelpCopyAFilm Thoroughly Modern Mimeograph',California
2018-04-20 17:27:55,b'Xerox Dark Thirty #HelpCopyAFilm',California
2018-04-20 17:27:54,b'#HelpCopyAFilm Everything you wanted to know about fax but were afraid to ask.\nEverything you wanted to know about\xe2\x80\xa6 https://t.co/8rH7nIyEer',California
2018-04-20 17:27:53,b'RT @AAskelson: Xerox Dark Thirty #HelpCopyAFilm',California
2018-04-20 17:27:49,b'#HelpCopyAFilm A Place (face down on the glass) In The Sun',California
2018-04-20 17:27:39,"b'You, Me and HP  #HelpCopyAFilm'",California
2018-04-20 17:27:36,b'RT @ScarabOfficial: Deriving Miss Daisy #HelpCopyAFilm',California
2018-04-20 17:27:34,b'RT @DamianVanore23: One Hour Photocopy #HelpCopyAFilm @AfterFFriday https://t.co/o4BiNDHm7F',California
2018-04-20 17:27:32,b'#helpcopyafilm The Last Imitation of Christ https://t.co/7Cuih3cMz5',California
2018-04-20 17:27:28,b'School of Mock #HelpCopyAFilm',California
2018-04-20 17:27:26,b'Sleepless Again In Seattle #HelpCopyAFilm',California
2018-04-20 17:27:15,b'Josie And The Duplicats\n#HelpCopyAFilm  @AfterFFriday',California
2018-04-20 17:27:15,b'RT @stlsaint: Catch me if you scan  #HelpCopyAFilm',California
2018-04-20 17:27:14,b'RT @GMoneyDYT: #HelpCopyAFilm Night at The Xeroxbury. https://t.co/Hn1gBQIhN1',California
2018-04-20 17:27:07,b'RT @Nessa_Star4: Me Myself &amp; Identical   #HelpCopyAFilm',California
2018-04-20 17:27:07,b'The Clone Ranger #HelpCopyAFilm',California
2018-04-20 17:27:06,"b'#HelpCopyAFilm Love, Simultaneously'",California
2018-04-20 17:27:06,b'RT @aaronsayswhat1: Home a-Clone  @AfterFFriday #HelpCopyAFilm',California
2018-04-20 17:27:04,b'RT @xonjie123: #HelpCopyAFilm\nKinko\xe2\x80\x99s Unchained',California
2018-04-20 17:26:56,b'RT @stlsaint: Catch me if you scan  #HelpCopyAFilm',California
2018-04-20 17:26:56,b'RT @PhunPhactory: That Thing You Duplicate! #HelpCopyAFilm\n@AfterFFriday https://t.co/XOuAGrr63e',California
2018-04-20 17:26:52,b'RT @Billie_Jean00: Air Forge One #HelpCopyAFilm',California
2018-04-20 17:26:47,b'RT @JRNoblin: #HelpCopyAFilm The Reproducers \n\n@AfterFFriday @DamianVanore23\n@TheHashtagGame @HashtagRoundup https://t.co/cAID2QBXNh',California
2018-04-20 17:26:39,b'Plagiarize Wide Shut\n#HelpCopyAFilm',California
2018-04-20 17:26:38,b'Forgery Maguire #HelpCopyAFilm',California
2018-04-20 17:26:34,b'#HelpCopyAFilm\nPirate Videos of the Caribbean',California
2018-04-20 17:26:32,b'@AfterFFriday #helpcopyafilm Friday the 20th. Smoke up',California
2018-04-20 17:26:32,b'#HelpCopyAFilm Kiss me duplicate',California
2018-04-20 17:26:31,b'#HelpCopyAFilm\n\nCopy Mona Lisa Smile',California
2018-04-20 17:26:30,b'RT @RoeGhost: Mimession Impossible\n#HelpCopyAFilm',California
2018-04-20 17:26:24,b'RT @pcook102: Pitch Black Toner #HelpCopyAFilm',California
2018-04-20 17:26:24,b'That Thing You Duplicate! #HelpCopyAFilm\n@AfterFFriday https://t.co/XOuAGrr63e',California
2018-04-20 17:26:24,"b'#HelpCopyAFilm\nKinkO Brother, Where Art Thou?'",California
2018-04-20 17:26:22,b'RT @charley_ck14: Mirror Poppins #HelpCopyAFilm @AfterFFriday https://t.co/pNVhKEOarf',California
2018-04-20 17:26:19,b'Despicable Mimeograph   #HelpCopyAFilm',California
2018-04-20 17:26:19,"b'RT @AAskelson: Facsimile, Myself and Irene  #HelpCopyAFilm'",California
2018-04-20 17:26:19,b'RT @1cookinggal: #HelpCopyAFilm\nDupe The Right Thing',California
2018-04-20 17:26:19,b'RT @seomac: A Bogus Life #helpcopyafilm',California
2018-04-20 17:26:15,b'#HelpCopyAFilm Happy Counterfeit',California
2018-04-20 17:26:15,b'Clone Away #HelpCopyAFilm',California
2018-04-20 17:26:14,b'RT @FromRightField: Clones Encounters of the Third Kind\n #HelpCopyAFilm',California
2018-04-20 17:26:14,b'RT @marctsherman: I Know What You Photocopied Last Summer #HelpCopyAFilm',California
2018-04-20 17:26:14,"b'RT @wwsnoopy1: #HelpCopyAFilm Daddy Boot Legs  (1955, Fred Astaire)'",California
2018-04-20 17:26:14,"b'RT @AAskelson: Facsimile, Myself and Irene  #HelpCopyAFilm'",California
2018-04-20 17:26:13,"b'#HelpCopyAFilm\n\n""Home Aclone""'",California
2018-04-20 17:26:11,b'RT @MrRaceBannon: That Thing You Duplicate  #HelpCopyAFilm',California
2018-04-20 17:26:10,b'#HelpCopyAFilm Fax of life',California
2018-04-20 17:26:09,b'RT @Travelnpack: #HelpCopyAFilm\n\nThe Sisterhood of the Traveling Pairs of Pants',California
2018-04-20 17:26:09,"b'RT @wwsnoopy1: #HelpCopyAFilm Daddy Boot Legs  (1955, Fred Astaire)'",California
2018-04-20 17:26:09,b'RT @FromRightField: Clones Encounters of the Third Kind\n #HelpCopyAFilm',California
2018-04-20 17:26:08,"b'RT @HowlinMad3: #HelpCopyAFilm You , Me  and Duplicate'",California
2018-04-20 17:26:07,b'#HelpCopyAFilm The same time next year',California
2018-04-20 17:26:04,b'#HelpCopyAFilm Duplex and the City',California
2018-04-20 17:26:01,b'Knock/Off #HelpCopyAFilm',California
2018-04-20 17:25:57,"b""Don't Tell Mom the Babysitters Counterfeit\n#HelpCopyAFilm""",California
2018-04-20 17:25:48,b'Pretty In Ink  \n#HelpCopyAFilm',California
2018-04-20 17:25:45,b'#HelpCopyAFilm Double Durham',California
2018-04-20 17:25:42,b'Right-Click\n\n#HelpCopyAFilm https://t.co/7d4Wi6jSxP',California
2018-04-20 17:25:42,"b""The Kinko's Speech... #HelpCopyAFilm""",California
2018-04-20 17:25:37,b'Pitch Black Toner #HelpCopyAFilm',California
2018-04-20 17:25:33,b'RT @stlsaint: Catch me if you scan  #HelpCopyAFilm',California
2018-04-20 17:25:33,b'The Dupes of Hazard  #HelpCopyAFilm @AfterFFriday',California
2018-04-20 17:25:30,b'I Know What You Photocopied Last Summer #HelpCopyAFilm',California
2018-04-20 17:25:30,b'RT @LukeWheeler01: Trend of Days  #HelpCopyAFilm',California
2018-04-20 17:25:26,b'RT @FromRightField: Clones Encounters of the Third Kind\n #HelpCopyAFilm',California
2018-04-20 17:25:23,b'RT @twitarman616: Planet of the Tapes \xf0\x9f\x99\x84 #HelpCopyAFilm',California
2018-04-20 17:25:22,b'RT @jimishbathia: Now You Ctrl+C Me\n#HelpCopyAFilm',California
2018-04-20 17:25:21,b'RT @ScarabOfficial: Deriving Miss Daisy #HelpCopyAFilm',California
2018-04-20 17:25:21,"b'My Little Phony , the movie #helpcopyafilm'",California
2018-04-20 17:25:20,"b'RT @JMoney731: Monkey See, Monkey Do the Right Thing\n#HelpCopyAFilm'",California
2018-04-20 17:25:19,b'#HelpCopyAFilm\nStreaming Private Ryan',California
2018-04-20 17:25:16,b'RT @AAskelson: Xerox Dark Thirty #HelpCopyAFilm',California
2018-04-20 17:25:13,"b'RT @Gamzplayah: Honey, I Cloned the Kids #HelpCopyAFilm https://t.co/6QjrBiXtfD'",California
2018-04-20 17:25:12,b'RT @KeshaTedder: #HelpCopyAFilm Piracy of the Caribbean',California
2018-04-20 17:25:10,b'RT @adrianlui: The Hand Xerox The Cradle #HelpCopyAFilm',California
2018-04-20 17:25:10,"b'#HelpCopyAFilm\n\nAlong Comes Polly, Again'",California
2018-04-20 17:25:09,b'RT @LievensATweet: Quadruple Dragon\n #HelpCopyAFilm',California
2018-04-20 17:25:08,b'RT @MrRaceBannon: That Thing You Duplicate  #HelpCopyAFilm',California
2018-04-20 17:25:06,b'RT @coolcam101: Get Hard Copy\n #HelpCopyAFilm',California
2018-04-20 17:25:06,b'#HelpCopyAFilm\nDeath trace 2000',California
2018-04-20 17:25:05,"b""RT @Johnsense38: Dude, Where's My Carbon? \n#HelpCopyAFilm""",California
2018-04-20 17:25:05,b'RT @HashtagRoundup: Keep rocking #HelpCopyAFilm with @AfterFFriday hosted by @DamianVanore23',California
2018-04-20 17:25:03,b'RT @FromRightField: Clones Encounters of the Third Kind\n #HelpCopyAFilm',California
2018-04-20 17:25:02,b'RT @laughingskull59: Oh brother restart now...\n#HelpCopyAFilm',California
2018-04-20 17:25:00,b'RT @DamianVanore23: One Hour Photocopy #HelpCopyAFilm @AfterFFriday https://t.co/o4BiNDHm7F',California
2018-04-20 17:25:00,b'RT @djinnaminx: #HelpCopyAFilm\nThe Hills Have Plagiarize',California
2018-04-20 17:24:58,"b'RT @AAskelson: Facsimile, Myself and Irene  #HelpCopyAFilm'",California
2018-04-20 17:24:57,b'RT @bigdweeb: So I Married A Fax Murderer #HelpCopyAFilm',California
2018-04-20 17:24:56,b'RT @jimishbathia: Now You Ctrl+C Me\n#HelpCopyAFilm',California
2018-04-20 17:24:55,b'#HelpCopyAFilm Badge of Honour https://t.co/Jb67qero0M',California
2018-04-20 17:24:42,b'#HelpCopyAFilm  The Man Who Haunted Himself?',California
2018-04-20 17:24:41,"b""Harry Potter And The Sorcerer's Clone   \n#HelpCopyAFilm   @AfterFFriday""",California
2018-04-20 17:24:41,b'#HelpCopyAFilm The Rewrite Stuff',California
2018-04-20 17:24:40,b'RT @xonjie123: #HelpCopyAFilm\nKinko\xe2\x80\x99s Unchained',California
2018-04-20 17:24:35,b'RT @HowlinMad3: #HelpCopyAFilm Dick Tracing \xf0\x9f\x98\x8f\xf0\x9f\xa4\x94 https://t.co/AH9BDTDq5J',California
2018-04-20 17:24:35,b'How to Clone A Guy in 10 Days\n#HelpCopyAFilm',California
2018-04-20 17:24:33,b'RT @twitarman616: Planet of the Tapes \xf0\x9f\x99\x84 #HelpCopyAFilm',California
2018-04-20 17:24:30,b'RT @savvysuzee: The Copycat In The Hat #HelpCopyAFilm https://t.co/qsizh0Cu53',California
2018-04-20 17:24:29,b'RT @ReneDenise101: Copycat on a Hot Tin Roof \n#HelpCopyAFilm https://t.co/jw4TGuVadl',California
2018-04-20 17:24:27,b'RT @f31rowe: World War Xerox #HelpCopyAFilm',California
2018-04-20 17:24:25,b'RT @jbsmth65: The Bourne Identical #HelpCopyAFilm',California
2018-04-20 17:24:23,b'RT @HeisenbergLab: Clone Collector... #HelpCopyAFilm https://t.co/j97RHCqDsr',California
2018-04-20 17:24:21,b'RT @MarianRosin: Dopplegangers of New York #HelpCopyAFilm',California
2018-04-20 17:24:20,b'RT @ScarabOfficial: Deriving Miss Daisy #HelpCopyAFilm',California
2018-04-20 17:24:19,"b'RT @wwsnoopy1: #HelpCopyAFilm Daddy Boot Legs  (1955, Fred Astaire)'",California
2018-04-20 17:24:19,b'RT @47young1: #HelpCopyAFilm \nTriplicate Weddings and a Funeral https://t.co/Dtcs65m5gK',California
2018-04-20 17:24:19,"b'#HelpCopyAFilm You , Me  and Duplicate'",California
2018-04-20 17:24:14,"b'RT @AAskelson: Facsimile, Myself and Irene  #HelpCopyAFilm'",California
2018-04-20 17:24:14,b'RT @seomac: The Fantastic Forged #helpcopyafilm',California
2018-04-20 17:24:14,"b""RT @wwsnoopy1: #HelpCopyAFilm Gangster's Crib   (2008)""",California
2018-04-20 17:24:14,b'RT @seomac: The Fast &amp; the Spurious  #helpcopyafilm',California
2018-04-20 17:24:14,b'RT @Billie_Jean00: Air Forge One #HelpCopyAFilm',California
2018-04-20 17:24:12,b'#HelpCopyAFilm\n\nThe Sisterhood of the Traveling Pairs of Pants',California
2018-04-20 17:24:09,"b""#HelpCopyAFilm\n\nI can't. It's ILLEGAL-\nLY Blonde.""",California
2018-04-20 17:24:09,b'RT @ScarabOfficial: Deriving Miss Daisy #HelpCopyAFilm',California
2018-04-20 17:24:09,b'RT @pcook102: Spool of Rock #HelpCopyAFilm',California
2018-04-20 17:24:09,b'RT @FromRightField: Clones Encounters of the Third Kind\n #HelpCopyAFilm',California
2018-04-20 17:24:09,b'RT @0ffTh3Cuff: #HelpCopyAFilm\nClone alone',California
2018-04-20 17:24:07,"b""RT @viserionrider: It's a Wonderful Double Life\n#HelpCopyAFilm @AfterFFriday""",California
2018-04-20 17:24:03,b'RT @stlsaint: Catch me if you scan  #HelpCopyAFilm',California
2018-04-20 17:24:01,b'RT @seomac: The Fantastic Forged #helpcopyafilm',California
2018-04-20 17:23:58,b'RT @KeshaTedder: #HelpCopyAFilm Piracy of the Caribbean',California
2018-04-20 17:23:55,"b'20,000 Leagues Under The CTRL-C #HelpCopyAFilm'",California
2018-04-20 17:23:55,b'RT @AAskelson: Xerox Dark Thirty #HelpCopyAFilm',California
2018-04-20 17:23:53,b'Ditto Man Tate #HelpCopyAFilm',California
2018-04-20 17:23:53,b'#HelpCopyAFilm\nDupe The Right Thing',California
2018-04-20 17:23:41,"b'Facsimile, Myself and Irene  #HelpCopyAFilm'",California
2018-04-20 17:23:41,b'RT @TheHashtagGame: More #HelpCopyAFilm with @AfterFFriday hosted by @DamianVanore23',California
2018-04-20 17:23:38,b'RT @charley_ck14: Mirror Poppins #HelpCopyAFilm @AfterFFriday https://t.co/pNVhKEOarf',California
2018-04-20 17:23:37,b'RT @urbaneboomer: #helpcopyafilm @AfterFFriday \nEnemy Mime',California
2018-04-20 17:23:35,b'RT @MarianRosin: Dopplegangers of New York #HelpCopyAFilm',California
2018-04-20 17:23:31,"b'Repeat, Love, Pray\n#HelpCopyAFilm'",California
2018-04-20 17:23:28,b'RT @AAskelson: Xerox Dark Thirty #HelpCopyAFilm',California
2018-04-20 17:23:26,b'RT @47young1: #HelpCopyAFilm \nDie Hardcopy',California
2018-04-20 17:23:24,b'RT @KeshaTedder: #HelpCopyAFilm Piracy of the Caribbean',California
2018-04-20 17:23:17,"b'#HelpCopyAFilm Daddy Boot Legs  (1955, Fred Astaire)'",California
2018-04-20 17:23:14,b'RT @fivefortweeting: Charlie and the Copycat factory \xf0\x9f\x92\x95 #HelpCopyAFilm https://t.co/Pv2jml14xT',California
2018-04-20 17:23:11,b'RT @Kryptomovies77: Beverly Hills Copier  #HelpCopyAFilm\n@AfterFFriday',California
2018-04-20 17:23:08,b'RT @HeisenbergLab: Clone Collector... #HelpCopyAFilm https://t.co/j97RHCqDsr',California
2018-04-20 17:23:07,b'RT @ThomasMcguire64: @AfterFFriday #helpcopyafilm Inglorious bloopers',California
2018-04-20 17:23:02,b'A Bogus Life #helpcopyafilm',California
2018-04-20 17:23:01,"b""RT @PhilCooks: Winter's Clone #HelpCopyAFilm\n@AfterFFriday""",California
2018-04-20 17:22:59,b'RT @FromRightField: Cool Handscanner Luke\n #HelpCopyAFilm\n@DamianVanore23 @AfterFFriday',California
2018-04-20 17:22:59,b'Clones Encounters of the Third Kind\n #HelpCopyAFilm',California
2018-04-20 17:22:58,b'RT @ThomasMcguire64: @AfterFFriday #helpcopyafilm When Hewlett met Packard',California
2018-04-20 17:22:54,b'RT @HashtagRoundup: Keep rocking #HelpCopyAFilm with @AfterFFriday hosted by @DamianVanore23',California
2018-04-20 17:22:52,b'RT @FromRightField: A Night at The Xeroxbury\n #HelpCopyAFilm\n@DamianVanore23 @AfterFFriday',California
2018-04-20 17:22:49,b'RT @LievensATweet: Quadruple Dragon\n #HelpCopyAFilm',California
2018-04-20 17:22:49,b'RT @ThomasMcguire64: @AfterFFriday #helpcopyafilm Subliminal in Seattle',California
2018-04-20 17:22:46,b'RT @KeshaTedder: #HelpCopyAFilm Piracy of the Caribbean',California
2018-04-20 17:22:46,"b""RT @Johnsense38: Dude, Where's My Carbon? \n#HelpCopyAFilm""",California
2018-04-20 17:22:46,b'The Bourne Identical #HelpCopyAFilm',California
2018-04-20 17:22:45,b'RT @FromRightField: Raging Dual\n #HelpCopyAFilm\n@DamianVanore23 @AfterFFriday',California
2018-04-20 17:22:43,b'RT @KeshaTedder: #HelpCopyAFilm Piracy of the Caribbean',California
2018-04-20 17:22:43,"b""RT @viserionrider: It's a Wonderful Double Life\n#HelpCopyAFilm @AfterFFriday""",California
2018-04-20 17:22:43,b'RT @adrianlui: The Hand Xerox The Cradle #HelpCopyAFilm',California
2018-04-20 17:22:43,b'RT @stlsaint: Catch me if you scan  #HelpCopyAFilm',California
2018-04-20 17:22:41,"b""The Copier's Not Working, Girl\n#HelpCopyAFilm\n@AfterFFriday https://t.co/3W5I7Rgpvi""",California
2018-04-20 17:22:39,b'RT @jimishbathia: Now You Ctrl+C Me\n#HelpCopyAFilm',California
2018-04-20 17:22:38,b'Fakes On A Plane\n #HelpCopyAFilm\n@DamianVanore23 @AfterFFriday',California
2018-04-20 17:22:37,b'The devil wears knockoffs  #HelpCopyAFilm',California
2018-04-20 17:22:36,b'#HelpCopyAFilm\nClone alone',California
2018-04-20 17:22:35,b'The Exorcism of Facsimile Rose #HelpCopyAFilm',California
2018-04-20 17:22:33,b'RT @MarianRosin: Dopplegangers of New York #HelpCopyAFilm',California
2018-04-20 17:22:29,b'The Fast &amp; the Spurious  #helpcopyafilm',California
2018-04-20 17:22:28,b'RT @JDWilkinsonII: Dick Tracings\n #HelpCopyAFilm\n@DamianVanore23 @AfterFFriday',California
2018-04-20 17:22:25,b'RT @ljhenshall: Kiss Me Duplicate #HelpCopyAFilm',California
2018-04-20 17:22:25,b'RT @f31rowe: World War Xerox #HelpCopyAFilm',California
2018-04-20 17:22:22,b'RT @JRNoblin: #HelpCopyAFilm Willy Wonka &amp; the Chocolate Facsimile \n\n@AfterFFriday @DamianVanore23\n@TheHashtagGame @HashtagRoundup https://\xe2\x80\xa6',California
2018-04-20 17:22:22,b'RT @HeisenbergLab: Clone Collector... #HelpCopyAFilm https://t.co/j97RHCqDsr',California
2018-04-20 17:22:21,b'RT @HashtagShowcase: You can throw a perfect bowling game anytime. Right now Join in on #HelpCopyAFilm with @AfterFFriday hosted by @Damian\xe2\x80\xa6',California
2018-04-20 17:22:20,b'RT @TangledHotMess: New Jack DupliCity #HelpCopyAFilm',California
2018-04-20 17:22:20,b'RT @ScarabOfficial: Deriving Miss Daisy #HelpCopyAFilm',California
2018-04-20 17:22:20,b'RT @WorkWithKirk: #HelpCopyAFilm The Mimeograph  Machinist',California
2018-04-20 17:22:18,b'RT @47young1: #HelpCopyAFilm \nTriplicate Weddings and a Funeral https://t.co/Dtcs65m5gK',California
2018-04-20 17:22:16,b'RT @RtotheTtotheC: That Thing You Ditto\n#HelpCopyAFilm\n@DamianVanore23\n@AfterFFriday',California
2018-04-20 17:22:15,b'RT @DamianVanore23: Black Xerox Down  #HelpCopyAFilm @AfterFFriday https://t.co/JYMBCyLbzM',California
2018-04-20 17:22:15,b'RT @scifigene: Re-makes On A Plane #HelpCopyAFilm',California
2018-04-20 17:22:15,b'RT @WorkWithKirk: #HelpCopyAFilm The Mimeograph  Machinist',California
2018-04-20 17:22:15,b'RT @weirdsavant: #HelpCopyAFilm Fakes on a plane.',California
2018-04-20 17:22:15,b'RT @scifigene: Re-makes On A Plane #HelpCopyAFilm',California
2018-04-20 17:22:14,b'Spool of Rock #HelpCopyAFilm',California
2018-04-20 17:22:12,"b' #HelpCopyAFilm RT @DamianVanore23: Well there has been a lot of copying in our Hashtag Community as of late. So, for @AfterFFriday Week 180, we want you t\xe2\x80\xa6'",California
2018-04-20 17:22:10,b'RT @twitarman616: Planet of the Tapes \xf0\x9f\x99\x84 #HelpCopyAFilm',California
2018-04-20 17:22:10,b'RT @twitarman616: Planet of the Tapes \xf0\x9f\x99\x84 #HelpCopyAFilm',California
2018-04-20 17:22:10,b'RT @scifigene: Re-makes On A Plane #HelpCopyAFilm',California
2018-04-20 17:22:09,"b""RT @wwsnoopy1: #HelpCopyAFilm Gangster's Crib   (2008)""",California
2018-04-20 17:22:09,"b""RT @Johnsense38: Dude, Where's My Carbon? \n#HelpCopyAFilm""",California
2018-04-20 17:22:07,b'#HelpCopyAFilm The Last Mimic',California
2018-04-20 17:22:05,b'RT @TheHashtagGame: More #HelpCopyAFilm with @AfterFFriday hosted by @DamianVanore23',California
2018-04-20 17:21:55,b'#helpcopyafilm The Hills Have Plagiarized https://t.co/L3rNys1gDH',California
2018-04-20 17:21:55,b'RT @Steveedub: Repo(duction) Man.  #HelpCopyAFilm',California
2018-04-20 17:21:54,b'Scanners \xf0\x9f\x91\x8b #HelpCopyAFilm https://t.co/GNXSpMYxaS',California
2018-04-20 17:21:52,b'RT @TheHashtagGame: More #HelpCopyAFilm with @AfterFFriday hosted by @DamianVanore23',California
2018-04-20 17:21:50,b'RT @coolcam101: Counterfe-IT\n #HelpCopyAFilm https://t.co/r3NjblxpRG',California
2018-04-20 17:21:47,b'RT @jimishbathia: Now You Ctrl+C Me\n#HelpCopyAFilm',California
2018-04-20 17:21:47,b'The Twin Commandments #HelpCopyAFilm',California
2018-04-20 17:21:43,b'RT @AAskelson: Xerox Dark Thirty #HelpCopyAFilm',California
2018-04-20 17:21:41,b'#HelpCopyAFilm How To Mirror A Millionaire. https://t.co/31WkEueSa7',California
2018-04-20 17:21:40,b'Raging Dual\n #HelpCopyAFilm\n@DamianVanore23 @AfterFFriday',California
2018-04-20 17:21:40,"b""RT @Johnsense38: Dude, Where's My Carbon? \n#HelpCopyAFilm""",California
2018-04-20 17:21:36,b'Dopplegangers of New York #HelpCopyAFilm',California
2018-04-20 17:21:36,"b""It's a Wonderful Double Life\n#HelpCopyAFilm @AfterFFriday""",California
2018-04-20 17:21:32,b'The Printing Press Years of our Lives #HelpCopyAFilm',California
2018-04-20 17:21:13,b'Deriving Miss Daisy #HelpCopyAFilm',California
2018-04-20 17:21:13,b'RT @JDWilkinsonII: 50 First Emulates\n #HelpCopyAFilm\n@DamianVanore23 @AfterFFriday',California
2018-04-20 17:21:13,b'RT @JDWilkinsonII: The Sun Also Plagiarizes\n #HelpCopyAFilm\n@DamianVanore23 @AfterFFriday',California
2018-04-20 17:21:12,b'RT @xmillrunner: RepliKate &amp; Leopold\n  #HelpCopyAFilm',California
2018-04-20 17:21:07,b'RT @JasonSpellman: We Bought a Xerox  #HelpCopyAFilm',California
2018-04-20 17:21:06,b'RT @FromRightField: Cool Handscanner Luke\n #HelpCopyAFilm\n@DamianVanore23 @AfterFFriday',California
2018-04-20 17:21:05,b'#HelpCopyAFilm The Mimeograph  Machinist',California
2018-04-20 17:21:04,b'RT @Mark_MeWords: Knocked Off #HelpCopyAFilm @AfterFFriday',California
2018-04-20 17:21:03,b'RT @HashtagRoundup: Keep rocking #HelpCopyAFilm with @AfterFFriday hosted by @DamianVanore23',California
2018-04-20 17:21:03,"b'Uh, there\xe2\x80\x99s been like 10 Spider-Man movies.  #HelpCopyAFilm'",California
2018-04-20 17:21:01,b'#HelpCopyAFilm  Anything with Steve Guttenburg in it?',California
2018-04-20 17:21:01,"b""#HelpCopyAFilm Gangster's Crib   (2008)""",California
2018-04-20 17:21:00,b'RT @laughingskull59: Oh brother restart now...\n#HelpCopyAFilm',California
2018-04-20 17:20:58,b'RT @FromRightField: A Night at The Xeroxbury\n #HelpCopyAFilm\n@DamianVanore23 @AfterFFriday',California
2018-04-20 17:20:58,b'@AfterFFriday #helpcopyafilm Subliminal in Seattle',California
2018-04-20 17:20:58,b'That Darn Copycat #HelpCopyAFilm',California
2018-04-20 17:20:57,b'RT @AAskelson: Xerox Dark Thirty #HelpCopyAFilm',California
2018-04-20 17:20:51,b'Manchester by the Cc: \n#HelpCopyAFilm',California
2018-04-20 17:20:47,b'An American in Parrot\n#HelpCopyAFilm https://t.co/qF0kx9piH1',California
2018-04-20 17:20:46,b'The Fantastic Forged #helpcopyafilm',California
2018-04-20 17:20:42,b'Re-makes On A Plane #HelpCopyAFilm',California
2018-04-20 17:20:40,b'RT @savvysuzee: The Copycat In The Hat #HelpCopyAFilm https://t.co/qsizh0Cu53',California
2018-04-20 17:20:34,b'RT @KeshaTedder: #HelpCopyAFilm Piracy of the Caribbean',California
2018-04-20 17:20:28,b'Plagiarize Wide Shut #HelpCopyAFilm',California
2018-04-20 17:20:25,b'RT @SethFromThe716: Clone Wolf McQuade\n\n#HelpCopyAFilm',California
2018-04-20 17:20:22,b'RT @TangledHotMess: New Jack DupliCity #HelpCopyAFilm',California
2018-04-20 17:20:22,b'RT @jimishbathia: Now You Ctrl+C Me\n#HelpCopyAFilm',California
2018-04-20 17:20:21,b'RT @djinnaminx: #HelpCopyAFilm\nThe Hills Have Plagiarize',California
2018-04-20 17:20:20,b'RT @urbaneboomer: #helpcopyafilm  Copycat on a Hot Tin Roof',California
2018-04-20 17:20:20,b'RT @darren_huxter: #HelpCopyAFilm The Apple Dumpling Doppleganger',California
2018-04-20 17:20:20,"b'RT @1cookinggal: #HelpCopyAFilm\nMimeo, Myself and Irene'",California
2018-04-20 17:20:18,b'RT @tri_stater: #HelpCopyAFilm Quads https://t.co/XsnpZqXiJO',California
2018-04-20 17:20:17,b'A Night at The Xeroxbury\n #HelpCopyAFilm\n@DamianVanore23 @AfterFFriday',California
2018-04-20 17:20:14,b'RT @elizettezamora: HP And The Canon Of Secrets \n\n#HelpCopyAFilm',California
2018-04-20 17:20:14,b'RT @GenericZA: One Hour Photostat\n\n#HelpCopyAFilm',California
2018-04-20 17:20:14,b'RT @elizettezamora: HP And The Canon Of Secrets \n\n#HelpCopyAFilm',California
2018-04-20 17:20:10,b'RT @Billie_Jean00: Air Forge One #HelpCopyAFilm',California
2018-04-20 17:20:09,b'RT @darren_huxter: #HelpCopyAFilm The Apple Dumpling Doppleganger',California
2018-04-20 17:20:09,b'RT @TangledHotMess: New Jack DupliCity #HelpCopyAFilm',California
2018-04-20 17:20:09,b'RT @maceratedbanana: Duplikate &amp; Leopold #HelpCopyAFilm',California
2018-04-20 17:20:07,b'RT @coolcam101: Counterfe-IT\n #HelpCopyAFilm https://t.co/r3NjblxpRG',California
2018-04-20 17:20:06,b'RT @JRNoblin: #HelpCopyAFilm The Reproducers \n\n@AfterFFriday @DamianVanore23\n@TheHashtagGame @HashtagRoundup https://t.co/cAID2QBXNh',California
2018-04-20 17:20:05,b'Keep rocking #HelpCopyAFilm with @AfterFFriday hosted by @DamianVanore23',California
2018-04-20 17:20:05,b'RT @Selinacandygirl: #HelpCopyAFilm Robin Hood: Prints Of Thieves',California
2018-04-20 17:20:04,b'ScAnnie  #HelpCopyAFilm https://t.co/aFjeVEK1Av',California
2018-04-20 17:20:02,b'RT @MrRaceBannon: That Thing You Duplicate  #HelpCopyAFilm',California
2018-04-20 17:20:01,b'RT @CricketArt67: 27 Presses\n#HelpCopyAFilm\n@AfterFFriday https://t.co/v0tL5GOep1',California
2018-04-20 17:20:00,"b'RT @Gamzplayah: Honey, I Cloned the Kids #HelpCopyAFilm https://t.co/6QjrBiXtfD'",California
2018-04-20 17:19:57,b'RT @charley_ck14: Mirror Poppins #HelpCopyAFilm @AfterFFriday https://t.co/pNVhKEOarf',California
2018-04-20 17:19:55,b'RT @KeshaTedder: #HelpCopyAFilm Piracy of the Caribbean',California
2018-04-20 17:19:54,b'RT @charley_ck14: Mirror Poppins #HelpCopyAFilm @AfterFFriday https://t.co/pNVhKEOarf',California
2018-04-20 17:19:52,b'Kiss Me Duplicate #HelpCopyAFilm',California
2018-04-20 17:19:52,b'RT @stlsaint: Catch me if you scan  #HelpCopyAFilm',California
2018-04-20 17:19:51,b'Planet of the Tapes \xf0\x9f\x99\x84 #HelpCopyAFilm',California
2018-04-20 17:19:50,b'@sheLLbeLL_xo Dr. Strangelove or: How I Learned to Stop Copying and Love the Bomb\n\n #HelpCopyAFilm',California
2018-04-20 17:19:48,b'@1andrewfenton #HelpCopyAFilm \nScan By Me',California
2018-04-20 17:19:46,b'RT @Selinacandygirl: #HelpCopyAFilm Robin Hood: Prints Of Thieves',California
2018-04-20 17:19:44,b'RT @_lola_bee: Hateful Duplicate\n#HelpCopyAFilm',California
2018-04-20 17:19:44,b'#HelpCopyAFilm\nPC LOAD LETTER!\nWHAT THE FUCK DOES THAT EVEN MEAN??? https://t.co/1Wiy5kXgzg',California
2018-04-20 17:19:43,b'#helpcopyafilm  Copycat on a Hot Tin Roof',California
2018-04-20 17:19:43,b'@AfterFFriday #helpcopyafilm When Hewlett met Packard',California
2018-04-20 17:19:41,b'RT @Selinacandygirl: #HelpCopyAFilm Fakes on a plane',California
2018-04-20 17:19:40,b'RT @AAskelson: Xerox Dark Thirty #HelpCopyAFilm',California
2018-04-20 17:19:39,b'RT @charley_ck14: Mirror Poppins #HelpCopyAFilm @AfterFFriday https://t.co/pNVhKEOarf',California
2018-04-20 17:19:33,b'RT @jimishbathia: Now You Ctrl+C Me\n#HelpCopyAFilm',California
2018-04-20 17:19:33,"b""RT @Johnsense38: Dude, Where's My Carbon? \n#HelpCopyAFilm""",California
2018-04-20 17:19:32,b'#HelpCopyAFilm\nCounterfe-IT \xf0\x9f\x98\x88\xf0\x9f\x8e\x88 https://t.co/6a6Sn3wNWD',California
2018-04-20 17:19:32,b'RT @HowlinMad3: #HelpCopyAFilm Dick Tracing \xf0\x9f\x98\x8f\xf0\x9f\xa4\x94 https://t.co/AH9BDTDq5J',California
2018-04-20 17:19:30,b'Cool Handscanner Luke\n #HelpCopyAFilm\n@DamianVanore23 @AfterFFriday',California
2018-04-20 17:19:30,b'#HelpCopyAFilm Fakes on a plane.',California
2018-04-20 17:19:29,b'#HelpCopyAFilm\nThe Green FacsiMILE',California
2018-04-20 17:19:29,b'RT @KeshaTedder: #HelpCopyAFilm Piracy of the Caribbean',California
2018-04-20 17:19:28,b'28 Drafts Later  \n#HelpCopyAFilm',California
2018-04-20 17:19:28,"b""Winter's Clone #HelpCopyAFilm\n@AfterFFriday""",California
2018-04-20 17:19:27,b'RT @DamianVanore23: One Hour Photocopy #HelpCopyAFilm @AfterFFriday https://t.co/o4BiNDHm7F',California
2018-04-20 17:19:25,b'RT @ZombieNights2: #HelpCopyAFilm  easy... Scanners https://t.co/T6MoOrzpw2',California
2018-04-20 17:19:23,"b' #HelpCopyAFilm RT @DamianVanore23: Well there has been a lot of copying in our Hashtag Community as of late. So, for @AfterFFriday Week 180, we want you t\xe2\x80\xa6'",California
2018-04-20 17:19:11,b'RT @ljhenshall: Thoroughly Modern Facsimile #HelpCopyAFilm',California
2018-04-20 17:19:06,b'New Jack DupliCity #HelpCopyAFilm',California
2018-04-20 17:19:03,b'RT @stlsaint: Catch me if you scan  #HelpCopyAFilm',California
2018-04-20 17:19:03,b'RT @TangledHotMess: Doppelgangers of New York #HelpCopyAFilm',California
2018-04-20 17:19:01,b'RT @xmillrunner: RepliKate &amp; Leopold\n  #HelpCopyAFilm',California
2018-04-20 17:19:00,b'RT @TYCapitalism: #HelpCopyAFilm\n\nFight Organization Club',California
2018-04-20 17:18:59,b'RT @MrRaceBannon: That Thing You Duplicate  #HelpCopyAFilm',California
2018-04-20 17:18:58,b'RT @charley_ck14: Mirror Poppins #HelpCopyAFilm @AfterFFriday https://t.co/pNVhKEOarf',California
2018-04-20 17:18:54,"b""RT @uptnhrlmb: #HelpCopyAFilm\n\nLookalike who's talking""",California
2018-04-20 17:18:51,b'RT @47young1: #HelpCopyAFilm \nDie Hardcopy',California
2018-04-20 17:18:50,b'RT @I_am_not_E: The Clone Ranger\n#HelpCopyAFilm\n@AfterFFriday',California
2018-04-20 17:18:48,b'RT @xonjie123: #HelpCopyAFilm\nKinko\xe2\x80\x99s Unchained',California
2018-04-20 17:18:47,b'Clone Survivor #HelpCopyAFilm',California
2018-04-20 17:18:46,"b""RT @Johnsense38: Dude, Where's My Carbon? \n#HelpCopyAFilm""",California
2018-04-20 17:18:46,b'Less Than Xerox  \n #HelpCopyAFilm',California
2018-04-20 17:18:45,b'#HelpCopyAFilm\n10 Things I Collate About You',California
2018-04-20 17:18:45,b'RT @aaronsayswhat1: Home a-Clone  @AfterFFriday #HelpCopyAFilm',California
2018-04-20 17:18:43,b'RT @LievensATweet: Quadruple Dragon\n #HelpCopyAFilm',California
2018-04-20 17:18:42,b'Anything with Nick Minolta #HelpCopyAFilm https://t.co/GwVu1rx4Hc',California
2018-04-20 17:18:42,b'RT @stlsaint: Catch me if you scan  #HelpCopyAFilm',California
2018-04-20 17:18:38,b'RT @JRNoblin: #HelpCopyAFilm The Reproducers \n\n@AfterFFriday @DamianVanore23\n@TheHashtagGame @HashtagRoundup https://t.co/cAID2QBXNh',California
2018-04-20 17:18:37,b'RT @1andrewfenton: #HelpCopyAFilm\n\nThe Hunt For Red Oxide Toner',California
2018-04-20 17:18:36,b'#HelpCopyAFilm No Time Forge Sargeants.',California
2018-04-20 17:18:36,b'RT @AAskelson: Xerox Dark Thirty #HelpCopyAFilm',California
2018-04-20 17:18:35,b'RT @Billie_Jean00: Air Forge One #HelpCopyAFilm',California
2018-04-20 17:18:34,b'#HelpCopyAFilm Robin Hood: Prints Of Thieves',California
2018-04-20 17:18:34,b'RT @coolcam101: Counterfe-IT\n #HelpCopyAFilm https://t.co/r3NjblxpRG',California
2018-04-20 17:18:33,b'Thoroughly Modern Facsimile #HelpCopyAFilm',California
2018-04-20 17:18:33,b'#HelpCopyAFilm\n\nTrace/Off',California
2018-04-20 17:18:32,b'RT @DamianVanore23: One Hour Photocopy #HelpCopyAFilm @AfterFFriday https://t.co/o4BiNDHm7F',California
2018-04-20 17:18:31,b'RT @bigdweeb: So I Married A Fax Murderer #HelpCopyAFilm',California
2018-04-20 17:18:29,b'RT @xmillrunner: RepliKate &amp; Leopold\n  #HelpCopyAFilm',California
2018-04-20 17:18:26,"b' #HelpCopyAFilm RT @DamianVanore23: Well there has been a lot of copying in our Hashtag Community as of late. So, for @AfterFFriday Week 180, we want you t\xe2\x80\xa6'",California
2018-04-20 17:18:26,b'RT @MrRaceBannon: That Thing You Duplicate  #HelpCopyAFilm',California
2018-04-20 17:18:25,b'Reversal Of Forgery\n\n#HelpCopyAFilm',California
2018-04-20 17:18:25,b'RT @LukeWheeler01: Trend of Days  #HelpCopyAFilm',California
2018-04-20 17:18:24,b'RT @HeisenbergLab: The Hills Have Plagiarize...   #HelpCopyAFilm',California
2018-04-20 17:18:22,b'RT @jimishbathia: Now You Ctrl+C Me\n#HelpCopyAFilm',California
2018-04-20 17:18:21,"b""RT @Johnsense38: Dude, Where's My Carbon? \n#HelpCopyAFilm""",California
2018-04-20 17:18:21,b'RT @Nessa_Star4: Me Myself &amp; Identical   #HelpCopyAFilm',California
2018-04-20 17:18:20,b'RT @AwsumPreacher: Scanners\n\n#HelpCopyAFilm',California
2018-04-20 17:18:17,b'HP And The Canon Of Secrets \n\n#HelpCopyAFilm',California
2018-04-20 17:18:15,b'RT @darren_huxter: #HelpCopyAFilm The Apple Dumpling Doppleganger',California
2018-04-20 17:18:15,b'RT @Sckswithsandals: My neighbor knocks off Totoros #HelpCopyAFilm',California
2018-04-20 17:18:15,b'RT @SethFromThe716: Clone Wolf McQuade\n\n#HelpCopyAFilm',California
2018-04-20 17:18:13,b'RT @AAskelson: Xerox Dark Thirty #HelpCopyAFilm',California
2018-04-20 17:18:13,b'One Hour Photostat\n\n#HelpCopyAFilm',California
2018-04-20 17:18:11,b'RT @f31rowe: World War Xerox #HelpCopyAFilm',California
2018-04-20 17:18:11,"b""Dude, where's my carbon copy?#HelpCopyAFilm""",California
2018-04-20 17:18:10,b'RT @SethFromThe716: Clone Wolf McQuade\n\n#HelpCopyAFilm',California
2018-04-20 17:18:10,b'RT @TangledHotMess: Doppelgangers of New York #HelpCopyAFilm',California
2018-04-20 17:18:10,b'RT @darren_huxter: #HelpCopyAFilm The Onion Paper Fields',California
2018-04-20 17:18:01,b'@AfterFFriday #helpcopyafilm Inglorious bloopers',California
2018-04-20 17:17:58,b'RT @jimishbathia: Now You Ctrl+C Me\n#HelpCopyAFilm',California
2018-04-20 17:17:57,"b'#HelpCopyAFilm\nMimeo, Myself and Irene'",California
2018-04-20 17:17:56,b'The Last Mimeographzy #HelpCopyAFilm',California
2018-04-20 17:17:52,"b""RT @IamDHop: The Lord's Lord of the Rings' Rings\n\n#HelpCopyAFilm""",California
2018-04-20 17:17:51,b'RT @stlsaint: Catch me if you scan  #HelpCopyAFilm',California
2018-04-20 17:17:51,b'RT @xmillrunner: RepliKate &amp; Leopold\n  #HelpCopyAFilm',California
2018-04-20 17:17:49,b'#HelpCopyAFilm No Toner for old men',California
2018-04-20 17:17:49,b'#HelpCopyAFilm The Apple Dumpling Doppleganger',California
2018-04-20 17:17:45,b'RT @TangledHotMess: Doppelgangers of New York #HelpCopyAFilm',California
2018-04-20 17:17:42,b'RT @aaronsayswhat1: Home a-Clone  @AfterFFriday #HelpCopyAFilm',California
2018-04-20 17:17:40,b'RT @savvysuzee: The Copycat In The Hat #HelpCopyAFilm https://t.co/qsizh0Cu53',California
2018-04-20 17:17:40,b'Clone Wolf McQuade\n\n#HelpCopyAFilm',California
2018-04-20 17:17:37,b'RT @jimishbathia: Now You Ctrl+C Me\n#HelpCopyAFilm',California
2018-04-20 17:17:36,b'Austin Powers in Clone Member #HelpCopyAFilm',California
2018-04-20 17:17:34,b'RT @KeshaTedder: #HelpCopyAFilm Piracy of the Caribbean',California
2018-04-20 17:17:34,"b""Dude, Where's My Car Salesmen?  #HelpCopyAFilm https://t.co/MOPmARI2Wq""",California
2018-04-20 17:17:30,b'RT @KeshaTedder: #HelpCopyAFilm Piracy of the Caribbean',California
2018-04-20 17:17:30,b'Burngully #HelpCopyAFilm https://t.co/TPTfsOUgT0',California
2018-04-20 17:17:25,b'RT @JDWilkinsonII: Dick Tracings\n #HelpCopyAFilm\n@DamianVanore23 @AfterFFriday',California
2018-04-20 17:17:24,b'RT @jimishbathia: Now You Ctrl+C Me\n#HelpCopyAFilm',California
2018-04-20 17:17:23,b'Duplikate &amp; Leopold #HelpCopyAFilm',California
2018-04-20 17:17:22,b'Tonerheads \n #HelpCopyAFilm',California
2018-04-20 17:17:21,b'#HelpCopyAFilm\nCarbon Paper Moon',California
2018-04-20 17:17:20,b'#HelpCopyAFilm...Prints of Tide....',California
2018-04-20 17:17:20,b'Ghostbusters x2 #helpcopyafilm',California
2018-04-20 17:17:20,b'Beverly Hills Copier  #HelpCopyAFilm\n@AfterFFriday',California
2018-04-20 17:17:12,b'Lost in Duplication #HelpCopyAFilm',California
2018-04-20 17:17:07,b'RT @DamianVanore23: Little Man Imitate #HelpCopyAFilm @AfterFFriday https://t.co/LeeXO9xDGN',California
2018-04-20 17:17:05,b'#HelpCopyAFilm\nTrace Off https://t.co/G1jAMrPRI2',California
2018-04-20 17:17:01,b'Doppelgangers of New York #HelpCopyAFilm',California
2018-04-20 17:16:59,b'RT @KeshaTedder: #HelpCopyAFilm Piracy of the Caribbean',California
2018-04-20 17:16:59,b'Kiss Me Replicate  #HelpCopyAFilm',California
2018-04-20 17:16:58,b'#HelpCopyAFilm \rHigh Plains Duplicate https://t.co/OLY5dMpxsM',California
2018-04-20 17:16:57,b'RT @MyHappyPlace18: A League of Their Clone #HelpCopyAFilm',California
2018-04-20 17:16:46,b'RT @viserionrider: Cloned in 60 Seconds\n#HelpCopyAFilm @AfterFFriday',California
2018-04-20 17:16:45,b'RT @fivefortweeting: Charlie and the Copycat factory \xf0\x9f\x92\x95 #HelpCopyAFilm https://t.co/Pv2jml14xT',California
2018-04-20 17:16:44,"b""#HelpCopyAFilm Dude Where's My Carbon Copy""",California
2018-04-20 17:16:42,b'Face/Knockoff\n\n #HelpCopyAFilm @AfterFFriday',California
2018-04-20 17:16:41,b'RT @jimishbathia: Now You Ctrl+C Me\n#HelpCopyAFilm',California
2018-04-20 17:16:36,"b'RT @JMoney731: Monkey See, Monkey Do the Right Thing\n#HelpCopyAFilm'",California
2018-04-20 17:16:35,"b'#HelpCopyAFilm Johnny English-he know no fear,no danger https://t.co/jaHpFJuUcH'",California
2018-04-20 17:16:32,"b' #HelpCopyAFilm RT @DamianVanore23: Well there has been a lot of copying in our Hashtag Community as of late. So, for @AfterFFriday Week 180, we want you t\xe2\x80\xa6'",California
2018-04-20 17:16:31,b'RT @RoeGhost: Mimession Impossible\n#HelpCopyAFilm',California
2018-04-20 17:16:29,b'RT @GMoneyDYT: #HelpCopyAFilm Dopplegangs of New York. https://t.co/0cYRFjBdbL',California
2018-04-20 17:16:28,b'#HelpCopyAFilm The Onion Paper Fields',California
2018-04-20 17:16:25,b'The Clone Ranger #HelpCopyAFilm',California
2018-04-20 17:16:25,b'RT @AwsumPreacher: Scanners\n\n#HelpCopyAFilm',California
2018-04-20 17:16:21,b'RT @jimishbathia: Now You Ctrl+C Me\n#HelpCopyAFilm',California
2018-04-20 17:16:21,b'50 First Emulates\n #HelpCopyAFilm\n@DamianVanore23 @AfterFFriday',California
2018-04-20 17:16:20,b'RT @JasonSpellman: Hot Screen Shots #HelpCopyAFilm',California
2018-04-20 17:16:20,b'RT @xonjie123: #HelpCopyAFilm\nKinko\xe2\x80\x99s Unchained',California
2018-04-20 17:16:20,b'My neighbor knocks off Totoros #HelpCopyAFilm',California
2018-04-20 17:16:19,b'RT @scifigene: The Tweet Thief #HelpCopyAFilm',California
2018-04-20 17:16:18,"b""#HelpCopyAFilm Repeat's Dragon""",California
2018-04-20 17:16:16,b'#HelpCopyAFilm\n\nSeven Brides For Seven Brothers. https://t.co/SgIa21a4o7',California
2018-04-20 17:16:15,b'Me Myself &amp; Identical   #HelpCopyAFilm',California
2018-04-20 17:16:15,b'RT @Daintiedee: #HelpCopyAFilm The Sticky Note-boook',California
2018-04-20 17:16:15,b'RT @JenTusch: Clone Encounters of the Third Kind  #HelpCopyAFilm',California
2018-04-20 17:16:15,b'RT @WorkWithKirk: #HelpCopyAFilm The Bourne Identical Twin',California
2018-04-20 17:16:14,b'RT @xonjie123: #HelpCopyAFilm\nKinko\xe2\x80\x99s Unchained',California
2018-04-20 17:16:13,"b""RT @HashtagRoundup: #HelpCopyAFilm is this week's @AfterFFriday hosted by @DamianVanore23 https://t.co/OXSrqk9wgd""",California
2018-04-20 17:16:13,b'RT @jimishbathia: So I Married Xerox Murderer \n#HelpCopyAFilm',California
2018-04-20 17:16:13,b'#HelpCopyAFilm\nSense and Stenography https://t.co/cWHOXYVixQ',California
2018-04-20 17:16:09,b'RT @AwsumPreacher: Scanners\n\n#HelpCopyAFilm',California
2018-04-20 17:16:09,b'RT @GregBernhard: #HelpCopyAFilm  O Brother Where Art Forgery Thou',California
2018-04-20 17:16:09,b'RT @JenTusch: Clone Encounters of the Third Kind  #HelpCopyAFilm',California
2018-04-20 17:16:09,b'RT @SemeiMuCasa: Scans on a plane \n#HelpCopyAFilm',California
2018-04-20 17:16:09,"b""#HelpCopyAFilm\n\nLookalike who's talking""",California
2018-04-20 17:16:07,b'#HelpCopyAFilm  CopyCatwoman',California
2018-04-20 17:16:06,b'RT @JRNoblin: #HelpCopyAFilm Willy Wonka &amp; the Chocolate Facsimile \n\n@AfterFFriday @DamianVanore23\n@TheHashtagGame @HashtagRoundup https://\xe2\x80\xa6',California
2018-04-20 17:16:06,b'#HelpCopyAFilm Repeat &amp; Tillie',California
2018-04-20 17:15:59,"b'RT @pcook102: Dude, Where\xe2\x80\x99s My Cartridge? #HelpCopyAFilm'",California
2018-04-20 17:15:56,"b""RT @Johnsense38: Dude, Where's My Carbon? \n#HelpCopyAFilm""",California
2018-04-20 17:15:51,b'RT @bigdweeb: So I Married A Fax Murderer #HelpCopyAFilm',California
2018-04-20 17:15:50,b'Rewrite of the Jedi #HelpCopyAFilm',California
2018-04-20 17:15:50,b'RT @coolcam101: The Twilight Clone\n #HelpCopyAFilm',California
2018-04-20 17:15:49,b'Happy Counterfeit\n #HelpCopyAFilm\n@DamianVanore23 @AfterFFriday',California
2018-04-20 17:15:48,b'#HelpCopyAFilm\nKinko\xe2\x80\x99s Unchained',California
2018-04-20 17:15:47,b'RT @HashtagShowcase: You can throw a perfect bowling game anytime. Right now Join in on #HelpCopyAFilm with @AfterFFriday hosted by @Damian\xe2\x80\xa6',California
2018-04-20 17:15:39,b'Copycat on a Hot Tin Roof \n#HelpCopyAFilm https://t.co/jw4TGuVadl',California
2018-04-20 17:15:37,b'The Tweet Thief #HelpCopyAFilm',California
2018-04-20 17:15:33,b'RT @TheHashtagGame: More #HelpCopyAFilm with @AfterFFriday hosted by @DamianVanore23',California
2018-04-20 17:15:33,b'Trace Balls #HelpCopyAFilm https://t.co/HI17zgskBP',California
2018-04-20 17:15:29,b'RT @TheHashtagGame: More #HelpCopyAFilm with @AfterFFriday hosted by @DamianVanore23',California
2018-04-20 17:15:28,b'#helpcopyafilm @AfterFFriday \nEnemy Mime',California
2018-04-20 17:15:27,b'RT @taniwha73: Less Than Xerox\n#HelpCopyAFilm',California
2018-04-20 17:15:27,b'RT @Selinacandygirl: #HelpCopyAFilm Fakes on a plane',California
2018-04-20 17:15:26,"b'RT @Gamzplayah: Honey, I Cloned the Kids #HelpCopyAFilm https://t.co/6QjrBiXtfD'",California
2018-04-20 17:15:26,"b""RT @Johnsense38: Dude, Where's My Carbon? \n#HelpCopyAFilm""",California
2018-04-20 17:15:22,"b' #HelpCopyAFilm RT @DamianVanore23: Well there has been a lot of copying in our Hashtag Community as of late. So, for @AfterFFriday Week 180, we want you t\xe2\x80\xa6'",California
2018-04-20 17:15:19,b'RT @DamianVanore23: Black Xerox Down  #HelpCopyAFilm @AfterFFriday https://t.co/JYMBCyLbzM',California
2018-04-20 17:15:17,"b""RT @Johnsense38: Dude, Where's My Carbon? \n#HelpCopyAFilm""",California
