2018-04-20 20:13:21,b'#LABCSummit18 #NationalLookAlikeDay #greatreadpbs #ALBOE #GaryVeeBreakfast #NewMusicFriday Super Six  https://t.co/duQUKUScPT',California
2018-04-20 20:11:41,"b' #LABCSummit18 RT @SCE_JoshuaT: ""We have to make sure it (#ElectricVehicles) isn\'t just a wealthy person\'s option."" - @SCE_TE Pres Ron Nichols at #LABCSum\xe2\x80\xa6'",California
2018-04-20 20:11:12,"b"" #LABCSummit18 RT @RenewFinancial: Our CEO @ciscodv: \xe2\x80\x9cAs founder and CEO of Renew Financial, I'm very much focused on how we democratize access to clean e\xe2\x80\xa6""",California
2018-04-20 20:10:59,"b' #LABCSummit18 RT @StephanieMolen: ""This is the clean energy DreamTeam, and Ted is the 6th Man coming in to help get it done with the CCA."" Said Jake Levi\xe2\x80\xa6'",California
2018-04-20 20:09:15,"b' #LABCSummit18 ""This is the clean energy DreamTeam, and Ted is the 6th Man coming in to help get it done with the CCA."" Said Jake\xe2\x80\xa6 https://t.co/rPGLdwhO8n'",California
2018-04-20 20:08:21,"b""RT @SCE_DianeF: We @edisonintl are proud to sponsor #LABCSummit18  and congratulate this year's @labctweets honorees #FutureIsElectric http\xe2\x80\xa6""",California
2018-04-20 20:07:08,"b' #LABCSummit18 @jaimenack Hey, fellow @UCLALuskin MPP! There are some current students (including myself)\xe2\x80\x94as well as a recent grad\xe2\x80\xa6 https://t.co/g8evBhCJpX'",California
2018-04-20 20:05:04,"b"" #LABCSummit18 Our CEO @ciscodv: \xe2\x80\x9cAs founder and CEO of Renew Financial, I'm very much focused on how we democratize access to cle\xe2\x80\xa6 https://t.co/Cq5U5xealk""",California
2018-04-20 20:04:51,"b""We @edisonintl are proud to sponsor #LABCSummit18  and congratulate this year's @labctweets honorees\xe2\x80\xa6 https://t.co/gygx8Z8UeF""",California
2018-04-20 20:03:08,"b' #LABCSummit18 Our #CleanEnergy goals are going to require new infrastructure,  new thinking, investments, and policy shifts like\xe2\x80\xa6 https://t.co/ocg97cL89X'",California
2018-04-20 20:01:01,"b""RT @OregonGovBrown: Starting now! I'm joining @GovInslee and @MayorOfLA at #LABCSummit18 to discuss #ClimateAction, watch it live: https://\xe2\x80\xa6""",California
2018-04-20 20:00:26,"b' #LABCSummit18 RT @CleanairCA: ""All the evidence suggests 100% Clean Energy is totally possible""\nSenate President pro Tem Kevin De Leon (@kdeleon)\n#sb100\xe2\x80\xa6'",California
2018-04-20 20:00:24,b'RT @JCAinLA: @labctweets #LABCSummit18 Technology-Enabled panelists @WalmartAction @Tesla @MitsubishiHVAC @SiemensUSA @LACIncubator https:/\xe2\x80\xa6',California
2018-04-20 20:00:17,b'RT @StephanieMolen: What a strong panel for technology enabled solutions for a green economy and future. @labctweets #labcsummit18 Moderato\xe2\x80\xa6',California
2018-04-20 20:00:04,b'#LABCSummit18 IS OVER! https://t.co/Ez0QeRmKEs',California
2018-04-20 19:59:47,"b' #LABCSummit18 RT @OregonGovBrown: #ClimateChange will affect everyone, but our underserved communities feel the impacts the most and hardest. As we move\xe2\x80\xa6'",California
2018-04-20 19:59:21,"b' #LABCSummit18 RT @CleanairCA: ""The President\'s fossil fuel fetish is out of whack with the reality of where the real job growth is coming from.""\nSenate P\xe2\x80\xa6'",California
2018-04-20 19:59:02,"b' #LABCSummit18 RT @CleanairCA: David Wright, General Manager of @LADWP, says that we can get really strong #EV growth by creating incentives in the second\xe2\x80\xa6'",California
2018-04-20 19:58:41,"b' #LABCSummit18 RT @SCE_JoshuaT: ""We have to make sure it (#ElectricVehicles) isn\'t just a wealthy person\'s option."" - @SCE_TE Pres Ron Nichols at #LABCSum\xe2\x80\xa6'",California
2018-04-20 19:58:31,b'RT @SCE_HaigK: &gt;@SCE Pres. Ron Nichols is speaking now @labctweets Sustainability Summit\n#LABCSummit18\n\nLive stream: https://t.co/aStAv7N6K\xe2\x80\xa6',California
2018-04-20 19:58:29,b' #LABCSummit18 RT @CleanairCA: Washington Governor Jay Inslee (@JayInslee) tells the story of a young woman who grew up in an industrial district in South\xe2\x80\xa6',California
2018-04-20 19:58:17,"b' #LABCSummit18 RT @SCE_JoshuaT: ""We have to make sure it (#ElectricVehicles) isn\'t just a wealthy person\'s option."" - @SCE_TE Pres Ron Nichols at #LABCSum\xe2\x80\xa6'",California
2018-04-20 19:58:07,"b"" #LABCSummit18 In order to reach CA's #CleanAir &amp; #GHGreduction goals, we need to deploy 7 million light+medium+heavy duty vehicle\xe2\x80\xa6 https://t.co/nnT3b4SoWZ""",California
2018-04-20 19:58:01,"b"" #LABCSummit18 RT @CleanairCA: Los Angeles Mayor Eric Garcetti (@ericgarcetti) points out that most people are concerned about what's going to happen in t\xe2\x80\xa6""",California
2018-04-20 19:57:16,b'RT @SCE_JanelleH: Excited to sponsor @labctweets Regional Solutions for an Inclusive Clean Economy Summit #LABCSummit18 https://t.co/FkHtmD\xe2\x80\xa6',California
2018-04-20 19:56:18,"b'Myeisha Gami\xc3\xb1o, Director, Corporate Affairs &amp; Government Relations presenting at the #LABCSummit18 concerning the\xe2\x80\xa6 https://t.co/mFcRLAdegu'",California
2018-04-20 19:54:41,"b' #LABCSummit18 RT @SCE_JoshuaT: ""We have to make sure it (#ElectricVehicles) isn\'t just a wealthy person\'s option."" - @SCE_TE Pres Ron Nichols at #LABCSum\xe2\x80\xa6'",California
2018-04-20 19:52:49,"b' #LABCSummit18 ""We have to make sure it (#ElectricVehicles) isn\'t just a wealthy person\'s option."" - @SCE_TE Pres Ron Nichols at\xe2\x80\xa6 https://t.co/A5gZvcqCKw'",California
2018-04-20 19:52:48,"b'Pacific Coast Collaboration on display at #LABCSummit18, representing 1/5 of the global economy, and powered by 63%\xe2\x80\xa6 https://t.co/L6WnUo5tIy'",California
2018-04-20 19:50:52,"b' #LABCSummit18 RT @OregonGovBrown: #ClimateChange will affect everyone, but our underserved communities feel the impacts the most and hardest. As we move\xe2\x80\xa6'",California
2018-04-20 19:49:16,"b"" #LABCSummit18 RT @CleanairCA: Los Angeles Mayor Eric Garcetti (@ericgarcetti) points out that most people are concerned about what's going to happen in t\xe2\x80\xa6""",California
2018-04-20 19:49:08,b' #LABCSummit18 RT @CleanairCA: Washington Governor Jay Inslee (@JayInslee) tells the story of a young woman who grew up in an industrial district in South\xe2\x80\xa6',California
2018-04-20 19:49:00,"b"" #LABCSummit18 Los Angeles Mayor Eric Garcetti (@ericgarcetti) points out that most people are concerned about what's going to hap\xe2\x80\xa6 https://t.co/qirut4GsFX""",California
2018-04-20 19:48:43,b' #LABCSummit18 Washington Governor Jay Inslee (@JayInslee) tells the story of a young woman who grew up in an industrial district\xe2\x80\xa6 https://t.co/ohhbZVA9fj',California
2018-04-20 19:48:28,"b' #LABCSummit18 RT @SCE_DianeF: Pres. @SCE Ron Nichols -how can we get to our clean energy goals ""so that it is affordable for all income levels"" and ""make\xe2\x80\xa6'",California
2018-04-20 19:48:17,"b' #LABCSummit18 RT @SCE_DianeF: Pres. @SCE Ron Nichols -how can we get to our clean energy goals ""so that it is affordable for all income levels"" and ""make\xe2\x80\xa6'",California
2018-04-20 19:48:14,"b' #LABCSummit18 Pres. @SCE Ron Nichols -how can we get to our clean energy goals ""so that it is affordable for all income levels"" a\xe2\x80\xa6 https://t.co/KBDbpOausB'",California
2018-04-20 19:44:18,"b' #LABCSummit18 Guess what, Mr. Maullin? We won\xe2\x80\x99t need 7 million EV\xe2\x80\x99s once we have @metrolosangeles complete and #affordablehousing\xe2\x80\xa6 https://t.co/EVcu6vwnWO'",California
2018-04-20 19:39:09,b'&gt;@SCE Pres. Ron Nichols is speaking now @labctweets Sustainability Summit\n#LABCSummit18\n\nLive stream:\xe2\x80\xa6 https://t.co/BK0ofskXhr',California
2018-04-20 19:39:08,b'West Coast Climate Leaders @ericgarcetti @KateBrownForOR @JayInslee #LABCSummit18 \xe2\x80\x9cWe know that we don\xe2\x80\x99t have to pi\xe2\x80\xa6 https://t.co/47qcdCdLhl',California
2018-04-20 19:38:15,b'RT @SCE_DianeF: We @SCE are pleased to part of the discussion to help reach CA #cleanenergy goals at #LABCSummit18 https://t.co/G2xG3C3rPz',California
2018-04-20 19:38:05,"b' #LABCSummit18 RT @OregonGovBrown: #ClimateChange will affect everyone, but our underserved communities feel the impacts the most and hardest. As we move\xe2\x80\xa6'",California
2018-04-20 19:35:22,b'Making wondrous discoveries on #sustainability at #LABCSummit18 .  @mnsengineers is here. https://t.co/X3TTFa89fS',California
2018-04-20 19:35:00,"b' #LABCSummit18 RT @OregonGovBrown: #ClimateChange will affect everyone, but our underserved communities feel the impacts the most and hardest. As we move\xe2\x80\xa6'",California
2018-04-20 19:34:56,b'RT @jaimenack: Congrats to @CCallahan_UCLA @LuskinCenter for the #LABCSummit18 award! Well deserved! #GoBruins @UCLALuskin https://t.co/P08\xe2\x80\xa6',California
2018-04-20 19:34:39,b'Climate leaders! @ericgarcetti @KateBrownForOR @JayInslee #LABCSummit18 \xe2\x80\x9cWe now know that we don\xe2\x80\x99t have to pick the\xe2\x80\xa6 https://t.co/HOzLs7U40n',California
2018-04-20 19:34:29,b'RT @SCE_DianeF: We @SCE are pleased to part of the discussion to help reach CA #cleanenergy goals at #LABCSummit18 https://t.co/G2xG3C3rPz',California
2018-04-20 19:34:20,b'We @SCE are pleased to part of the discussion to help reach CA #cleanenergy goals at #LABCSummit18 https://t.co/G2xG3C3rPz',California
2018-04-20 19:31:48,b' #LABCSummit18 Learning about the future of alternative energy and transportation in LA and the western states. #energydisruption\xe2\x80\xa6 https://t.co/amjDfUHWHC',California
2018-04-20 19:30:11,"b"" #LABCSummit18 RT @SCE_HaigK: So Cal Edison Pres Ron Nichols will join a panel at @labctweets #SustainabilitySummit at 12:25 pm on Achieving CA's #Climate\xe2\x80\xa6""",California
2018-04-20 19:29:59,b' #LABCSummit18 RT @jdifilippo: @LuskinCenter research shows that the West Coast region has successfully proven that economic growth and environmental lead\xe2\x80\xa6',California
2018-04-20 19:29:08,b' #LABCSummit18 @LuskinCenter research shows that the West Coast region has successfully proven that economic growth and environmen\xe2\x80\xa6 https://t.co/yHsfMYZNCw',California
2018-04-20 19:29:04,"b""RT @SSidick_CSUN: CSUN is proud to sponsor and participate in today's LABC 12th Annual Sustainability Summit at The Getty #LABCsummit18 htt\xe2\x80\xa6""",California
2018-04-20 19:21:07,"b' #LABCSummit18 RT @OregonGovBrown: #ClimateChange will affect everyone, but our underserved communities feel the impacts the most and hardest. As we move\xe2\x80\xa6'",California
2018-04-20 19:20:30,"b' #LABCSummit18 Introducing State Sen @kdeleon, our CEO @ciscodv highlighted the Senator\xe2\x80\x99s leadership on democratizing access to cl\xe2\x80\xa6 https://t.co/LWYxaMS8kw'",California
2018-04-20 19:14:46,b'RT @SCE_HaigK: #WestCoast is tripling their commitment to #CleanEnergy #RenewableEnergy \n#LABCSummit18 https://t.co/y49hylMchG',California
2018-04-20 19:12:48,"b"" #LABCSummit18 So Cal Edison Pres Ron Nichols will join a panel at @labctweets #SustainabilitySummit at 12:25 pm on Achieving CA's\xe2\x80\xa6 https://t.co/2tUMblWmQx""",California
2018-04-20 19:07:39,"b' #LABCSummit18 RT @OregonGovBrown: #ClimateChange will affect everyone, but our underserved communities feel the impacts the most and hardest. As we move\xe2\x80\xa6'",California
2018-04-20 18:59:59,"b' #LABCSummit18 RT @CleanairCA: ""The President\'s fossil fuel fetish is out of whack with the reality of where the real job growth is coming from.""\nSenate P\xe2\x80\xa6'",California
2018-04-20 18:57:31,"b'RT @JCAinLA: West Coast surpasses national GDP thanks to ambitious climate goals!  #LABCSummit18 @MayorOfLA, @OregonGovBrown, @GovInslee an\xe2\x80\xa6'",California
2018-04-20 18:57:30,"b' #LABCSummit18 RT @OregonGovBrown: #ClimateChange will affect everyone, but our underserved communities feel the impacts the most and hardest. As we move\xe2\x80\xa6'",California
2018-04-20 18:56:53,b'#WestCoast is tripling their commitment to #CleanEnergy #RenewableEnergy \n#LABCSummit18 https://t.co/y49hylMchG',California
2018-04-20 18:55:08,b' #LABCSummit18 RT @pured131: West Coast electeds like @OregonGovBrown discussing w/ Michael Northrop of @RockBrosFund how to sustain #ClimateAction in the\xe2\x80\xa6',California
2018-04-20 18:54:27,b' #LABCSummit18 RT @SCE_ZankuA: @kdeleon emphasized #CleanPower essential because SoCal has to get to acceptable #CleanAir standards. @SCE has a plan on ho\xe2\x80\xa6',California
2018-04-20 18:54:12,b' #LABCSummit18 West Coast electeds like @OregonGovBrown discussing w/ Michael Northrop of @RockBrosFund how to sustain\xe2\x80\xa6 https://t.co/6vqPe03rbU',California
2018-04-20 18:53:49,"b"" #LABCSummit18 RT @SCE_PublicAff: .@SCE is proud to sponsor and participate in today's @labctweets 12th Annual Sustainability Summit @GettyMuseum. Coming\xe2\x80\xa6""",California
2018-04-20 18:53:00,b'Happy 420 Avicii #LABCSummit18 Arsenal ON SALE NOW Kevin Williamson #GreatReadPBS #NationalLookAlikeDay https://t.co/al8KeuV0Mx',California
2018-04-20 18:51:21,b'RT @EnvCalifornia: #LABCSummit18 checking out the new flying electric cars! https://t.co/TC6rsu9s1x',California
2018-04-20 18:49:14,"b""RT @OregonGovBrown: Starting now! I'm joining @GovInslee and @MayorOfLA at #LABCSummit18 to discuss #ClimateAction, watch it live: https://\xe2\x80\xa6""",California
2018-04-20 18:46:42,"b' #LABCSummit18 ARB Chair @MaryNicholsCA, LA Councilmember @PaulKrekorian and @LuskinCenter receive sustainability leadership award\xe2\x80\xa6 https://t.co/F6ITBRYIX5'",California
2018-04-20 18:45:37,b'RT @CaBizAlliance: West Coast business and govt leaders work together to slash emissions while increasing GDP with @PCCleads #LABCSummit18.\xe2\x80\xa6',California
2018-04-20 18:44:07,"b' #LABCSummit18 RT @OregonGovBrown: #ClimateChange will affect everyone, but our underserved communities feel the impacts the most and hardest. As we move\xe2\x80\xa6'",California
2018-04-20 18:43:43,b'*smiles back at him*. #LABCSummit18',California
2018-04-20 18:40:10,b'RT @JCAinLA: I need one now! Flying car. Creating a Three-Dimensional Transportation System with Drones @labctweets @ehang #LABCsummit18 ht\xe2\x80\xa6',California
2018-04-20 18:40:06,"b"" #LABCSummit18 RT @SCE_PublicAff: .@SCE is proud to sponsor and participate in today's @labctweets 12th Annual Sustainability Summit @GettyMuseum. Coming\xe2\x80\xa6""",California
2018-04-20 18:38:02,"b' #LABCSummit18 RT @OregonGovBrown: #ClimateChange will affect everyone, but our underserved communities feel the impacts the most and hardest. As we move\xe2\x80\xa6'",California
2018-04-20 18:37:45,b'#LABCSummit18 @GovInslee  @OregonGovBrown @MayorOfLA - climate leaders and economic leaders discuss a clean energy\xe2\x80\xa6 https://t.co/i4LMufFKHV',California
2018-04-20 18:35:27,b' #LABCSummit18 RT @MyGenerationSC: The internet of things &amp; #smartgrid technology can help @LADWP manage increasing energy load from the #electrification\xe2\x80\xa6',California
2018-04-20 18:34:45,"b'RT @SCE_PublicAff: Unable to attend #LABCsummit18, but want to hear from @SCE Pres Ron Nichols and others on how we will reach our #cleanen\xe2\x80\xa6'",California
2018-04-20 18:34:34,"b""RT @OregonGovBrown: Starting now! I'm joining @GovInslee and @MayorOfLA at #LABCSummit18 to discuss #ClimateAction, watch it live: https://\xe2\x80\xa6""",California
2018-04-20 18:33:22,b'RT @CaBizAlliance: West Coast business and govt leaders work together to slash emissions while increasing GDP with @PCCleads #LABCSummit18.\xe2\x80\xa6',California
2018-04-20 18:32:52,"b""RT @OregonGovBrown: Starting now! I'm joining @GovInslee and @MayorOfLA at #LABCSummit18 to discuss #ClimateAction, watch it live: https://\xe2\x80\xa6""",California
2018-04-20 18:32:44,b'RT @threesquaresinc: #LA has reduced its #GHG emissions by 11% in 1 year - @MayorOfLA @ericgarcetti #LABCSummit18 #LosAngeles #climatechang\xe2\x80\xa6',California
2018-04-20 18:32:22,"b'Unable to attend #LABCsummit18, but want to hear from @SCE Pres Ron Nichols and others on how we will reach our\xe2\x80\xa6 https://t.co/uDus8XG7rg'",California
2018-04-20 18:31:03,b' #LABCSummit18 The internet of things &amp; #smartgrid technology can help @LADWP manage increasing energy load from the\xe2\x80\xa6 https://t.co/hzZTGgPVTF',California
2018-04-20 18:30:13,"b' #LABCSummit18 @ericgarcetti believes that ""we have to figure out a place for everyone"" to fully realize a workable sustainable fu\xe2\x80\xa6 https://t.co/TKSSfUIXGJ'",California
2018-04-20 18:27:33,b' #LABCSummit18 RT @MoveLATransit: There isn\xe2\x80\x99t another region in the world with leadership this dedicated to reducing emissions. @MayorOfLA @JayInslee @Kat\xe2\x80\xa6',California
2018-04-20 18:27:28,b'RT @ceciaguillon: Clean Energy is profitable for the tax payers #LABCSummit18 #numbers don\xe2\x80\x99t lie https://t.co/6WLewNKrdb',California
2018-04-20 18:27:23,b'RT @jaimenack: @LuskinCenter data on screen w @MayorOfLA @OregonGovBrown @WAStateGov #LABCSummit18 #SustainableDevelopment #sustainability\xe2\x80\xa6',California
2018-04-20 18:27:20,"b' #LABCSummit18 RT @OregonGovBrown: #ClimateChange will affect everyone, but our underserved communities feel the impacts the most and hardest. As we move\xe2\x80\xa6'",California
2018-04-20 18:27:20,b'RT @labctweets: The West Coast Leader are here! Thank you @OregonGovBrown  @GovInslee @MayorOfLA #LABCSummit18 https://t.co/B4TrwDWf9X',California
2018-04-20 18:27:17,b'RT @threesquaresinc: #LA has reduced its #GHG emissions by 11% in 1 year - @MayorOfLA @ericgarcetti #LABCSummit18 #LosAngeles #climatechang\xe2\x80\xa6',California
2018-04-20 18:27:12,b'RT @SCE_JoshuaT: West coast economies have grown faster than the rest of the country while also reducing #GHG emissions. #LABCSummit18 http\xe2\x80\xa6',California
2018-04-20 18:27:10,"b' #LABCSummit18 RT @MoveLATransit: \xe2\x80\x9cDo it for the right reason but do it for the practical reasons,\xe2\x80\x9d says @MayorOfLA on producing clean energy jobs, abatin\xe2\x80\xa6'",California
2018-04-20 18:27:07,b'RT @AsKendal: Chatting #greenjobs and #SustainableDevelopment at #LABCSummit18 with @OregonGovBrown @MayorOfLA @GovInslee https://t.co/qSJw\xe2\x80\xa6',California
2018-04-20 18:27:05,"b'West Coast surpasses national GDP thanks to ambitious climate goals!  #LABCSummit18 @MayorOfLA, @OregonGovBrown,\xe2\x80\xa6 https://t.co/h7tQer0s2l'",California
2018-04-20 18:26:58,b' #LABCSummit18 RT @MoveLATransit: Siting affordable housing near public transportation is one of the best things we can do to de-carbonize the economy say\xe2\x80\xa6',California
2018-04-20 18:26:53,"b'RT @LACIncubator: ""Transportation electrification is the biggest thing we need to focus on."" - David H. Wright (GM, @LADWP) #LABCSummit18 h\xe2\x80\xa6'",California
2018-04-20 18:26:49,b' #LABCSummit18 RT @SeaAsmaRun: \xe2\x80\x9cOur underserved communities feel the impacts of #climatechange the most and the hardest. We see how impacts on salmon effe\xe2\x80\xa6',California
2018-04-20 18:26:47,b' #LABCSummit18 RT @SCE_CarolynS: Workforce development 500k clean energy jobs in CA and the Epic Center of innovation. - Hon. Kevin de Leon The Figueroa f\xe2\x80\xa6',California
2018-04-20 18:26:45,"b' #LABCSummit18 RT @OregonGovBrown: #ClimateChange will affect everyone, but our underserved communities feel the impacts the most and hardest. As we move\xe2\x80\xa6'",California
2018-04-20 18:26:38,b'RT @ceciaguillon: Washington Mayor Inslee says WA RPS turned into a $7billion industry for the state #LABCSummit18 #dropthemike',California
2018-04-20 18:26:29,"b' #LABCSummit18 RT @reneedakewilson: CA OR WA have 1/5 of the world\xe2\x80\x99s economy, better than average GDP growth, WHILE clean energy production is almost doub\xe2\x80\xa6'",California
2018-04-20 18:26:20,b' #LABCSummit18 RT @SCE_ZankuA: @kdeleon emphasized #CleanPower essential because SoCal has to get to acceptable #CleanAir standards. @SCE has a plan on ho\xe2\x80\xa6',California
2018-04-20 18:25:13,"b"" #LABCSummit18 RT @SCE_PublicAff: .@SCE is proud to sponsor and participate in today's @labctweets 12th Annual Sustainability Summit @GettyMuseum. Coming\xe2\x80\xa6""",California
2018-04-20 18:19:23,"b' #LABCSummit18 RT @Bryn_Lindblad: Twice in one day -- what a treat. This time Chair of @AirResources @MaryNicholsCA is marveling at the inclusive, sustain\xe2\x80\xa6'",California
2018-04-20 18:19:03,"b' #LABCSummit18 CA OR WA have 1/5 of the world\xe2\x80\x99s economy, better than average GDP growth, WHILE clean energy production is almost d\xe2\x80\xa6 https://t.co/EBEVy1WlqS'",California
2018-04-20 18:18:57,b' #LABCSummit18 RT @sustainCSUN: We\xe2\x80\x99re looking forward to joining our friends at the @labctweets  for their 12th Annual Sustainability Summit. Dr. Erica Wo\xe2\x80\xa6',California
2018-04-20 18:18:43,b' #LABCSummit18 RT @SCE_CarolynS: Workforce development 500k clean energy jobs in CA and the Epic Center of innovation. - Hon. Kevin de Leon The Figueroa f\xe2\x80\xa6',California
2018-04-20 18:18:22,b' #LABCSummit18 #Top 20+ #Best #Free #movies #downloads #Sites To #Download #Full #HD #Movies\n #FreeMovieFriday\xe2\x80\xa6 https://t.co/8UiwQpaNMG',California
2018-04-20 18:18:13,"b' #LABCSummit18 RT @OregonGovBrown: #ClimateChange will affect everyone, but our underserved communities feel the impacts the most and hardest. As we move\xe2\x80\xa6'",California
2018-04-20 18:16:31,b'Washington Mayor Inslee says WA RPS turned into a $7billion industry for the state #LABCSummit18 #dropthemike',California
2018-04-20 18:15:58,b' #LABCSummit18 States and cities are stepping up to #ActOnClimate thanks to @JayInslee @MayorOfLA @ClimateMayors @KateBrownForOR.\xe2\x80\xa6 https://t.co/2UGihn3wJs',California
2018-04-20 18:15:50,b' #LABCSummit18 #Top 40 #Best #Free #Movie #Streaming #Sites 2018\nhttps://t.co/SY1wn64dzm\n\n#FreeMovieStreamingSites\n#Movies\xe2\x80\xa6 https://t.co/TGkWnmb7gl',California
2018-04-20 18:15:28,"b' #LABCSummit18 RT @OregonGovBrown: #ClimateChange will affect everyone, but our underserved communities feel the impacts the most and hardest. As we move\xe2\x80\xa6'",California
2018-04-20 18:14:51,b' #LABCSummit18 RT @SeaAsmaRun: \xe2\x80\x9cOur underserved communities feel the impacts of #climatechange the most and the hardest. We see how impacts on salmon effe\xe2\x80\xa6',California
2018-04-20 18:14:43,"b'RT @LACIncubator: ""Transportation electrification is the biggest thing we need to focus on."" - David H. Wright (GM, @LADWP) #LABCSummit18 h\xe2\x80\xa6'",California
2018-04-20 18:12:55,"b' #LABCSummit18 #ClimateChange will affect everyone, but our underserved communities feel the impacts the most and hardest. As we m\xe2\x80\xa6 https://t.co/GTyWlE9PcQ'",California
2018-04-20 18:12:19,b' #LABCSummit18 \xe2\x80\x9cOur underserved communities feel the impacts of #climatechange the most and the hardest. We see how impacts on sal\xe2\x80\xa6 https://t.co/JsUzDPubBd',California
2018-04-20 18:11:48,"b'RT @LACIncubator: ""Transportation electrification is the biggest thing we need to focus on."" - David H. Wright (GM, @LADWP) #LABCSummit18 h\xe2\x80\xa6'",California
2018-04-20 18:11:32,"b' #LABCSummit18 ""Transportation electrification is the biggest thing we need to focus on."" - David H. Wright (GM, @LADWP)\xe2\x80\xa6 https://t.co/RondPsEtJc'",California
2018-04-20 18:11:22,b' #LABCSummit18 Siting affordable housing near public transportation is one of the best things we can do to de-carbonize the econom\xe2\x80\xa6 https://t.co/130m0NBfJA',California
2018-04-20 17:51:18,b'Washington state has highest GDP in US. How much of that is  @JeffBezos bank balance? #LABCSummit18',California
2018-04-20 17:49:47,b'RT @labctweets: The West Coast Leader are here! Thank you @OregonGovBrown  @GovInslee @MayorOfLA #LABCSummit18 https://t.co/B4TrwDWf9X',California
2018-04-20 17:49:12,"b"" #LABCSummit18 RT @SCE_HaigK: So Cal Edison is proud to sponsor and participate in today's LABC 12th Annual Sustainability Summit @GettyMuseum #LABCsummit\xe2\x80\xa6""",California
2018-04-20 17:47:30,b'Chatting #greenjobs and #SustainableDevelopment at #LABCSummit18 with @OregonGovBrown @MayorOfLA @GovInslee https://t.co/qSJwX484Xx',California
2018-04-20 17:46:45,"b' #LABCSummit18 \xe2\x80\x9cDo it for the right reason but do it for the practical reasons,\xe2\x80\x9d says @MayorOfLA on producing clean energy jobs, a\xe2\x80\xa6 https://t.co/fUDNpyDaMY'",California
2018-04-20 17:45:35,b' #LABCSummit18 West coast economies have grown faster than the rest of the country while also reducing #GHG emissions.\xe2\x80\xa6 https://t.co/ZcxSWhwZVH',California
2018-04-20 17:45:28,b'#LA has reduced its #GHG emissions by 11% in 1 year - @MayorOfLA @ericgarcetti #LABCSummit18 #LosAngeles\xe2\x80\xa6 https://t.co/XhjL2GnNlq',California
2018-04-20 17:44:56,"b""RT @OregonGovBrown: Starting now! I'm joining @GovInslee and @MayorOfLA at #LABCSummit18 to discuss #ClimateAction, watch it live: https://\xe2\x80\xa6""",California
2018-04-20 17:44:41,b'The West Coast Leader are here! Thank you @OregonGovBrown  @GovInslee @MayorOfLA #LABCSummit18 https://t.co/B4TrwDWf9X',California
2018-04-20 17:44:01,b'@LuskinCenter data on screen w @MayorOfLA @OregonGovBrown @WAStateGov #LABCSummit18 #SustainableDevelopment\xe2\x80\xa6 https://t.co/zxH3NtUfki',California
2018-04-20 17:43:54,"b""RT @OregonGovBrown: Starting now! I'm joining @GovInslee and @MayorOfLA at #LABCSummit18 to discuss #ClimateAction, watch it live: https://\xe2\x80\xa6""",California
2018-04-20 17:43:53,b'Clean Energy is profitable for the tax payers #LABCSummit18 #numbers don\xe2\x80\x99t lie https://t.co/6WLewNKrdb',California
2018-04-20 17:42:06,b' #LABCSummit18 There isn\xe2\x80\x99t another region in the world with leadership this dedicated to reducing emissions. @MayorOfLA @JayInslee\xe2\x80\xa6 https://t.co/oCTnSqDZVo',California
2018-04-20 17:40:29,"b""RT @OregonGovBrown: Starting now! I'm joining @GovInslee and @MayorOfLA at #LABCSummit18 to discuss #ClimateAction, watch it live: https://\xe2\x80\xa6""",California
2018-04-20 17:40:07,"b'RT @SDGIS: Excellent panel on Technology-Enabled Climate Solutions at #LABCSummit18! #IoT, #AI and GIS (we\xe2\x80\x99d bet) will be crucial in leadin\xe2\x80\xa6'",California
2018-04-20 17:39:45,"b'Excellent panel on Technology-Enabled Climate Solutions at #LABCSummit18! #IoT, #AI and GIS (we\xe2\x80\x99d bet) will be cruc\xe2\x80\xa6 https://t.co/zUFHobPp5B'",California
2018-04-20 17:38:34,"b""RT @OregonGovBrown: Starting now! I'm joining @GovInslee and @MayorOfLA at #LABCSummit18 to discuss #ClimateAction, watch it live: https://\xe2\x80\xa6""",California
2018-04-20 17:37:13,"b""RT @OregonGovBrown: Starting now! I'm joining @GovInslee and @MayorOfLA at #LABCSummit18 to discuss #ClimateAction, watch it live: https://\xe2\x80\xa6""",California
2018-04-20 17:36:01,"b""RT @OregonGovBrown: Starting now! I'm joining @GovInslee and @MayorOfLA at #LABCSummit18 to discuss #ClimateAction, watch it live: https://\xe2\x80\xa6""",California
2018-04-20 17:35:43,"b""RT @OregonGovBrown: Starting now! I'm joining @GovInslee and @MayorOfLA at #LABCSummit18 to discuss #ClimateAction, watch it live: https://\xe2\x80\xa6""",California
2018-04-20 17:35:07,"b""Starting now! I'm joining @GovInslee and @MayorOfLA at #LABCSummit18 to discuss #ClimateAction, watch it live:\xe2\x80\xa6 https://t.co/SORrEXi9iT""",California
2018-04-20 17:35:02,b'RT @SCE_JanelleH: Excited to sponsor @labctweets Regional Solutions for an Inclusive Clean Economy Summit #LABCSummit18 https://t.co/FkHtmD\xe2\x80\xa6',California
2018-04-20 17:34:45,b' #LABCSummit18 RT @elipmen: Electric needs will increase 50% if all passenger vehicles go electric \xe2\x9a\xa1\xef\xb8\x8f says @LADWP GM so they are planning for future load\xe2\x80\xa6',California
2018-04-20 17:34:26,b' #LABCSummit18 RT @pinkyracr: I love hearing @Tesla Elizabeth Fretheim talk about the air quality benefits electric trucks bring to people living in the #\xe2\x80\xa6',California
2018-04-20 17:33:55,b'RT @StephanieMolen: What a strong panel for technology enabled solutions for a green economy and future. @labctweets #labcsummit18 Moderato\xe2\x80\xa6',California
2018-04-20 17:33:43,b'RT @EnvCalifornia: #LABCSummit18   David Wright from LADWP- LA is leading city for charging stations - but we need more. Check out https://\xe2\x80\xa6',California
2018-04-20 17:33:25,"b' #LABCSummit18 RT @MoveLATransit: GM of @LADWP asks why a zero-emission truck can\xe2\x80\x99t take goods from the @PortofLA to Ontario Airport, off-load, charge, an\xe2\x80\xa6'",California
2018-04-20 17:31:10,b'RT @VEDC_business: Watch the @labctweets #LABCSummit18 live on here: https://t.co/jAfbC0WN2M \xf0\x9f\x93\xba',California
2018-04-20 17:31:01,b'RT @EnvCalifornia: #LABCSummit18   David Wright from LADWP- LA is leading city for charging stations - but we need more. Check out https://\xe2\x80\xa6',California
2018-04-20 17:30:09,"b'RT @devonbriana: Up next #LABCsummit18: Governors of Oregon, Washington, and LA Mayor Eric Garcetti will discuss how the West can lead on c\xe2\x80\xa6'",California
2018-04-20 17:30:02,b' #LABCSummit18 RT @pinkyracr: I love hearing @Tesla Elizabeth Fretheim talk about the air quality benefits electric trucks bring to people living in the #\xe2\x80\xa6',California
2018-04-20 17:27:03,b'RT @SCE_JanelleH: Excited to sponsor @labctweets Regional Solutions for an Inclusive Clean Economy Summit #LABCSummit18 https://t.co/FkHtmD\xe2\x80\xa6',California
2018-04-20 17:26:39,b'RT @JCAinLA: @labctweets #LABCSummit18 Technology-Enabled panelists @WalmartAction @Tesla @MitsubishiHVAC @SiemensUSA @LACIncubator https:/\xe2\x80\xa6',California
2018-04-20 17:26:32,b'RT @StephanieMolen: What a strong panel for technology enabled solutions for a green economy and future. @labctweets #labcsummit18 Moderato\xe2\x80\xa6',California
2018-04-20 17:26:11,"b'RT @devonbriana: Up next #LABCsummit18: Governors of Oregon, Washington, and LA Mayor Eric Garcetti will discuss how the West can lead on c\xe2\x80\xa6'",California
2018-04-20 17:20:56,b' #LABCSummit18 I love hearing @Tesla Elizabeth Fretheim talk about the air quality benefits electric trucks bring to people living\xe2\x80\xa6 https://t.co/XgyAkyUg9T',California
2018-04-20 17:20:41,"b'Up next #LABCsummit18: Governors of Oregon, Washington, and LA Mayor Eric Garcetti will discuss how the West can le\xe2\x80\xa6 https://t.co/MwSJNt6TVh'",California
2018-04-20 17:20:19,"b' #LABCSummit18 RT @reneedakewilson: LA has 1/4 of the US EVs - we are early adopters. Need to incentivize affordability, chargers everywhere. LADWP has a\xe2\x80\xa6'",California
2018-04-20 17:20:13,"b' #LABCSummit18 RT @MoveLATransit: GM of @LADWP is committed to 10,000 electric chargers in 5 years but wants to do 25,000! A real commitment to providing\xe2\x80\xa6'",California
2018-04-20 17:19:10,"b' #LABCSummit18 Earth to @mattspete Bird scooters are NOT a benefit to anyone. Ask any San Franciscan. They\xe2\x80\x99re a scourge, same as d\xe2\x80\xa6 https://t.co/Vei7XKdKlF'",California
2018-04-20 17:17:08,"b' #LABCSummit18 Well, once we have a full @metrolosangeles system &amp; @VisionZeroLA most of us will be able to \xf0\x9f\x9a\xb4\xf0\x9f\x8f\xbb\xe2\x80\x8d\xe2\x99\x80\xef\xb8\x8f/\xf0\x9f\x9a\xb6\xf0\x9f\x8f\xbd\xe2\x80\x8d\xe2\x99\x80\xef\xb8\x8f/\xf0\x9f\x9a\x83 around L\xe2\x80\xa6 https://t.co/SZ32g8xv5R'",California
2018-04-20 17:15:08,b'RT @EnvCalifornia: #LABCSummit18 checking out the new flying electric cars! https://t.co/TC6rsu9s1x',California
2018-04-20 17:14:18,"b' #LABCSummit18 GM of @LADWP asks why a zero-emission truck can\xe2\x80\x99t take goods from the @PortofLA to Ontario Airport, off-load, charg\xe2\x80\xa6 https://t.co/bFzMEo2LxO'",California
2018-04-20 17:14:14,"b' #LABCSummit18 LA has 1/4 of the US EVs - we are early adopters. Need to incentivize affordability, chargers everywhere. LADWP has\xe2\x80\xa6 https://t.co/kW75ekcFWc'",California
2018-04-20 17:13:01,b'#LABCSummit18   David Wright from LADWP- LA is leading city for charging stations - but we need more. Check out https://t.co/7F2jfXjgYW',California
2018-04-20 17:12:41,b'Watch the @labctweets #LABCSummit18 live on here: https://t.co/jAfbC0WN2M \xf0\x9f\x93\xba',California
2018-04-20 17:12:30,b' #LABCSummit18 \xe2\x80\x9cPay attention to human behavior \xe2\x80\x9c - @LADWP GM David Wright discussing the projected increase in load due to\xe2\x80\xa6 https://t.co/CJn1GnaE4g',California
2018-04-20 17:11:36,"b' #LABCSummit18 David Wright, General Manager of @LADWP, says that we can get really strong #EV growth by creating incentives in th\xe2\x80\xa6 https://t.co/WWpceMKc0W'",California
2018-04-20 17:11:26,"b' #LABCSummit18 RT @CleanairCA: ""All the evidence suggests 100% Clean Energy is totally possible""\nSenate President pro Tem Kevin De Leon (@kdeleon)\n#sb100\xe2\x80\xa6'",California
2018-04-20 17:11:13,"b' #LABCSummit18 RT @SCE_HaigK: #TransportationElectrification is the future\n-David Wright, General Manager @LADWP \nat LABC 12th Annual Sustainability Summi\xe2\x80\xa6'",California
2018-04-20 17:10:58,"b' #LABCSummit18 First I\xe2\x80\x99ve heard @LADWP gives you $450 for buying a USED EV! \xf0\x9f\x98\xbb Also, as a renter, the 110v extension cord out my wi\xe2\x80\xa6 https://t.co/6nWQSsseou'",California
2018-04-20 17:10:46,b'RT @EnvCalifornia: #LABCSummit18 checking out the new flying electric cars! https://t.co/TC6rsu9s1x',California
2018-04-20 17:10:33,"b' #LABCSummit18 GM of @LADWP is committed to 10,000 electric chargers in 5 years but wants to do 25,000! A real commitment to provi\xe2\x80\xa6 https://t.co/YGVNyKW4I9'",California
2018-04-20 17:09:27,"b' #LABCSummit18 At @labctweets\xe2\x80\x99s Annual Sustainability Summit, hearing from @WalmartNewsroom @Tesla @Siemens_Energy @LADWP &amp;\xe2\x80\xa6 https://t.co/G8M8qcVDgd'",California
2018-04-20 17:08:54,b' #LABCSummit18 Newsflash @mattspete \xe2\x80\x9cLA continues to have the worst air quality in the nation.\xe2\x80\x9d @metrolosangeles and @VisionZeroLA\xe2\x80\xa6 https://t.co/w1QwMblf1D',California
2018-04-20 17:02:32,b' #LABCSummit18 RT @PCCleads: West Coast business and gov\xe2\x80\x99t leaders work together to take on reducing emissions while increasing GDP with @PCCleads #LABCSu\xe2\x80\xa6',California
2018-04-20 17:00:37,"b"" #LABCSummit18 RT @OregonGovBrown: I'm proud that Oregon is leading on environmental stewardship and looking forward to joining West Coast leaders at #LAB\xe2\x80\xa6""",California
2018-04-20 17:00:23,b' #LABCSummit18 RT @MoveLATransit: 1/4 of all new electric cars in the United States are in Los Angeles - we are the center of innovation! But we are also\xe2\x80\xa6',California
2018-04-20 17:00:11,b' #LABCSummit18 RT @MoveLATransit: 60% of Angelenos don\xe2\x80\x99t have the practical ability to have an electric vehicle because of lack of charging stations. Brin\xe2\x80\xa6',California
2018-04-20 17:00:09,b' #LABCSummit18 RT @SCE_HaigK: &gt;@Tesla is pursuing #electrification of heavy duty transportation trucks because they are the highest polluters. \n-Kasey Kra\xe2\x80\xa6',California
2018-04-20 16:59:32,b' #LABCSummit18 &gt;@Tesla is pursuing #electrification of heavy duty transportation trucks because they are the highest polluters. \n-\xe2\x80\xa6 https://t.co/gE1OdlUKK3',California
2018-04-20 16:56:39,b'Congrats to @CCallahan_UCLA @LuskinCenter for the #LABCSummit18 award! Well deserved! #GoBruins @UCLALuskin https://t.co/P08hlJNE6E',California
2018-04-20 16:55:59,b' #LABCSummit18 RT @leighphan: California is moving toward an _equitable_ 100% #renewableenergy future - with or without Washington. --@kdeleon #LABCsummit\xe2\x80\xa6',California
2018-04-20 16:55:09,b'Panel re greening up #freight #cities #procurement #LABCSummit18 w @Tesla @walmart @LACIncubator @Siemens\xe2\x80\xa6 https://t.co/p5e5actRk2',California
2018-04-20 16:54:56,b' #LABCSummit18 RT @SCE_ZankuA: @kdeleon emphasized #CleanPower essential because SoCal has to get to acceptable #CleanAir standards. @SCE has a plan on ho\xe2\x80\xa6',California
2018-04-20 16:54:41,"b"" #LABCSummit18 RT @SCE_PublicAff: .@SCE is proud to sponsor and participate in today's @labctweets 12th Annual Sustainability Summit @GettyMuseum. Coming\xe2\x80\xa6""",California
2018-04-20 16:54:24,b'1st panel in progress at #LABCSummit18 ! Watch here: https://t.co/f9gER8k6Bz #techsolutions #sustainability\xe2\x80\xa6 https://t.co/dUUyFPQcA1',California
2018-04-20 16:54:11,b'RT @SCE_HaigK: Listening to CA Senate pro Tem Emeritus Kevin de Leon at the LABC Sustainability Summit #LABCSummit18 #CleanEnergyFuture htt\xe2\x80\xa6',California
2018-04-20 16:54:07,b' #LABCSummit18 Interesting to learn that @Tesla developed a Class 8 #electric truck because they were transporting batteries for e\xe2\x80\xa6 https://t.co/X8nKjG7gwh',California
2018-04-20 16:53:52,b'RT @SCE_JanelleH: Excited to sponsor @labctweets Regional Solutions for an Inclusive Clean Economy Summit #LABCSummit18 https://t.co/FkHtmD\xe2\x80\xa6',California
2018-04-20 16:53:09,b' #LABCSummit18 West Coast business and govt leaders work together to slash emissions while increasing GDP with @PCCleads\xe2\x80\xa6 https://t.co/E7Bwmus42N',California
2018-04-20 16:52:57,"b' #LABCSummit18 RT @SCE_HaigK: #TransportationElectrification is the future\n-David Wright, General Manager @LADWP \nat LABC 12th Annual Sustainability Summi\xe2\x80\xa6'",California
2018-04-20 16:52:55,b'RT @EnvCalifornia: #LABCSummit18 checking out the new flying electric cars! https://t.co/TC6rsu9s1x',California
2018-04-20 16:52:43,b' #LABCSummit18 RT @SCE_CarolynS: Workforce development 500k clean energy jobs in CA and the Epic Center of innovation. - Hon. Kevin de Leon The Figueroa f\xe2\x80\xa6',California
2018-04-20 16:52:42,b' #LABCSummit18 RT @SCE_CarolynS: Workforce development 500k clean energy jobs in CA and the Epic Center of innovation. - Hon. Kevin de Leon The Figueroa f\xe2\x80\xa6',California
2018-04-20 16:51:53,"b"" #LABCSummit18 RT @SCE_PublicAff: .@SCE is proud to sponsor and participate in today's @labctweets 12th Annual Sustainability Summit @GettyMuseum. Coming\xe2\x80\xa6""",California
2018-04-20 16:51:42,b' #LABCSummit18 RT @SCE_ZankuA: @kdeleon emphasized #CleanPower essential because SoCal has to get to acceptable #CleanAir standards. @SCE has a plan on ho\xe2\x80\xa6',California
2018-04-20 16:51:33,b'RT @pured131: 1st hi-lites from #LABCSummit18 - welcome from @GettyFoundation and @wattcompanies and spotlight of @sustainCSUN by @EricaWoh\xe2\x80\xa6',California
2018-04-20 16:51:09,b' #LABCSummit18 RT @SCE_ZankuA: @kdeleon emphasized #CleanPower essential because SoCal has to get to acceptable #CleanAir standards. @SCE has a plan on ho\xe2\x80\xa6',California
2018-04-20 16:50:43,b'Congrats to @UCLALuskin Center for Innovation @JRDeshazo and team for #LABCSummit18 award! #sustainablecity\xe2\x80\xa6 https://t.co/iQnhz5nuHF',California
2018-04-20 16:49:09,b' #LABCSummit18 RT @threesquaresinc: .@Walmart is setting new standard for sustainability with a bold goal to use 100% #renewableenergy to \rpower its priva\xe2\x80\xa6',California
2018-04-20 16:48:48,"b' #LABCSummit18 RT @JCAinLA: @walmart doubling the number stores with charging infrastructure, becoming one of the largest network of charging stations. \xf0\x9f\x92\xaf\xe2\x80\xa6'",California
2018-04-20 16:48:38,"b'RT @pured131: 2nd AM spotlight from @ehang and intro to Tech-enabled solutions at #LABCSummit18 by Ben C\xc3\xb4t\xc3\xa9 and @LADWP GM David Wright, fea\xe2\x80\xa6'",California
2018-04-20 16:48:29,b' #LABCSummit18 RT @MoveLATransit: 1/4 of all new electric cars in the United States are in Los Angeles - we are the center of innovation! But we are also\xe2\x80\xa6',California
2018-04-20 16:48:22,b' #LABCSummit18 #ICO @tchmpls_events New #blockchain by TeachMePlease and former developers of #Cardano -  #recruiting &amp; #education\xe2\x80\xa6 https://t.co/Gr69SBxfto',California
2018-04-20 16:48:09,"b' #LABCSummit18 Exciting news from @PCSENERGY Paul Jennings- \xe2\x80\x9c60% of LA residents can\xe2\x80\x99t feasibly charge at home, so as we install c\xe2\x80\xa6 https://t.co/Bela541Z8O'",California
2018-04-20 16:47:20,"b"" #LABCSummit18 RT @SCE_PublicAff: .@SCE is proud to sponsor and participate in today's @labctweets 12th Annual Sustainability Summit @GettyMuseum. Coming\xe2\x80\xa6""",California
2018-04-20 16:47:15,b' #LABCSummit18 60% of Angelenos don\xe2\x80\x99t have the practical ability to have an electric vehicle because of lack of charging stations.\xe2\x80\xa6 https://t.co/E9r2EntwG4',California
2018-04-20 16:46:59,b'RT @StephanieMolen: What a strong panel for technology enabled solutions for a green economy and future. @labctweets #labcsummit18 Moderato\xe2\x80\xa6',California
2018-04-20 16:43:35,b' #LABCSummit18 1/4 of all new electric cars in the United States are in Los Angeles - we are the center of innovation! But we are\xe2\x80\xa6 https://t.co/ekcEJ0FTHH',California
2018-04-20 16:43:16,b'RT @StephanieMolen: What a strong panel for technology enabled solutions for a green economy and future. @labctweets #labcsummit18 Moderato\xe2\x80\xa6',California
2018-04-20 16:43:15,b'RT @Mitsubishi_USA: Our own Dr. Zafer Sahinoglu talks sustainable business at #LABCSummit18 at @GettyMuseum #mitsubishielectric #changesfor\xe2\x80\xa6',California
2018-04-20 16:42:34,b' #LABCSummit18 RT @SCE_ZankuA: @kdeleon emphasized #CleanPower essential because SoCal has to get to acceptable #CleanAir standards. @SCE has a plan on ho\xe2\x80\xa6',California
2018-04-20 16:42:31,b' #LABCSummit18 RT @SCE_ZankuA: @kdeleon emphasized #CleanPower essential because SoCal has to get to acceptable #CleanAir standards. @SCE has a plan on ho\xe2\x80\xa6',California
2018-04-20 16:42:08,"b"" #LABCSummit18 RT @SCE_PublicAff: .@SCE is proud to sponsor and participate in today's @labctweets 12th Annual Sustainability Summit @GettyMuseum. Coming\xe2\x80\xa6""",California
2018-04-20 16:41:59,"b' #LABCSummit18 RT @JCAinLA: @walmart doubling the number stores with charging infrastructure, becoming one of the largest network of charging stations. \xf0\x9f\x92\xaf\xe2\x80\xa6'",California
2018-04-20 16:41:47,b'RT @StephanieMolen: What a strong panel for technology enabled solutions for a green economy and future. @labctweets #labcsummit18 Moderato\xe2\x80\xa6',California
2018-04-20 16:41:30,b'RT @StephanieMolen: What a strong panel for technology enabled solutions for a green economy and future. @labctweets #labcsummit18 Moderato\xe2\x80\xa6',California
2018-04-20 16:40:40,"b"" #LABCSummit18 .@SCE is proud to sponsor and participate in today's @labctweets 12th Annual Sustainability Summit @GettyMuseum. Co\xe2\x80\xa6 https://t.co/iRKdBDnhWz""",California
2018-04-20 16:40:37,"b' #LABCSummit18 RT @JCAinLA: @labctweets is convening 1,500 corporate &amp; civic leaders on sustaining our clean economy. @WalmartAction will share progress o\xe2\x80\xa6'",California
2018-04-20 16:40:19,b'RT @JCAinLA: I need one now! Flying car. Creating a Three-Dimensional Transportation System with Drones @labctweets @ehang #LABCsummit18 ht\xe2\x80\xa6',California
2018-04-20 16:39:27,b'2nd AM spotlight from @ehang and intro to Tech-enabled solutions at #LABCSummit18 by Ben C\xc3\xb4t\xc3\xa9 and @LADWP GM David W\xe2\x80\xa6 https://t.co/WcFLFKZNbp',California
2018-04-20 16:38:38,b'What a strong panel for technology enabled solutions for a green economy and future. @labctweets #labcsummit18 Mode\xe2\x80\xa6 https://t.co/3Kf6CoxEuT',California
2018-04-20 16:37:37,"b' #LABCSummit18 @walmart doubling the number stores with charging infrastructure, becoming one of the largest network of charging s\xe2\x80\xa6 https://t.co/jVKxzUKbe4'",California
2018-04-20 16:37:11,b'The Best #Brain #Food That Helps Increase Your #Memory \n\nhttps://t.co/BDU1MOhFm2\n\n#LABCSummit18\n#sciencefriday\xe2\x80\xa6 https://t.co/AanD8UyhWK',California
2018-04-20 16:36:36,b'.@Walmart is setting new standard for sustainability with a bold goal to use 100% #renewableenergy to \rpower its private fleet #LABCSummit18',California
2018-04-20 16:36:08,b'RT @JCAinLA: @labctweets #LABCSummit18 Technology-Enabled panelists @WalmartAction @Tesla @MitsubishiHVAC @SiemensUSA @LACIncubator https:/\xe2\x80\xa6',California
2018-04-20 16:34:22,b'RT @SCE_HaigK: Listening to CA Senate pro Tem Emeritus Kevin de Leon at the LABC Sustainability Summit #LABCSummit18 #CleanEnergyFuture htt\xe2\x80\xa6',California
2018-04-20 16:34:12,"b' #LABCSummit18 RT @SCE_HaigK: #TransportationElectrification is the future\n-David Wright, General Manager @LADWP \nat LABC 12th Annual Sustainability Summi\xe2\x80\xa6'",California
2018-04-20 16:33:56,"b"" #LABCSummit18 RT @SCE_HaigK: So Cal Edison is proud to sponsor and participate in today's LABC 12th Annual Sustainability Summit @GettyMuseum #LABCsummit\xe2\x80\xa6""",California
2018-04-20 16:33:30,b'RT @SCE_JanelleH: Excited to sponsor @labctweets Regional Solutions for an Inclusive Clean Economy Summit #LABCSummit18 https://t.co/FkHtmD\xe2\x80\xa6',California
2018-04-20 16:33:20,b'RT @threesquaresinc: #CA forges ahead. Businesses double down on #sustainable solutions #LABCSummit18 Watch the livestream: https://t.co/z0\xe2\x80\xa6',California
2018-04-20 16:33:12,b' #LABCSummit18 RT @SCE_ZankuA: @kdeleon emphasized #CleanPower essential because SoCal has to get to acceptable #CleanAir standards. @SCE has a plan on ho\xe2\x80\xa6',California
2018-04-20 16:32:38,b'RT @JCAinLA: @labctweets #LABCSummit18 Technology-Enabled panelists @WalmartAction @Tesla @MitsubishiHVAC @SiemensUSA @LACIncubator https:/\xe2\x80\xa6',California
2018-04-20 16:32:32,"b"" #LABCSummit18 RT @SCE_HaigK: So Cal Edison is proud to sponsor and participate in today's LABC 12th Annual Sustainability Summit @GettyMuseum #LABCsummit\xe2\x80\xa6""",California
2018-04-20 16:31:49,b'Our own Dr. Zafer Sahinoglu talks sustainable business at #LABCSummit18 at @GettyMuseum #mitsubishielectric\xe2\x80\xa6 https://t.co/8k2mKdQwRw',California
2018-04-20 16:31:36,b' #LABCSummit18 @kdeleon emphasized #CleanPower essential because SoCal has to get to acceptable #CleanAir standards. @SCE has a pl\xe2\x80\xa6 https://t.co/XbYmsgIisd',California
2018-04-20 16:31:25,b'#CA forges ahead. Businesses double down on #sustainable solutions #LABCSummit18 Watch the livestream:\xe2\x80\xa6 https://t.co/el7sRh5WII',California
2018-04-20 16:31:18,b'@WalmartAction now live at  #LABCSummit18. Livestream here:\xc2\xa0https://t.co/jX4PtWlfTc https://t.co/ACXMOrrT6t',California
2018-04-20 16:30:47,b' #LABCSummit18 RT @BetterWrldGroup: West Coast business and gov\xe2\x80\x99t leaders work together to take on reducing emissions while increasing GDP with @PCCleads\xe2\x80\xa6',California
2018-04-20 16:30:29,"b"" #LABCSummit18 RT @jdifilippo: @kdeleon recieved a standing ovation after highlighting California's leadership in reducing energy use, developing renewabl\xe2\x80\xa6""",California
2018-04-20 16:29:54,"b' #LABCSummit18 #TransportationElectrification is the future\n-David Wright, General Manager @LADWP \nat LABC 12th Annual Sustainabil\xe2\x80\xa6 https://t.co/CCGXTJBLkg'",California
2018-04-20 16:27:58,b' #LABCSummit18 Electric needs will increase 50% if all passenger vehicles go electric \xe2\x9a\xa1\xef\xb8\x8f says @LADWP GM so they are planning for f\xe2\x80\xa6 https://t.co/Lj4TgVLvHp',California
2018-04-20 16:26:14,"b"" #LABCSummit18 @kdeleon recieved a standing ovation after highlighting California's leadership in reducing energy use, developing\xe2\x80\xa6 https://t.co/xYpZWn1smf""",California
2018-04-20 16:23:29,b'RT @EnvCalifornia: #LABCSummit18 checking out the new flying electric cars! https://t.co/TC6rsu9s1x',California
2018-04-20 16:23:13,b'RT @SCE_JanelleH: Excited to sponsor @labctweets Regional Solutions for an Inclusive Clean Economy Summit #LABCSummit18 https://t.co/FkHtmD\xe2\x80\xa6',California
2018-04-20 16:23:09,b' #LABCSummit18 RT @SCE_CarolynS: Workforce development 500k clean energy jobs in CA and the Epic Center of innovation. - Hon. Kevin de Leon The Figueroa f\xe2\x80\xa6',California
2018-04-20 16:22:47,"b' #LABCSummit18 RT @sustainCSUN: In today\xe2\x80\x99s first spotlight session, our director Dr. Erica Wohldmann shared CSUN\xe2\x80\x99s commitment to climate leadership! Thril\xe2\x80\xa6'",California
2018-04-20 16:22:46,b' #LABCSummit18 I need one now! Flying car. Creating a Three-Dimensional Transportation System with Drones @labctweets @ehang\xe2\x80\xa6 https://t.co/fEM4155uIQ',California
2018-04-20 16:22:44,b'RT @CaBizAlliance: West Coast business and govt leaders work together to slash emissions while increasing GDP with @PCCleads #LABCSummit18.\xe2\x80\xa6',California
2018-04-20 16:22:10,b' #LABCSummit18 RT @leighphan: California is moving toward an _equitable_ 100% #renewableenergy future - with or without Washington. --@kdeleon #LABCsummit\xe2\x80\xa6',California
2018-04-20 16:20:28,b' #LABCSummit18 RT @leighphan: California is moving toward an _equitable_ 100% #renewableenergy future - with or without Washington. --@kdeleon #LABCsummit\xe2\x80\xa6',California
2018-04-20 16:18:34,"b""Creating a three-dimensional transportation system with Drones. @ehang @XiongDerrick #LABCSummit18 interesting.  I'\xe2\x80\xa6 https://t.co/AqfHLA9EDv""",California
2018-04-20 16:18:10,"b'\xe2\x80\x9cPeople are not afraid of death, they are afraid of new ways of dying.\xe2\x80\x9d CMO for @ehang on flyin cars #LABCSummit18'",California
2018-04-20 16:18:05,b'talking drone transportation at #LABCSummit18 https://t.co/o7tyfz2JiF',California
2018-04-20 16:16:07,b' #LABCSummit18 California is moving toward an _equitable_ 100% #renewableenergy future - with or without Washington. --@kdeleon\xe2\x80\xa6 https://t.co/fVqWTuXeVW',California
2018-04-20 16:15:54,b'RT @SCE_JanelleH: Excited to sponsor @labctweets Regional Solutions for an Inclusive Clean Economy Summit #LABCSummit18 https://t.co/FkHtmD\xe2\x80\xa6',California
2018-04-20 16:15:32,b' #LABCSummit18 RT @SCE_CarolynS: Workforce development 500k clean energy jobs in CA and the Epic Center of innovation. - Hon. Kevin de Leon The Figueroa f\xe2\x80\xa6',California
2018-04-20 16:15:18,b' #LABCSummit18 West Coast business and gov\xe2\x80\x99t leaders work together to take on reducing emissions while increasing GDP with\xe2\x80\xa6 https://t.co/k8skQmr56B',California
2018-04-20 16:15:17,b'RT @EnvCalifornia: #LABCSummit18 checking out the new flying electric cars! https://t.co/TC6rsu9s1x',California
2018-04-20 16:15:10,"b'RT @pured131: More hi-lites from AM at #LABCSummit18 - Keynote from State Sen. Kevin de Le\xc3\xb3n, as intro\xe2\x80\x99d by Cisco DeVries - talk of CA as #\xe2\x80\xa6'",California
2018-04-20 16:15:06,b' #LABCSummit18 West Coast business and govt leaders work together to slash emissions while increasing GDP with @PCCleads\xe2\x80\xa6 https://t.co/hMMBWFimls',California
2018-04-20 16:14:58,"b' #LABCSummit18 In today\xe2\x80\x99s first spotlight session, our director Dr. Erica Wohldmann shared CSUN\xe2\x80\x99s commitment to climate leadership\xe2\x80\xa6 https://t.co/YXEWcwoboQ'",California
2018-04-20 16:14:31,b' #LABCSummit18 What does a #green #home of the #future look like? #EV and @ehang #drone to fly around the city and avoid LA traffi\xe2\x80\xa6 https://t.co/aZbr1q3WGf',California
2018-04-20 16:13:57,"b'More hi-lites from AM at #LABCSummit18 - Keynote from State Sen. Kevin de Le\xc3\xb3n, as intro\xe2\x80\x99d by Cisco DeVries - talk\xe2\x80\xa6 https://t.co/datfVU7lt4'",California
2018-04-20 16:13:44,b'#LABCSummit18 checking out the new flying electric cars! https://t.co/TC6rsu9s1x',California
2018-04-20 16:13:43,b' #LABCSummit18 RT @SCE_CarolynS: Workforce development 500k clean energy jobs in CA and the Epic Center of innovation. - Hon. Kevin de Leon The Figueroa f\xe2\x80\xa6',California
2018-04-20 16:13:31,b' #LABCSummit18 Workforce development 500k clean energy jobs in CA and the Epic Center of innovation. - Hon. Kevin de Leon The Figu\xe2\x80\xa6 https://t.co/jpKxv5ZuNa',California
2018-04-20 16:11:20,b'RT @SCE_HaigK: Listening to CA Senate pro Tem Emeritus Kevin de Leon at the LABC Sustainability Summit #LABCSummit18 #CleanEnergyFuture htt\xe2\x80\xa6',California
2018-04-20 16:11:04,b' #LABCSummit18 RT @NPDESlaw: Great keynote by Sen. Kevin de Leon \xe2\x80\x9cCalifornia is the keeper of the flame\xe2\x80\x9d in the absence of leadership in Washington.\n\n#Equ\xe2\x80\xa6',California
2018-04-20 16:10:52,b'RT @jaimenack: @ehang super cool #drone performance w 1000+ drones each carrying #led light #LABCSummit18 #labc #sustainablecity #sustainab\xe2\x80\xa6',California
2018-04-20 16:10:40,b'RT @SCE_JanelleH: Excited to sponsor @labctweets Regional Solutions for an Inclusive Clean Economy Summit #LABCSummit18 https://t.co/FkHtmD\xe2\x80\xa6',California
2018-04-20 16:08:36,b'Excited to sponsor @labctweets Regional Solutions for an Inclusive Clean Economy Summit #LABCSummit18 https://t.co/FkHtmDjZ9f',California
2018-04-20 16:08:19,b'1st hi-lites from #LABCSummit18 - welcome from @GettyFoundation and @wattcompanies and spotlight of @sustainCSUN by\xe2\x80\xa6 https://t.co/vmJfwqtLY6',California
2018-04-20 16:05:18,"b' #LABCSummit18 RT @CleanairCA: ""All the evidence suggests 100% Clean Energy is totally possible""\nSenate President pro Tem Kevin De Leon (@kdeleon)\n#sb100\xe2\x80\xa6'",California
2018-04-20 16:05:08,b'Proud to support @labctweets #LABCSummit18 #wecantogether',California
2018-04-20 16:04:00,b'@ehang super cool #drone performance w 1000+ drones each carrying #led light #LABCSummit18 #labc #sustainablecity\xe2\x80\xa6 https://t.co/62BKRXGOVb',California
2018-04-20 16:03:34,b' #LABCSummit18 Great keynote by Sen. Kevin de Leon \xe2\x80\x9cCalifornia is the keeper of the flame\xe2\x80\x9d in the absence of leadership in Washing\xe2\x80\xa6 https://t.co/c29lw0AqAj',California
2018-04-20 15:59:49,"b"" #LABCSummit18 Congrats @walmart Chief Sustainability Officer @KathleenForGood for making The World's 50 Greatest Leaders list.\xe2\x80\xa6 https://t.co/sr8OXfeunM""",California
2018-04-20 15:58:45,"b' #LABCSummit18 RT @CleanairCA: ""The President\'s fossil fuel fetish is out of whack with the reality of where the real job growth is coming from.""\nSenate P\xe2\x80\xa6'",California
2018-04-20 15:57:09,"b' #LABCSummit18 ""All the evidence suggests 100% Clean Energy is totally possible""\nSenate President pro Tem Kevin De Leon (@kdeleon)\xe2\x80\xa6 https://t.co/fUjOUxGxp6'",California
2018-04-20 15:55:25,b'Thank you for your support! #sustainCSUN #LABCSummit18 https://t.co/tXsWuEOwKz',California
2018-04-20 15:54:58,b'@CAptEmeritus CA forges ahead. Businesses double down on #Sustainable solutions #LABCSummit18 Watch the livestream:\xe2\x80\xa6 https://t.co/ITYjxxxPDN',California
2018-04-20 15:54:22,"b' #LABCSummit18 RT @CleanairCA: ""The President\'s fossil fuel fetish is out of whack with the reality of where the real job growth is coming from.""\nSenate P\xe2\x80\xa6'",California
2018-04-20 15:53:31,b'Listening to CA Senate pro Tem Emeritus Kevin de Leon at the LABC Sustainability Summit #LABCSummit18\xe2\x80\xa6 https://t.co/aUFD1CnxSJ',California
2018-04-20 15:50:32,"b' #LABCSummit18 ""The President\'s fossil fuel fetish is out of whack with the reality of where the real job growth is coming from.""\xe2\x80\xa6 https://t.co/EkNJLkutTX'",California
2018-04-20 15:49:45,"b"" #LABCSummit18 RT @SCE_HaigK: So Cal Edison is proud to sponsor and participate in today's LABC 12th Annual Sustainability Summit @GettyMuseum #LABCsummit\xe2\x80\xa6""",California
2018-04-20 15:46:26,b' #LABCSummit18 @Walmart is setting new standard for #sustainability with a bold goal to use 100% #RenewableEnergy to power its pri\xe2\x80\xa6 https://t.co/mV0TJItcht',California
2018-04-20 15:45:00,b' #LABCSummit18 West Coast business and govt leaders work together to slash emissions while increasing GDP with @PCCleads\xe2\x80\xa6 https://t.co/VRNFHQvepa',California
2018-04-20 15:44:37,b'#LABCSummit18 @kdeleon  \xe2\x80\x9cOur commitment to clean energy is stronger than ever.\xe2\x80\x9d Thank you for your leadership. https://t.co/u9HnFxGoXV',California
2018-04-20 15:40:05,b'CA forges ahead. Businesses double down on sustainable solutions #LABCSummit18 Watch the livestream: https://t.co/RG5LLBdaVO',California
2018-04-20 15:38:40,b' #LABCSummit18 RT @PCCleads: West Coast business and gov\xe2\x80\x99t leaders work together to take on reducing emissions while increasing GDP with @PCCleads #LABCSu\xe2\x80\xa6',California
2018-04-20 15:38:17,b'RT @WalmartAction: Watch our LIVE #Sustainability update from Los Angeles #LABCSummit18 @ 8:50am PST \xf0\x9f\x91\x80 https://t.co/eDytaQOJKo https://t.co\xe2\x80\xa6',California
2018-04-20 15:38:04,b'RT @JProchnik: West Coast business and govt leaders work together to slash emissions while increasing GDP with @PCCleads #LABCSummit18. Wat\xe2\x80\xa6',California
2018-04-20 15:36:41,"b' #LABCSummit18 RT @JCAinLA: @labctweets is convening 1,500 corporate &amp; civic leaders on sustaining our clean economy. @WalmartAction will share progress o\xe2\x80\xa6'",California
2018-04-20 15:36:17,"b""Tune into today's @labctweets Sustainability Summit at https://t.co/aStAv7N6K2\n#LABCSummit18 https://t.co/i1VCNu3urc""",California
2018-04-20 15:34:45,"b' #LABCSummit18 RT @JCAinLA: @labctweets is convening 1,500 corporate &amp; civic leaders on sustaining our clean economy. @WalmartAction will share progress o\xe2\x80\xa6'",California
2018-04-20 15:34:09,b'RT @JCAinLA: @labctweets #LABCSummit18 Technology-Enabled panelists @WalmartAction @Tesla @MitsubishiHVAC @SiemensUSA @LACIncubator https:/\xe2\x80\xa6',California
2018-04-20 15:33:33,b'The view from #LABCSummit18. Fittingly green. Event is live streaming today. Check us out: https://t.co/j3kD6dmhhD https://t.co/UFGLLWkENa',California
2018-04-20 15:29:41,b'@labctweets #LABCSummit18 Technology-Enabled panelists @WalmartAction @Tesla @MitsubishiHVAC @SiemensUSA\xe2\x80\xa6 https://t.co/FOI7z9ihxk',California
2018-04-20 15:27:36,b' #LABCSummit18 West Coast business and govt leaders work together to slash emissions while increasing GDP with @PCCleads\xe2\x80\xa6 https://t.co/dMVCxBQ0e3',California
2018-04-20 15:24:38,"b""RT @SCE_HaigK: &gt;&gt;@SCE is at the tonight's @labctweets 12th Annual Sustainability Summit #LABCSummit18. Congratulations to the honorees\xf0\x9f\x8f\x86-- @\xe2\x80\xa6""",California
2018-04-20 15:23:41,"b"" #LABCSummit18 RT @KarHaig: Southern California Edison (SCE) is proud to sponsor and participate in today's Los Angeles Business Council Sustainability Su\xe2\x80\xa6""",California
2018-04-20 15:22:39,b' #LABCSummit18 RT @labctweets: The @LuskinCenter is first class. This is award is near and dear to our heart. Congratulations on the Sustainable Impact Aw\xe2\x80\xa6',California
2018-04-20 15:16:06,b'Watch our LIVE #Sustainability update from Los Angeles #LABCSummit18 @ 8:50am PST \xf0\x9f\x91\x80 https://t.co/eDytaQOJKo https://t.co/HFnF9OprW1',California
2018-04-20 15:15:26,"b"" #LABCSummit18 RT @SCE_HaigK: So Cal Edison is proud to sponsor and participate in today's LABC 12th Annual Sustainability Summit @GettyMuseum #LABCsummit\xe2\x80\xa6""",California
2018-04-20 15:15:13,"b"" #LABCSummit18 Southern California Edison (SCE) is proud to sponsor and participate in today's Los Angeles Business Council Sustai\xe2\x80\xa6 https://t.co/eveTYkADQy""",California
2018-04-20 15:08:57,b'Yes! Great job and keep up the outstanding work @LuskinCenter ! cc: @UCLA @UCLALuskin @CCallahan_UCLA #labcsummit18\xe2\x80\xa6 https://t.co/oWuLLdmPoL',California
2018-04-20 15:08:33,"b"" #LABCSummit18 So Cal Edison is proud to sponsor and participate in today's LABC 12th Annual Sustainability Summit @GettyMuseum\xe2\x80\xa6 https://t.co/W6ynyg5LVV""",California
2018-04-20 14:58:00,b' #LABCSummit18 West Coast business and gov\xe2\x80\x99t leaders work together to take on reducing emissions while increasing GDP with\xe2\x80\xa6 https://t.co/mafpjhlBnb',California
2018-04-20 14:54:10,"b' #LABCSummit18 @labctweets is convening 1,500 corporate &amp; civic leaders on sustaining our clean economy. @WalmartAction will share\xe2\x80\xa6 https://t.co/5gYWvhtETc'",California
2018-04-20 14:16:22,"b"" #LABCSummit18 CSUN is proud to sponsor and participate in today's LABC 12th Annual Sustainability Summit at The Getty\xe2\x80\xa6 https://t.co/pNQLXJB68x""",California
2018-04-20 13:39:31,b'RT @WomenGreenForum: The #WestCoast surpasses national GDP thanks to ambitious #climate goals! Join the #LABCSummit18 &amp; hear from @MayorOfL\xe2\x80\xa6',California
2018-04-20 13:39:24,"b'RT @LogistecGroup: \xe2\x80\x98@SanexenWater is attending the #LABCSummit18 to hear from @MayorOfLA @EricGarcetti, @OregonGovBrown, @GovInslee and @PC\xe2\x80\xa6'",California
2018-04-20 13:35:47,"b"" #LABCSummit18 RT @OregonGovBrown: I'm proud that Oregon is leading on environmental stewardship and looking forward to joining West Coast leaders at #LAB\xe2\x80\xa6""",California
2018-04-20 12:33:08,"b' #LABCSummit18 RT @Bryn_Lindblad: Twice in one day -- what a treat. This time Chair of @AirResources @MaryNicholsCA is marveling at the inclusive, sustain\xe2\x80\xa6'",California
2018-04-20 08:41:20,"b"" #LABCSummit18 RT @OregonGovBrown: I'm proud that Oregon is leading on environmental stewardship and looking forward to joining West Coast leaders at #LAB\xe2\x80\xa6""",California
2018-04-20 07:26:21,"b"" #LABCSummit18 RT @OregonGovBrown: I'm proud that Oregon is leading on environmental stewardship and looking forward to joining West Coast leaders at #LAB\xe2\x80\xa6""",California
2018-04-20 05:52:55,b'RT @Bryn_Lindblad: Enjoying the nice view from the #LABCsummit18 VIP reception. And the excellent company. Looking forward to more good stu\xe2\x80\xa6',California
2018-04-20 04:35:33,b' #LABCSummit18 RT @labctweets: The @LuskinCenter is first class. This is award is near and dear to our heart. Congratulations on the Sustainable Impact Aw\xe2\x80\xa6',California
2018-04-20 04:34:12,b'RT @WomenGreenForum: The #WestCoast surpasses national GDP thanks to ambitious #climate goals! Join the #LABCSummit18 &amp; hear from @MayorOfL\xe2\x80\xa6',California
2018-04-20 03:33:06,"b""RT @SCE_HaigK: &gt;&gt;@SCE is at the tonight's @labctweets 12th Annual Sustainability Summit #LABCSummit18. Congratulations to the honorees\xf0\x9f\x8f\x86-- @\xe2\x80\xa6""",California
2018-04-20 03:26:35,b'Enjoying the nice view from the #LABCsummit18 VIP reception. And the excellent company. Looking forward to more goo\xe2\x80\xa6 https://t.co/zMcGZhfM6d',California
2018-04-20 02:31:59,b' #LABCSummit18 RT @sustainCSUN: We\xe2\x80\x99re looking forward to joining our friends at the @labctweets  for their 12th Annual Sustainability Summit. Dr. Erica Wo\xe2\x80\xa6',California
2018-04-20 02:26:24,b'RT @WomenGreenForum: The #WestCoast surpasses national GDP thanks to ambitious #climate goals! Join the #LABCSummit18 &amp; hear from @MayorOfL\xe2\x80\xa6',California
2018-04-20 02:21:52,"b""RT @SCE_HaigK: &gt;&gt;@SCE is at the tonight's @labctweets 12th Annual Sustainability Summit #LABCSummit18. Congratulations to the honorees\xf0\x9f\x8f\x86-- @\xe2\x80\xa6""",California
2018-04-20 02:20:50,"b""&gt;&gt;@SCE is at the tonight's @labctweets 12th Annual Sustainability Summit #LABCSummit18. Congratulations to the hono\xe2\x80\xa6 https://t.co/IfSfvkie8d""",California
2018-04-20 02:18:56,b'Our @SanexenWater team at #LABCSummit18! Great platform to discuss strong sustainability opportunities with\xe2\x80\xa6 https://t.co/Wtn2hxhNzJ',California
2018-04-20 02:02:35,b' #LABCSummit18 The @LuskinCenter is first class. This is award is near and dear to our heart. Congratulations on the Sustainable I\xe2\x80\xa6 https://t.co/sO2fQXZYWn',California
2018-04-20 01:57:12,"b' #LABCSummit18 RT @Bryn_Lindblad: Twice in one day -- what a treat. This time Chair of @AirResources @MaryNicholsCA is marveling at the inclusive, sustain\xe2\x80\xa6'",California
2018-04-20 01:55:24,"b' #LABCSummit18 Twice in one day -- what a treat. This time Chair of @AirResources @MaryNicholsCA is marveling at the inclusive, su\xe2\x80\xa6 https://t.co/hlB2aL155p'",California
2018-04-20 01:47:54,b' #LABCSummit18 RT @labctweets: Thank you @MaryNicholsCA for EVERYTHING that you have done during your historic career. You are the #queenofsustainability\xe2\x80\xa6',California
2018-04-20 01:46:26,b' #LABCSummit18 Thank you @MaryNicholsCA for EVERYTHING that you have done during your historic career. You are the\xe2\x80\xa6 https://t.co/yVjAxdZSZe',California
2018-04-20 01:35:32,b'Proud to honor @PaulKrekorian with the LABC Leadership Awards! #labcsummit18 https://t.co/xLi9YaWtCH',California
2018-04-20 01:30:29,b'EMCEE Brad Cox! Kicking off the 12th Annual Sustainability Summit VIP &amp; Awards Reception  #labcsummit18 https://t.co/7hq09UBsgd',California
2018-04-19 21:44:07,"b"" #LABCSummit18 RT @OregonGovBrown: I'm proud that Oregon is leading on environmental stewardship and looking forward to joining West Coast leaders at #LAB\xe2\x80\xa6""",California
2018-04-19 21:24:22,"b"" #LABCSummit18 RT @OregonGovBrown: I'm proud that Oregon is leading on environmental stewardship and looking forward to joining West Coast leaders at #LAB\xe2\x80\xa6""",California
2018-04-19 20:39:03,"b"" #LABCSummit18 RT @OregonGovBrown: I'm proud that Oregon is leading on environmental stewardship and looking forward to joining West Coast leaders at #LAB\xe2\x80\xa6""",California
2018-04-19 19:36:13,"b"" #LABCSummit18 RT @OregonGovBrown: I'm proud that Oregon is leading on environmental stewardship and looking forward to joining West Coast leaders at #LAB\xe2\x80\xa6""",California
2018-04-19 19:22:48,"b"" #LABCSummit18 RT @OregonGovBrown: I'm proud that Oregon is leading on environmental stewardship and looking forward to joining West Coast leaders at #LAB\xe2\x80\xa6""",California
2018-04-19 19:09:10,b' #LABCSummit18 RT @lfholt: West Coast gov\xe2\x80\x99ts and companies are leading the charge against climate change by working together to reduce emissions and incre\xe2\x80\xa6',California
2018-04-19 19:00:32,b' #LABCSummit18 We\xe2\x80\x99re looking forward to joining our friends at the @labctweets  for their 12th Annual Sustainability Summit. Dr. E\xe2\x80\xa6 https://t.co/n3jUjY3Jkq',California
2018-04-19 18:50:59,b' #LABCSummit18 West Coast gov\xe2\x80\x99ts and companies are leading the charge against climate change by working together to reduce emissio\xe2\x80\xa6 https://t.co/MoAA6yPB1G',California
2018-04-19 18:03:20,"b'RT @LogistecGroup: \xe2\x80\x98@SanexenWater is attending the #LABCSummit18 to hear from @MayorOfLA @EricGarcetti, @OregonGovBrown, @GovInslee and @PC\xe2\x80\xa6'",California
2018-04-19 17:56:02,"b"" #LABCSummit18 RT @OregonGovBrown: I'm proud that Oregon is leading on environmental stewardship and looking forward to joining West Coast leaders at #LAB\xe2\x80\xa6""",California
2018-04-19 17:51:06,"b"" #LABCSummit18 RT @OregonGovBrown: I'm proud that Oregon is leading on environmental stewardship and looking forward to joining West Coast leaders at #LAB\xe2\x80\xa6""",California
2018-04-19 17:50:25,"b"" #LABCSummit18 I'm proud that Oregon is a leader in environmental stewardship. I'm looking forward to joining West Coast leaders l\xe2\x80\xa6 https://t.co/usyiNCckkf""",California
2018-04-19 17:50:09,"b"" #LABCSummit18 RT @OregonGovBrown: I'm proud that Oregon is leading on environmental stewardship and looking forward to joining West Coast leaders at #LAB\xe2\x80\xa6""",California
2018-04-19 17:47:24,"b"" #LABCSummit18 RT @OregonGovBrown: I'm proud that Oregon is leading on environmental stewardship and looking forward to joining West Coast leaders at #LAB\xe2\x80\xa6""",California
2018-04-19 17:36:27,"b"" #LABCSummit18 RT @OregonGovBrown: I'm proud that Oregon is leading on environmental stewardship and looking forward to joining West Coast leaders at #LAB\xe2\x80\xa6""",California
2018-04-19 17:25:58,"b"" #LABCSummit18 I'm proud that Oregon is leading on environmental stewardship and looking forward to joining West Coast leaders at\xe2\x80\xa6 https://t.co/Ks2kuO8lb3""",California
2018-04-19 16:34:45,"b' #LABCSummit18 @Walmart yesterday announced that via Project Gigaton, suppliers reduced 20 million+ MMTs #greenhouse gas emissions\xe2\x80\xa6 https://t.co/XwSxJiYhYl'",California
2018-04-19 15:30:55,"b'RT @LogistecGroup: \xe2\x80\x98@SanexenWater is attending the #LABCSummit18 to hear from @MayorOfLA @EricGarcetti, @OregonGovBrown, @GovInslee and @PC\xe2\x80\xa6'",California
2018-04-19 15:25:35,"b'\xe2\x80\x98@SanexenWater is attending the #LABCSummit18 to hear from @MayorOfLA @EricGarcetti, @OregonGovBrown, @GovInslee an\xe2\x80\xa6 https://t.co/gbCcUWhuwf'",California
2018-04-19 01:25:02,b'The #WestCoast surpasses national GDP thanks to ambitious #climate goals! Join the #LABCSummit18 &amp; hear from\xe2\x80\xa6 https://t.co/PXa8hcBjW1',California
2018-04-19 00:46:28,"b' #LABCSummit18 cc @labctweets ""Even if Congress won\'t, California will continue to show the nation and the world how to act on\xe2\x80\xa6 https://t.co/VQA0g2TcJU'",California
2018-04-18 21:16:36,"b' #LABCSummit18 \xe2\x80\x9cEven if Congress won\xe2\x80\x99t, CA will continue to show the nation and the world how to act on climate and create a susta\xe2\x80\xa6 https://t.co/pRJ9G6QZnO'",California
2018-04-18 19:38:23,b'The West Coast surpasses national GDP thanks to ambitious climate goals! Join the #LABCSummit18 &amp; hear from\xe2\x80\xa6 https://t.co/1hmzAxPBtw',California
2018-04-18 19:16:50,"b""This year's #LABCSummit18 is shaping up to be a momentous gathering of West Coast leaders in the face of EPA rollba\xe2\x80\xa6 https://t.co/FTWUJozQ01""",California
2018-04-18 19:09:00,b'This year\xe2\x80\x99s #LABCSummit18 is shaping up to be a momentous gathering of West Coast leaders in the face of EPA rollba\xe2\x80\xa6 https://t.co/qqTEkKVrxG',California
2018-04-18 15:58:40,b'Join @SCE President Ron Nichols at @LABCtweets Sustainability Summit #LABCSummit18 4/20 to discuss business-driven\xe2\x80\xa6 https://t.co/7FccC9Bwtt',California
2018-04-17 23:35:57,"b""RT @SCE_HaigK: This Friday @SCE President Ron Nichols will be @labctweets #SustainabilitySummit #LABCSummit18 discussing California's #Clea\xe2\x80\xa6""",California
2018-04-17 22:27:00,b'This year\xe2\x80\x99s #LABCSummit18 is shaping up to be a momentous gathering of West Coast leaders in the face of EPA rollba\xe2\x80\xa6 https://t.co/IlC1aVZX3C',California
2018-04-17 16:57:04,"b""RT @SCE_HaigK: This Friday @SCE President Ron Nichols will be @labctweets #SustainabilitySummit #LABCSummit18 discussing California's #Clea\xe2\x80\xa6""",California
2018-04-17 16:54:18,"b""RT @SCE_HaigK: This Friday @SCE President Ron Nichols will be @labctweets #SustainabilitySummit #LABCSummit18 discussing California's #Clea\xe2\x80\xa6""",California
2018-04-17 16:51:00,b'The West Coast surpasses national GDP thanks to ambitious climate goals! Join the #LABCSummit18 &amp; hear from\xe2\x80\xa6 https://t.co/e4au7f2kL9',California
2018-04-17 16:20:21,"b""RT @SCE_HaigK: This Friday @SCE President Ron Nichols will be @labctweets #SustainabilitySummit #LABCSummit18 discussing California's #Clea\xe2\x80\xa6""",California
2018-04-17 16:16:47,b'This Friday @SCE President Ron Nichols will be @labctweets #SustainabilitySummit #LABCSummit18 discussing Californi\xe2\x80\xa6 https://t.co/dAQiF8V9SI',California
2018-04-17 05:40:54,b' #LABCSummit18 RT @DriveH2: .@MayorOfLA announced L.A. has more installed solar power than any city in U.S. How do we keep leading the way... how about wi\xe2\x80\xa6',California
2018-04-16 23:25:23,b' #LABCSummit18 .@MayorOfLA announced L.A. has more installed solar power than any city in U.S. How do we keep leading the way... h\xe2\x80\xa6 https://t.co/AvbRnvPcjA',California
2018-04-16 20:28:10,"b' #LABCSummit18 ""Trump has met his match"" - Gov. Jerry Brown in today\'s @latimes on CA\'s response to threatened EPA rollbacks.  Thi\xe2\x80\xa6 https://t.co/1GZ7nobxKW'",California
