2018-04-20 20:01:55,b'RT @XThreeee: #RingStruck4 \n Nothing but bangers https://t.co/1NB9f9pt0B',California
2018-04-20 20:01:48,b'These are definitely classics. Some of my favourite matches of all time #RingStruck4 https://t.co/kBzWnMwzj8',California
2018-04-20 20:01:36,b'RT @DanRyckert: First four I thought of for #RingStruck4 https://t.co/ApFruOuDBj',California
2018-04-20 20:01:34,"b'RT @ryansatin: Great idea, @chillhartman!  \n\n#ringstruck4 https://t.co/C3KO4Gb0Mq'",California
2018-04-20 20:01:33,"b"" #RingStruck4 RT @TheMarkGolden: As a 30+year fan of professional wrestling, it's difficult for me to narrow it down to just four matches, but WCW in 199\xe2\x80\xa6""",California
2018-04-20 20:01:17,"b""RT @workratewarrior: #RingStruck4 If you haven't seen Angle vs Lesnar 60 min ironman match, I feel sorry for you. https://t.co/9eGLsuWBth""",California
2018-04-20 20:01:02,"b'#RingStruck4 \nHbk vs. Flair - first match memory , only match to make me cry \nTaker vs. Shawn 25 - best wrestlemani\xe2\x80\xa6 https://t.co/5s4TBn3yXs'",California
2018-04-20 20:00:41,"b'#RingStruck4\nSavage-Steamboat, WrestleMania III\nFlair-Steamboat, Clash of the Champions VI\nLiger-Muta, NJPW Super G\xe2\x80\xa6 https://t.co/i31vEdkG23'",California
2018-04-20 20:00:13,b'Not my four favorite matches necessarily but the four matches I had the most visceral responses to #RingStruck4 https://t.co/arPmR70u6n',California
2018-04-20 20:00:10,"b' #RingStruck4 Here are my fave four. There are many more, but these come to the forefront as soon as I think about my fave matche\xe2\x80\xa6 https://t.co/uviZVP3Yks'",California
2018-04-20 19:59:58,b'RT @VRTLPROS: I\xe2\x80\x99ve been waiting 2 days for this pick 4 things meme to hit wrestling so I can make this joke #ringstruck4 https://t.co/vSEfZ\xe2\x80\xa6',California
2018-04-20 19:59:51,"b'Well, these were very tough decisions #ringstruck4 https://t.co/C84SXcbLv5'",California
2018-04-20 19:59:46,"b'RT @wehavefunhere: @WrestlingSheet Rock/Austin WMX7, Rock/Mankind Empty Arena match, Punk/Cena MITB, Great Muta/Jushin Liger #ringstruck4 h\xe2\x80\xa6'",California
2018-04-20 19:59:31,"b'#RingStruck4\n\nThese four matches started, reinvigorated, and transformed my fandom. (And in the case of Sami/Kevin,\xe2\x80\xa6 https://t.co/T3cqY0whwB'",California
2018-04-20 19:59:23,b'#RingStruck4 \n\n4 definitive examples of my favorite time as a wrestling fan. nWo 4 LIFE \n\nps. That catchphrase is n\xe2\x80\xa6 https://t.co/i4QA89qW0x',California
2018-04-20 19:59:16,"b' #RingStruck4 This matches introduced me in the entire facets of the wrestling business, loving all the process of making jeff ha\xe2\x80\xa6 https://t.co/IsiP3m0m2C'",California
2018-04-20 19:59:16,b'@WrestlingSheet this is stupid hard. #RingStruck4 https://t.co/8vwcjwtHTA',California
2018-04-20 19:59:15,b'Holy crap #RingStruck4 is trending! Well it was hard to choose the 4 best matches that defined my love for wrestlin\xe2\x80\xa6 https://t.co/QlYoxyDzYc',California
2018-04-20 19:59:00,b' #RingStruck4 Easy. All 4 matches are from Summerslam 1998 at MSG. @TripleH @TheRock @TheRealXPac @RealJeffJarrett @WWERoadDogg\xe2\x80\xa6 https://t.co/0fDMJNVYmr',California
2018-04-20 19:58:43,"b' #RingStruck4 The four matches that shaped me a wrestling fan\xe2\x80\xa6.\n1. AWA House Show in Duluth, MN (1978?)\nAndre wins 20 Man Battle\xe2\x80\xa6 https://t.co/ftVyJFtkuS'",California
2018-04-20 19:58:30,b'RT @VeenaMKay: Iconic Matches Only. #Ringstruck4 https://t.co/mlOilpoN3L',California
2018-04-20 19:58:01,"b""#RingStruck4 \n- Joe vs Punk 2: Best 60 minute draw of the 21st century. Don't @ me.\n- Angle vs Taker, No Way Out 06\xe2\x80\xa6 https://t.co/x0gZxoxUd8""",California
2018-04-20 19:57:43,b'@WrestlingSheet First gut responses off the top of my head to #ringstruck4:\n\n1. Hogan vs Andre (WMIII)\n2. @Sting vs\xe2\x80\xa6 https://t.co/Ht3hpTK7dT',California
2018-04-20 19:57:20,b'Ok so #ringstruck4 is WAYYY too hard so to make it easier on myself I only chose WWE main roster matches from the p\xe2\x80\xa6 https://t.co/hxcEE2Mnya',California
2018-04-20 19:57:10,b'@WrestlingSheet This was not easy at all #ringstruck4 https://t.co/S4Lkv5NT38',California
2018-04-20 19:57:08,b' #RingStruck4 4) Was almost done with wrestling until a friend pointed me to Final Battle. This opened my eyes to SO much outside\xe2\x80\xa6 https://t.co/MDTx1rUFp9',California
2018-04-20 19:56:12,b' #RingStruck4 1) If the opening video package doesn\xe2\x80\x99t give you chills then wrestlings probably not for you.\n\n2) my absolute fav m\xe2\x80\xa6 https://t.co/zdQ80nc3Pb',California
2018-04-20 19:56:11,b' #RingStruck4 @WrestlingSheet 1 Macho Man vs Million Dollar Man - Wrestlemania 4\n2. Chris Benoit vs Brad Armstrong - Clash of the\xe2\x80\xa6 https://t.co/YVBDi2ohuR',California
2018-04-20 19:55:48,b'Almost an impossible choice but these four matches certainly shaped the wrestling fan I am today #ringstruck4 https://t.co/F9Of2sE5Bj',California
2018-04-20 19:55:47,b' #RingStruck4 -The match that got me into watching wrestling \n-The greatest mania match I\xe2\x80\x99ve ever seen \n-The match that got me ba\xe2\x80\xa6 https://t.co/OpfIhiWTXF',California
2018-04-20 19:55:35,b' #RingStruck4 These matches have storytelling fine wresling and define what a oro wresling match should be\nNote: those are my per\xe2\x80\xa6 https://t.co/nSX4Hmho6d',California
2018-04-20 19:55:30,"b'RT @ryansatin: Great idea, @chillhartman!  \n\n#ringstruck4 https://t.co/C3KO4Gb0Mq'",California
2018-04-20 19:55:29,b' #RingStruck4 Liger vs Pillman from SuperBrawl II hooked me as a kid. I wore out the WrestleMania VI VHS for the Ultimate Challen\xe2\x80\xa6 https://t.co/VbAgakoY3d',California
2018-04-20 19:55:27,"b' #RingStruck4 RT @chillhartman: yes four VERY different matches, but all four equally important to me consistently being into this art form. \n\n#ringstruc\xe2\x80\xa6'",California
2018-04-20 19:55:26,b'#RingStruck4 \n The 4 greatest matches I have ever seen in my opinion https://t.co/15q6l4xekT',California
2018-04-20 19:55:24,b' #RingStruck4 RT @WrestlingSheet: the movie version of this brought some incredible discussion - so this felt needed..\n\nwe want to see the four matches t\xe2\x80\xa6',California
2018-04-20 19:55:23,b'#RingStruck4 it was hard to choose \xf0\x9f\xa4\xa7 https://t.co/A9kK9RUo7c',California
2018-04-20 19:55:20,"b'This was tough, but I think I found a great group of matches. #ringstruck4 https://t.co/6joNeuDcvO'",California
2018-04-20 19:54:56,b'This was a no-brainer for me. Here is my #ringstruck4 :\n\nShawn Michaels vs. The Undertaker (WrestleMania XXVI)\n\nJoh\xe2\x80\xa6 https://t.co/DasvpYJJHk',California
2018-04-20 19:54:44,"b""RT @M0rePrettyLies: This is my second one because it's virtually impossible for me just to pick 4 of my favourites.. #ringstruck4 https://t\xe2\x80\xa6""",California
2018-04-20 19:54:34,b'#RingStruck4\n\nHard to narrow down to 4...but it\xe2\x80\x99s all of these for a number of different reasons. https://t.co/MdqrX00icJ',California
2018-04-20 19:54:15,b' #RingStruck4 RT @WrestlingSheet: one of the best network tv shown matches of all time is angle vs lesnar iron man on smackdown. a true classic. \n\n#rings\xe2\x80\xa6',California
2018-04-20 19:54:03,"b'#RingStruck4 Genuinely can\xe2\x80\x99t narrow it down, so here\xe2\x80\x99s a few faves/reasons I\xe2\x80\x99ve always been so hooked https://t.co/aDo2Hw4K0g'",California
2018-04-20 19:52:42,b'Bit biased towards NXT.. #ringstruck4 https://t.co/m5kLmuTRoL',California
2018-04-20 19:52:37,b'4 matches that made me the wrestling fan I am today #RingStruck4 \n@CMPunk v @JohnCena MITB11\n@TheRock v\xe2\x80\xa6 https://t.co/nuwkONionQ',California
2018-04-20 19:52:37,b' #RingStruck4 Wrestling version today and it\xe2\x80\x99s a good one. I was at Wrestlemania 23 and saw Trump get hit with the Stone Cold Stu\xe2\x80\xa6 https://t.co/XNQGlAr2qy',California
2018-04-20 19:52:25,b'@MotleyGrue\n\n#ringstruck4\nhttps://t.co/ylP8f40Mtn\n\nThat is all.',California
2018-04-20 19:52:14,b'I\xe2\x80\x99ve been waiting 2 days for this pick 4 things meme to hit wrestling so I can make this joke #ringstruck4 https://t.co/vSEfZVGkjw',California
2018-04-20 19:52:03,"b'#RingStruck4 Some of my top matches, some of the reasons why I love wrestling https://t.co/ckix5X57al'",California
2018-04-20 19:51:27,b' #RingStruck4 RT @OlYoungBoi: Probably one of the hardest lists I\xe2\x80\x99ve ever constructed. I have two NXT matches in there for a reason. I truly believe NXT\xe2\x80\xa6',California
2018-04-20 19:51:22,"b""This is my second one because it's virtually impossible for me just to pick 4 of my favourites.. #ringstruck4 https://t.co/a27HnIX7l4""",California
2018-04-20 19:51:19,"b' #RingStruck4 Hulk Hogan Vs. Ultimate Warrior, Wrestlemania VI. Randy Savage Vs. Jake Roberts, Tuesday In Texas 1991. Ric Flair &amp;\xe2\x80\xa6 https://t.co/DwhMkRcvI5'",California
2018-04-20 19:51:09,"b"" #RingStruck4 Probably the matches I've rewatched the most. I love everything about all of these matches. They have absolutely ev\xe2\x80\xa6 https://t.co/K3ksgzbaNl""",California
2018-04-20 19:51:02,"b""Just like game struck, it's too hard to narrow it down to 4.  #ringstruck4 https://t.co/TlMDTp4Uw9""",California
2018-04-20 19:50:58,"b""#ringstruck4 \nThis was soo hard. I couldn't honestly choose but these matches were the ones for me.\nHonourable ment\xe2\x80\xa6 https://t.co/Np95oPnVP0""",California
2018-04-20 19:50:40,"b' #RingStruck4 @WrestlingSheet I tried to pick 4 that helped me become a fan, compared to things that would be in my top matches n\xe2\x80\xa6 https://t.co/efW4JYNNH0'",California
2018-04-20 19:50:36,b'What the hell is #ringstruck4',California
2018-04-20 19:50:11,b' #RingStruck4 RT @KAYBEEGaming_: 1. @RandyOrton vs @RealMickFoley \n2. @WWEAleister vs @VelveteenWWE \n3. @ShawnMichaels vs The Undertaker\n4. @TheRock  vs\xe2\x80\xa6',California
2018-04-20 19:50:02,b' #RingStruck4 I stopped watching Wrestling and these are the matches that got me back into it. And gave my my 4 fav wrestlers (Sa\xe2\x80\xa6 https://t.co/crJDYxb4tZ',California
2018-04-20 19:49:42,b' #RingStruck4 1. @RandyOrton vs @RealMickFoley \n2. @WWEAleister vs @VelveteenWWE \n3. @ShawnMichaels vs The Undertaker\n4. @TheRock\xe2\x80\xa6 https://t.co/UeCsRRa2Wa',California
2018-04-20 19:49:26,b'Ridiculously tough to pick four matches that shaped you into the wrestling fan! But here goes...\n\n#RingStruck4 https://t.co/Wy3b66zYEV',California
2018-04-20 19:49:25,"b'Three of my #RingStruck4 are easy. #4 went back and forth between Taker, Andre, and the Macho Man. https://t.co/jvMNNH4vs9'",California
2018-04-20 19:49:11,"b'RT @M0rePrettyLies: This shit was so hard, I have so many favourite matches \xf0\x9f\x99\x8c\xf0\x9f\x98\x82 #ringstruck4 https://t.co/MYbD1Zsp7O'",California
2018-04-20 19:49:04,b'#ringstruck4 the explosion of the Mega Powers really brought me in. I loved both Macho and @HulkHogan . GAB 90 show\xe2\x80\xa6 https://t.co/R5oFHapGmt',California
2018-04-20 19:48:50,"b""RT @CutlerCoalition: #ringstruck4\n\nSome of my favorite moments during my 1st year as a wrestling fan occured at these ppv's.\n\nEven now, loo\xe2\x80\xa6""",California
2018-04-20 19:48:10,b' #RingStruck4 RT @AC_Nolting1: @WrestlingSheet Four matches that shaped me into the fan I am??? Easy \nAustin vs Bret is an all time great that introduced\xe2\x80\xa6',California
2018-04-20 19:47:59,b' #RingStruck4 One helped me become a huge wrestling fan again.\n\nOne greatly boosted my interest in indie wrestling.\n\nOne made me\xe2\x80\xa6 https://t.co/v0HINAtgij',California
2018-04-20 19:47:55,"b'Four matches that shaped my life as a fan, a former performer, and a person. #ringstruck4 https://t.co/g6J0IuQenA'",California
2018-04-20 19:47:53,b'RT @NBRSuperstar: #ringstruck4  @WrestlingSheet\n\n- Ibushi/Styles: My first real exposure to New Japan \n\n- Rock/Austin II: The Definition of\xe2\x80\xa6',California
2018-04-20 19:47:41,"b'#ringstruck4\nAs of right now, these are the 4 that came to my head.\n1) The storyline that got me into WWE\n2) Seeing\xe2\x80\xa6 https://t.co/VAIx594kpW'",California
2018-04-20 19:47:38,b' #RingStruck4 RT @TheRealJayTim: Rock&amp;Austin: my 2 idols clashing at Mania for the title on my birthday\nPunk&amp;Cena: rekindled and increased my interest in\xe2\x80\xa6',California
2018-04-20 19:47:35,b' #RingStruck4 My fav matches of all time. All iconic matches. The 1st and 3rd are the main matches I remember vividly when I star\xe2\x80\xa6 https://t.co/QnAg1rGCZm',California
2018-04-20 19:47:11,b'@WrestlingSheet so hard to get down to four. Don\xe2\x80\x99t @ me for my final choice. #RingStruck4 https://t.co/1Phob5Nbvz',California
2018-04-20 19:46:58,b'#ringstruck4 Some of my favorite matches from over the years https://t.co/bHPNjrfYDA',California
2018-04-20 19:46:38,"b""#ringstruck4\n\nSome of my favorite moments during my 1st year as a wrestling fan occured at these ppv's.\n\nEven now,\xe2\x80\xa6 https://t.co/9bB1137gW0""",California
2018-04-20 19:46:36,b'#RingStruck4 Soo many\nThere are so many matches that boggles my mind that i only have to come up with 4 that really\xe2\x80\xa6 https://t.co/AHJLU9tA5I',California
2018-04-20 19:46:32,b'Too damn many too choose from but my 4 is... #ringstruck4 https://t.co/oFAe8ry7RG',California
2018-04-20 19:46:29,"b'Impossible, but #RingStruck4 https://t.co/r9jjfLr0Cu'",California
2018-04-20 19:46:23,"b'#RingStruck4  this is crazy hard. But these were the ones that came to me, as the evolution of my fandom, &amp; the evo\xe2\x80\xa6 https://t.co/8Bq8tvB9Q8'",California
2018-04-20 19:46:19,b'These four matches are why I am a fan of pro wrestling.  #ringstruck4 https://t.co/QZ1TmQJW0m',California
2018-04-20 19:46:08,"b""It's hard to pick just four #ringstruck4 https://t.co/2rGWWEDEzq""",California
2018-04-20 19:45:58,b' #RingStruck4 RT @WrestlingSheet: the movie version of this brought some incredible discussion - so this felt needed..\n\nwe want to see the four matches t\xe2\x80\xa6',California
2018-04-20 19:45:52,b' #RingStruck4 Four of my most formative Wrestling Moments growing up and some of the all time greatest performers to ever enter a\xe2\x80\xa6 https://t.co/aGMBHCPtMm',California
2018-04-20 19:45:36,"b' #RingStruck4 I started late, but Undertaker/Batista was a fantastic blood feud. So many great matches to choose from.\xe2\x80\xa6 https://t.co/bOFGPbM3JO'",California
2018-04-20 19:45:34,b'@kerseilannister You gonna hop in this #ringstruck4? https://t.co/SUuZCAMI1T',California
2018-04-20 19:45:15,b' #RingStruck4 RT @WrestlingSheet: the movie version of this brought some incredible discussion - so this felt needed..\n\nwe want to see the four matches t\xe2\x80\xa6',California
2018-04-20 19:44:49,"b'This shit was so hard, I have so many favourite matches \xf0\x9f\x99\x8c\xf0\x9f\x98\x82 #ringstruck4 https://t.co/MYbD1Zsp7O'",California
2018-04-20 19:44:42,b'RT @WrestlingSheet: trish vs mickie is and remains underrated as hell for how incredible that storytelling was. \n\n#ringstruck4 https://t.co\xe2\x80\xa6',California
2018-04-20 19:44:24,"b'Not my all time favourites, but four matches that I absolutely love going back to rewatch. #ringstruck4 https://t.co/JsSrTAnwoY'",California
2018-04-20 19:44:09,b'Ok this was really difficult #RingStruck4 https://t.co/ezqQSfyz8f',California
2018-04-20 19:44:07,"b""My women's  #ringstruck4 https://t.co/UNknHH9uMm""",California
2018-04-20 19:43:53,b'RT @WrestlingSheet: you forgot the house of horrors match at payback for the wwe championship. \n\n#ringstruck4 https://t.co/QKGHfXVKGK',California
2018-04-20 19:43:46,b' #RingStruck4 RT @WrestlingSheet: the movie version of this brought some incredible discussion - so this felt needed..\n\nwe want to see the four matches t\xe2\x80\xa6',California
2018-04-20 19:43:11,"b"" #RingStruck4 I'm hopping right into this and these are the four wrestling matches that stand above all in my heart and soul.\xe2\x80\xa6 https://t.co/R4WX2QCyYE""",California
2018-04-20 19:43:08,"b""@WrestlingSheet Here's my whacky stab at your #ringstruck4 thing https://t.co/DK0BKZPAB4""",California
2018-04-20 19:43:05,"b' #RingStruck4 RT @CenationHLR6: These 4 matches represented everything I love about the WWE, the storytelling for all of these were simply fantastic and\xe2\x80\xa6'",California
2018-04-20 19:43:03,b' #RingStruck4 Hart v Austin being my fav match of all time. Absolute classic.\nThe world of NXT was introduced to me when I watche\xe2\x80\xa6 https://t.co/Ip7whh2Pa4',California
2018-04-20 19:42:57,b'#RingStruck4 This...was damn difficult. https://t.co/gzdxitw2gB',California
2018-04-20 19:42:38,b'Let\xe2\x80\x99s go one level deeper lads. #RingStruck4 https://t.co/HdECVvWfoj',California
2018-04-20 19:42:34,"b""RT @workratewarrior: #RingStruck4 If you haven't seen Angle vs Lesnar 60 min ironman match, I feel sorry for you. https://t.co/9eGLsuWBth""",California
2018-04-20 19:42:20,b'RT @DanRyckert: First four I thought of for #RingStruck4 https://t.co/ApFruOuDBj',California
2018-04-20 19:42:17,b' #RingStruck4 RT @WrestlingSheet: the movie version of this brought some incredible discussion - so this felt needed..\n\nwe want to see the four matches t\xe2\x80\xa6',California
2018-04-20 19:42:17,b' #RingStruck4 RT @WrestlingSheet: the movie version of this brought some incredible discussion - so this felt needed..\n\nwe want to see the four matches t\xe2\x80\xa6',California
2018-04-20 19:42:11,b' #RingStruck4 CM Punk vs John Cena(Money In The Bank)\nEddie Guerrero vs Brock Lesnar(No Way Out)\nBatista vs Triple H(Wrestlemania\xe2\x80\xa6 https://t.co/jAwTtLsjTA',California
2018-04-20 19:41:49,b'RT @WrestlingSheet: you forgot the house of horrors match at payback for the wwe championship. \n\n#ringstruck4 https://t.co/QKGHfXVKGK',California
2018-04-20 19:41:44,b'@WrestlingSheet #ringstruck4 THIS WAS SO HARD!!! So many choices but these matches i have watched hundreds of times\xe2\x80\xa6 https://t.co/CvromL5CAX',California
2018-04-20 19:41:37,b' #RingStruck4 - The Match that made me love wrestling.\n- First NXT match I watched. (after the game-show)\n- Simply one of the bes\xe2\x80\xa6 https://t.co/Tk5R3JS9Xu',California
2018-04-20 19:41:30,"b"" #RingStruck4 As a 30+year fan of professional wrestling, it's difficult for me to narrow it down to just four matches, but WCW i\xe2\x80\xa6 https://t.co/2B8eB4Z6VL""",California
2018-04-20 19:41:27,b' #RingStruck4 RT @WrestlingSheet: the movie version of this brought some incredible discussion - so this felt needed..\n\nwe want to see the four matches t\xe2\x80\xa6',California
2018-04-20 19:40:59,b'Bloop #ringstruck4 https://t.co/Ylhum2ukBf',California
2018-04-20 19:40:57,b'I want to put thought into this and post my #ringstruck4 when I get home',California
2018-04-20 19:40:55,"b"" #RingStruck4 So @WrestlingSheet gave an idea for 4 matches that shaped you as the fan you are today. \n\nFor me it's: \n\nTLC Wrestl\xe2\x80\xa6 https://t.co/vkBK3kyr57""",California
2018-04-20 19:40:33,b' #RingStruck4 Those four matches are the standouts of my list of favourites. Yes 3 of them are quite recent but no matches really\xe2\x80\xa6 https://t.co/gePSIx8qn5',California
2018-04-20 19:40:01,b'2/2: Matches that brought me back to wrestling as an adult. #ringstruck4 https://t.co/6VgVfKDblX',California
2018-04-20 19:39:59,b'1/2: Matches that got me hooked on wrestling as a kid. #ringstruck4 https://t.co/6v3RITk1xX',California
2018-04-20 19:39:32,b'#RingStruck4                                                       Hart/Piper - the match that got me hooked.\n\nStin\xe2\x80\xa6 https://t.co/996Vfs9xrF',California
2018-04-20 19:39:17,b'Patiently waiting for @hills90 to give us his #ringstruck4',California
2018-04-20 19:39:02,b' #RingStruck4 RT @WrestlingSheet: one of the best network tv shown matches of all time is angle vs lesnar iron man on smackdown. a true classic. \n\n#rings\xe2\x80\xa6',California
2018-04-20 19:38:58,b' #RingStruck4 1. I was very young but I knew we were watching an instant classic. \n\n2. Attended my 1st takeover &amp; seen a satisfyi\xe2\x80\xa6 https://t.co/miISTL5jLY',California
2018-04-20 19:38:36,b' #RingStruck4 these arent even accurate bc I know im missing SO MANY so I dont even wanna tweet this bc its way to hard to rememb\xe2\x80\xa6 https://t.co/aClcZgV6PI',California
2018-04-20 19:38:26,"b'Only four? Tough choices, but here are mine. #Ringstruck4 https://t.co/Nok7XnW3J8'",California
2018-04-20 19:38:16,b'Matches that raised me to be a fan as a kid. #ringstruck4 https://t.co/mX8HBP5KPr',California
2018-04-20 19:38:15,"b"" #RingStruck4 I'd been pretty out of wrestling for a long time but these 4 matches  really brought me back into it, I could prett\xe2\x80\xa6 https://t.co/7m9SOhKOaY""",California
2018-04-20 19:38:12,b' #RingStruck4 Yep I\xe2\x80\x99m doing this too. My favourite childhood wrestling memory. My favourite teenage wrestling memories. My favour\xe2\x80\xa6 https://t.co/HEChTxPbzF',California
2018-04-20 19:38:04,b'RT @WrestlingSheet: you forgot the house of horrors match at payback for the wwe championship. \n\n#ringstruck4 https://t.co/QKGHfXVKGK',California
2018-04-20 19:38:01,b'This is too hard. I\xe2\x80\x99ll get back to you. #RingStruck4',California
2018-04-20 19:37:44,"b'RT @ryansatin: Great idea, @chillhartman!  \n\n#ringstruck4 https://t.co/C3KO4Gb0Mq'",California
2018-04-20 19:37:30,b'This was hard af #RingStruck4 https://t.co/RCFjb8Lttc',California
2018-04-20 19:37:24,"b'#RingStruck4\nAJ Styles vs Christopher Daniels vs Samoa Joe, TNA Unbreakable\nThe Rivival vs DIY, NXT Takeover Toront\xe2\x80\xa6 https://t.co/649JPW3qtM'",California
2018-04-20 19:37:24,b'#RingStruck4 \nWhat?',California
2018-04-20 19:37:11,b' #RingStruck4 RT @WrestlingSheet: one of the best network tv shown matches of all time is angle vs lesnar iron man on smackdown. a true classic. \n\n#rings\xe2\x80\xa6',California
2018-04-20 19:36:42,"b"" #RingStruck4 This was pretty hard and I'm sure I'm forgetting a bunch of great matches, but these matches always stand out to me\xe2\x80\xa6 https://t.co/OfvivFfQ5N""",California
2018-04-20 19:36:34,b'#ringstruck4 pick 4 matches that shaped your life as a wrestling fan. Here\xe2\x80\x99s my 4 still go back and watch them often https://t.co/RGUJ5uVn3w',California
2018-04-20 19:35:54,b'#RingStruck4\nEach one of these matches made me appreciate and love Wrestling even more https://t.co/E5KZL8bZeR',California
2018-04-20 19:35:41,b'Gave it a shot #ringstruck4 https://t.co/wfOQtrDdJA',California
2018-04-20 19:35:09,b'Folks who I would love to see do a #RingStruck4\n@WWEDanielBryan \n@dabryceisright \n@MikeQuackenbush\n@newgenpodcast',California
2018-04-20 19:34:48,"b' #RingStruck4 RT @WrestlingSheet: can\xe2\x80\x99t be 4/20 without a little RVD love. \n\n(for real though, that match is incredible if only for the mood / venue)\n\n#r\xe2\x80\xa6'",California
2018-04-20 19:34:47,"b""RT @workratewarrior: #RingStruck4 If you haven't seen Angle vs Lesnar 60 min ironman match, I feel sorry for you. https://t.co/9eGLsuWBth""",California
2018-04-20 19:34:47,b'#RingStruck4\n\n1. Earliest wrestling memory\n2. Favorite WWE match\n3. Match that got me into NJPW\n4. Favorite match o\xe2\x80\xa6 https://t.co/VkFQtUg7Au',California
2018-04-20 19:34:40,b'@allthemoneymc These ones stand out as wrestling memories that I often come back to \n\n#ringstruck4 https://t.co/vTagNpMBTf',California
2018-04-20 19:34:13,b' #RingStruck4 one of the best network tv shown matches of all time is angle vs lesnar iron man on smackdown. a true classic.\xe2\x80\xa6 https://t.co/qBrvrgIVx9',California
2018-04-20 19:34:12,b' #RingStruck4 RT @OlYoungBoi: Probably one of the hardest lists I\xe2\x80\x99ve ever constructed. I have two NXT matches in there for a reason. I truly believe NXT\xe2\x80\xa6',California
2018-04-20 19:34:11,b'I think. #RingStruck4 https://t.co/QsWzg7AuMq',California
2018-04-20 19:34:01,"b"" #RingStruck4 Wow, only 4 matches?\nI'll try. This is only scratching the surface, mind you.\nBut these had a huge impact on starti\xe2\x80\xa6 https://t.co/RpON9DcyEf""",California
2018-04-20 19:33:57,b'#ringstruck4 this was fucking difficult. https://t.co/rtjwrQAFdG',California
2018-04-20 19:33:54,b'#RingStruck4 Non-WWE edition https://t.co/kqbV0GgNAN',California
2018-04-20 19:33:43,b' #RingStruck4 Hopping on to add to this...\n\nHogan/Warrior is what hooked me. After I saw that I was a goner. Bret/Shawn blew my m\xe2\x80\xa6 https://t.co/xN9XICEPtd',California
2018-04-20 19:33:25,b'This was hard man. #ringstruck4 https://t.co/qZWDninWeY',California
2018-04-20 19:33:24,b'#RingStruck4 this is insanely hard but I think this nails it for me. Without any repeats. https://t.co/FkHM1u5ShS',California
2018-04-20 19:33:07,b'RT @StrowmanWapadoo: I can dig this #RingStruck4 https://t.co/iDTT7MUFLf',California
2018-04-20 19:32:52,b'#ringstruck4 @WrestlingSheet  these 4 blew me away https://t.co/6YsjC2857A',California
2018-04-20 19:32:51,b'#RingStruck4 IM TAKING OUT BRET V PERFECT AND REPLACING IT WITH... https://t.co/iEXQIPZCyK',California
2018-04-20 19:32:40,b'#ringstruck4 these 4 matches influenced me and changed my views on wrestling. They made me appreciate what these at\xe2\x80\xa6 https://t.co/8ybMrK9LYS',California
2018-04-20 19:32:35,"b' #RingStruck4 RT @WrestlingSheet: this is why i love lists like this. \n\nempty arena match sighting! \n\n(honestly, a hell of an advertising campaign for WW\xe2\x80\xa6'",California
2018-04-20 19:32:11,b'#RingStruck4 \n1. Huge moment as CM Punk won\n2. Classic match at Wrestlemania\n3. My favorite ladder match ever\n4. Bl\xe2\x80\xa6 https://t.co/vlay6AqwQK',California
2018-04-20 19:31:58,b'I had fun watching these too #RingStruck4 https://t.co/x1O3tLso9m',California
2018-04-20 19:31:57,"b' #RingStruck4 @WrestlingSheet This was ridiculously hard to pick, but these four matches made me continue to fall in love with wr\xe2\x80\xa6 https://t.co/tqz0gXeplO'",California
2018-04-20 19:31:53,b'I\xe2\x80\x99m following anyone that has at least 2 of the same #RingStruck4 as me',California
2018-04-20 19:31:51,b' #RingStruck4 @WrestlingSheet Mania VI and VII two of Warriors greatest matches IMO. I was there in person for Hero vs Punk EPIC!\xe2\x80\xa6 https://t.co/u182Fr48Db',California
2018-04-20 19:31:45,"b'The other day, #GameStruck4 was a thing but now, #RingStruck4 is a thing.\n\nWhat are 4 of your favorite matches?\xe2\x80\xa6 https://t.co/o2qEBcKrVM'",California
2018-04-20 19:31:42,"b'@WrestlingSheet @BustedOpenRadio #RingStruck4 Wyatt Family vs The Shield at Elimination Chamber, Elimination Chambe\xe2\x80\xa6 https://t.co/01rxj4vqBl'",California
2018-04-20 19:31:38,b'#ringstruck4 This one is quite difficult (Especially since memories from 2008 and back are really hazy. I was a lil\xe2\x80\xa6 https://t.co/ir4fd9YXOm',California
2018-04-20 19:31:12,"b""My men's  #ringstruck4 only fair the women get their own https://t.co/52tMiRrBQx""",California
2018-04-20 19:30:56,b'#ringstruck4 these matches are probably my 4 favorite matches I\xe2\x80\x99ve ever watched. Maybe I\xe2\x80\x99m forgetting a couple but\xe2\x80\xa6 https://t.co/t8h7TurMTm',California
2018-04-20 19:30:36,b'@WrestlingSheet The 4 most significant matches that kept me a fan through the years. \n\n#RingStruck4 https://t.co/Q4S2Gjxqtl',California
2018-04-20 19:30:30,b' #RingStruck4 RT @WrestlingSheet: I almost forgot about battle of the sexes and now all I can think about is how badly I want Asuka / Charlotte vs Zayn /\xe2\x80\xa6',California
2018-04-20 19:30:30,b'What the heck is #RingStruck4',California
2018-04-20 19:30:29,b' #RingStruck4 RT @WrestlingSheet: the movie version of this brought some incredible discussion - so this felt needed..\n\nwe want to see the four matches t\xe2\x80\xa6',California
2018-04-20 19:30:19,b'So many amazing matches but after much consideration this is my #RingStruck4 These matches are absolutely perfect &amp;\xe2\x80\xa6 https://t.co/7g65ZkuvuS',California
2018-04-20 19:30:18,b'My favorite 4 matches of all time #Ringstruck4\n\nYour up guys -\n@PatDigiulio @BearDiGiulio https://t.co/kZqTE6Y18Z',California
2018-04-20 19:30:04,b'Lol no shot I\xe2\x80\x99m doing this\xf0\x9f\x98\x82\xf0\x9f\x98\x82\xf0\x9f\x98\x82\xf0\x9f\x98\x82  #ringstruck4',California
2018-04-20 19:29:57,"b"" #RingStruck4 1. @RandyOrton's thumbtack reaction was priceless.\n2. Amazing match I could watch forever.\n3. Was there in person (\xe2\x80\xa6 https://t.co/XBDCW00dfH""",California
2018-04-20 19:29:52,"b'This list would be different every time I did it... right now, my #ringstruck4 https://t.co/IfDoDeLLnZ'",California
2018-04-20 19:29:49,b' #RingStruck4 RT @WrestlingSheet: the movie version of this brought some incredible discussion - so this felt needed..\n\nwe want to see the four matches t\xe2\x80\xa6',California
2018-04-20 19:29:47,b'RT @JohnBladeFrank: #ringstruck4 this was alot harder than i expected. https://t.co/Lob09hyWxi',California
2018-04-20 19:29:26,b'Can I do a #ringstruck400 instead of a #ringstruck4? https://t.co/MkT566ajIi',California
2018-04-20 19:29:25,b'I\xe2\x80\x99ll join in on this... #RingStruck4 this was very hard.. but it\xe2\x80\x99s no secret HBK is my favorite of all time https://t.co/cpN7R99C5C',California
2018-04-20 19:28:47,b' #RingStruck4 RT @WrestlingSheet: the movie version of this brought some incredible discussion - so this felt needed..\n\nwe want to see the four matches t\xe2\x80\xa6',California
2018-04-20 19:28:44,"b""I can't narrow down 4 matches I have 1 Macho Man v. Ultimate Warrior WM 7. #ringstruck4 https://t.co/NGRZ8XWlxE""",California
2018-04-20 19:28:44,b'#ringstruck4 very tough to decide but I think this about covers it https://t.co/yWyZ6V2Hkz',California
2018-04-20 19:28:38,b'#RingStruck4 \nMisawa vs Kobashi \nDanielson vs McGuinness \nJohnny Saint vs Jim Breaks\nBig Daddy vs Giant Haystacks https://t.co/DqzMQErnlA',California
2018-04-20 19:28:36,"b""wasn't that hard for me.\n\n#ringstruck4 https://t.co/D191H1RME4""",California
2018-04-20 19:28:32,b'#RingStruck4\n(Tagging anybody because holy crap this was difficult) https://t.co/Jyym8QK0wf',California
2018-04-20 19:28:28,"b""#RingStruck4\nJust a couple of my Fav's https://t.co/qkrP9oWNKJ""",California
2018-04-20 19:28:17,b'#RingStruck4 on a side note The rise and fall of ECW is one of the best WWE documentaries ever.',California
2018-04-20 19:28:15,b'#RingStruck4 \n\n1) My first ppv and I loved Bret\n\n2) Big hhh mark and love this match\n\n3) Cemented my new found resp\xe2\x80\xa6 https://t.co/OJafnFrjYH',California
2018-04-20 19:28:05,"b"" #RingStruck4 @WrestlingSheet my wrestling fandom really took off in late 2010, that's why there's more newer matches.\xe2\x80\xa6 https://t.co/Y9y1hhFSLQ""",California
2018-04-20 19:27:48,b'RT @WrestlingSheet: you forgot the house of horrors match at payback for the wwe championship. \n\n#ringstruck4 https://t.co/QKGHfXVKGK',California
2018-04-20 19:27:24,"b""#RingStruck4 If you haven't seen Angle vs Lesnar 60 min ironman match, I feel sorry for you. https://t.co/9eGLsuWBth""",California
2018-04-20 19:26:58,"b""So many possibilities, but I'll go with greatest matches from times of my fandom:\n\n#ringstruck4 https://t.co/DaAnWkBarB""",California
2018-04-20 19:26:54,b'RT @WrestlingSheet: Piper / Hitman never gets enough honestly \n\n#ringstruck4 https://t.co/0E0WeGjMpZ',California
2018-04-20 19:26:50,b'#ringstruck4 @EdgeRatedR vs Eddie might be my favorite of all time. Me and my brother were screaming at the tv duri\xe2\x80\xa6 https://t.co/LnlFxYvehj',California
2018-04-20 19:26:49,b'Very hard to stick to 4 but both past and present fav #ringstruck4 https://t.co/RtoeIZtIIM',California
2018-04-20 19:26:40,b' #RingStruck4 Don\xe2\x80\x98t judge me for the last one - I just love it! \xf0\x9f\x98\x82\n@KennyOmegamanX vs @rainmakerXokada 2 would have been the obvio\xe2\x80\xa6 https://t.co/x47diRGR60',California
2018-04-20 19:26:31,b'#RingStruck4 I\xe2\x80\x99m enjoying these things. Might never post in a regular format ever again. https://t.co/FeBZ5N0nSK',California
2018-04-20 19:25:54,b'#ringstruck4 My four matches that got me to confirm my love for professional wrestling and made me realize that I w\xe2\x80\xa6 https://t.co/ajWeANqWQe',California
2018-04-20 19:25:52,"b'#RingStruck4 (Also on the list: the original Elimination Chamber, Chuck/ZSJ, Lee/Dijak, Walter/ZSJ, Havoc/Robinson https://t.co/VQK3OiCw6p'",California
2018-04-20 19:25:43,b'The Big un from Wigan #ringstruck4 https://t.co/gbbPj2jJiC',California
2018-04-20 19:25:37,"b' #RingStruck4 RT @CenationHLR6: These 4 matches represented everything I love about the WWE, the storytelling for all of these were simply fantastic and\xe2\x80\xa6'",California
2018-04-20 19:25:34,b'I never realized how much I love NXT  #RingStruck4 https://t.co/lCY0LRIDIt',California
2018-04-20 19:25:09,b'So my #ringstruck4 are:\n\n1999: Rock vs. Mankind - I Quit\n2011: Rollins vs. Ambrose - FCW 15 Title\n2012: Davey Richa\xe2\x80\xa6 https://t.co/78mN6Efqm6',California
2018-04-20 19:25:03,b'And now I feel stupid I don\xe2\x80\x99t have any Ric Flair matches in my #RingStruck4',California
2018-04-20 19:24:09,b'RT @WrestlingSheet: you forgot the house of horrors match at payback for the wwe championship. \n\n#ringstruck4 https://t.co/QKGHfXVKGK',California
2018-04-20 19:24:04,b'RT @XThreeee: #RingStruck4 \n Nothing but bangers https://t.co/1NB9f9pt0B',California
2018-04-20 19:24:02,b' #RingStruck4 I almost forgot about battle of the sexes and now all I can think about is how badly I want Asuka / Charlotte vs Za\xe2\x80\xa6 https://t.co/wB6QqSeI9W',California
2018-04-20 19:23:39,b'There are so many great matches. So hard to pick just 4. #RingStruck4 https://t.co/fcgH4vVrTR',California
2018-04-20 19:23:22,"b' #RingStruck4 @WrestlingSheet These 4 without a doubt... All happened within the First Year I started watching WWE, probably woul\xe2\x80\xa6 https://t.co/QcVRRW3gUV'",California
2018-04-20 19:23:21,b' #RingStruck4 Not necessarily my top four but definitely 4 matches that either cemented my love for wrestling (hogan/warrior) or\xe2\x80\xa6 https://t.co/XGwCRP0OEx',California
2018-04-20 19:23:16,b'@WrestlingSheet #ringstruck4 \n\nBit of recency bias for the last one but the fact that I got to be there for that li\xe2\x80\xa6 https://t.co/kOVaHi3dMF',California
2018-04-20 19:23:11,b'I can dig this #RingStruck4 https://t.co/iDTT7MUFLf',California
2018-04-20 19:23:01,b'#RingStruck4 4 matches that I feel defined me as a wrestling fan and the fan that I am https://t.co/Pd3vooEyjC',California
2018-04-20 19:22:50,"b""So, these are the four matches I shared for the #ringstruck4 gimmick y'all gotta going on. Not saying they are my t\xe2\x80\xa6 https://t.co/9InvU1HS2v""",California
2018-04-20 19:22:47,"b' #RingStruck4 PWG-Guerilla warfare match, Mt Rushmore (Young Bucks, Roderick Strong &amp; Adam Cole) vs Chris Hero, Mike Bailey &amp; Wor\xe2\x80\xa6 https://t.co/PXcwX3daZo'",California
2018-04-20 19:22:47,b'#RingStruck4 easy https://t.co/QaZegZOdZE',California
2018-04-20 19:22:33,b'Bret v Shawn iron man match &amp; Taker v Shawn from WM25 showing up a lot in people\xe2\x80\x99s #RingStruck4. Iron man match sur\xe2\x80\xa6 https://t.co/VbCTEXTAUO',California
2018-04-20 19:22:29,b'RT @WrestlingSheet: you forgot the house of horrors match at payback for the wwe championship. \n\n#ringstruck4 https://t.co/QKGHfXVKGK',California
2018-04-20 19:22:15,b'RT @BustedOpenRadio: Hey @davidlagreca1 @bullyray5150 @TheMarkHenry @THETOMMYDREAMER \n\nwill you share with us your #ringstruck4? https://t.\xe2\x80\xa6',California
2018-04-20 19:22:00,"b' #RingStruck4 All within last few years, when I started to appreciate more than moments. The Reigns/Lesner match was great, Rolli\xe2\x80\xa6 https://t.co/Y3DedEc3Rn'",California
2018-04-20 19:21:58,b' #RingStruck4 Austin/Bret - unlike anything I\xe2\x80\x99d seen up to that point as a fan.\n\nAustin/Rock - captured my imagination like no ot\xe2\x80\xa6 https://t.co/DYoc6dSPMi',California
2018-04-20 19:21:56,b'RT @WrestlingSheet: you forgot the house of horrors match at payback for the wwe championship. \n\n#ringstruck4 https://t.co/QKGHfXVKGK',California
2018-04-20 19:21:43,b' #RingStruck4 RT @WrestlingSheet: the movie version of this brought some incredible discussion - so this felt needed..\n\nwe want to see the four matches t\xe2\x80\xa6',California
2018-04-20 19:21:28,b'Damn this is harder than I thought #RingStruck4 https://t.co/tlbw9Jh1FM',California
2018-04-20 19:21:18,b'I stopped watching wrestling for a long time but so glad I got back into it. #ringstruck4 https://t.co/6fVNDssDhk',California
2018-04-20 19:21:14,b'you forgot the house of horrors match at payback for the wwe championship. \n\n#ringstruck4 https://t.co/QKGHfXVKGK',California
2018-04-20 19:20:49,"b"" #RingStruck4 @THICCWBOT #OOC ...I don't mean match stipulations lol. I meant  what are your four favourite matches that your cha\xe2\x80\xa6 https://t.co/Dmoar4HRwA""",California
2018-04-20 19:20:36,b'#ringstruck4 \n\nProbably top 4 as of now though War Machine + Jeff Cobb v British Strong Style is way up there.\n\n(Al\xe2\x80\xa6 https://t.co/8MmshHSz0f',California
2018-04-20 19:20:25,b'#ringstruck4 this was alot harder than i expected. https://t.co/Lob09hyWxi',California
2018-04-20 19:20:25,b'If I were to redo that #Ringstruck4 with only modern matches.\n\nGolden Lovers vs. Young Bucks (SSE 2018)\nJohnny Garg\xe2\x80\xa6 https://t.co/VFK3AGUkiY',California
2018-04-20 19:19:34,b'#RingStruck4 \n\n4 of my absolute all time favorite matches https://t.co/F5wzuV2n95',California
2018-04-20 19:19:24,b' #RingStruck4 RT @WrestlingSheet: another SUPER underrated match is wyatts vs shield. what a crowd that was on hand for that one. people lost it from beg\xe2\x80\xa6',California
2018-04-20 19:19:14,b'My #RingStruck4 has some wildly different matches https://t.co/pzWBwCtGbU',California
2018-04-20 19:19:11,"b'Just like with games, the #RingStruck4 was super tough. Lots of matches missing off this list.\n\nPlenty of older mat\xe2\x80\xa6 https://t.co/WKiKkIVoqP'",California
2018-04-20 19:19:01,b'Always go back to watch these four great matches. #RingStruck4 https://t.co/ZcRZMutpTJ',California
2018-04-20 19:18:44,b'Hey @davidlagreca1 @bullyray5150 @TheMarkHenry @THETOMMYDREAMER \n\nwill you share with us your #ringstruck4? https://t.co/O88Rgfm8Cf',California
2018-04-20 19:18:18,b' #RingStruck4 RT @WrestlingSheet: another SUPER underrated match is wyatts vs shield. what a crowd that was on hand for that one. people lost it from beg\xe2\x80\xa6',California
2018-04-20 19:18:17,b'RT @JoshSchippe: I can\xe2\x80\x99t do #ringstruck4. It\xe2\x80\x99s too difficult.',California
2018-04-20 19:18:04,b'#RingStruck4 each match represents a first for me.\n- The first match that I fell in love with wrestling.\n- The firs\xe2\x80\xa6 https://t.co/Ar8wDhn5Ao',California
2018-04-20 19:18:04,"b"" #RingStruck4 This is impossible but here's the 1st 4 that jumped out to me:\n\nTully vs Magnum Starrcade 85\n\nSavage vs Hogan WM5\xe2\x80\xa6 https://t.co/QaOpvk3EFv""",California
2018-04-20 19:17:52,"b"" #RingStruck4 @WrestlingSheet What good wrestling looks like. What story and heat looks like. The women's division to rival the m\xe2\x80\xa6 https://t.co/6rynAyueX6""",California
2018-04-20 19:17:45,b' #RingStruck4 RT @WrestlingSheet: the movie version of this brought some incredible discussion - so this felt needed..\n\nwe want to see the four matches t\xe2\x80\xa6',California
2018-04-20 19:17:35,b'@DanRyckert My #RingStruck4 now that I realize it\xe2\x80\x99s specifically matches. https://t.co/szScpi6HEf',California
2018-04-20 19:17:12,b'This was difficult. Have to go with these.. #RingStruck4 https://t.co/8W8N0dDr5a',California
2018-04-20 19:17:09,b' #RingStruck4 Bret vs DBS SS \xe2\x80\x9892 / Bret vs Shawn WM 12 / Sabu vs Terry Funk ECW Born to be Wired 97 / Dragon vs Morishima ROH FB\xe2\x80\xa6 https://t.co/IfzwWJH7Kw',California
2018-04-20 19:17:03,b'Yea yea I\xe2\x80\x99m into wrestling now.. ACCEPT IT. #RingStruck4 https://t.co/l2ObGiX1aB',California
2018-04-20 19:16:53,"b'#RingStruck4 Extremely difficult to narrow down, but these would be the 4 that cemented my wrestling fandom. Honora\xe2\x80\xa6 https://t.co/CM9AtDnyZF'",California
2018-04-20 19:16:31,"b'4 of my favourite matches of all time, Some real emotion came out whilst watching these over the years #RingStruck4 https://t.co/daMzbjkTp4'",California
2018-04-20 19:15:59,b'#ringstruck4 would consider these the four matches that absolutely shaped tastes for me. https://t.co/p9Mzhhmelj',California
2018-04-20 19:15:29,b'#Ringstruck4\n\n-DoFIXER vs. Blood Generation (Supercard of Honor)\n-Tommaso Ciampa vs. Handsome Johnny (Chaotic 7.15.\xe2\x80\xa6 https://t.co/WwLEa6PE2K',California
2018-04-20 19:15:18,b'#RingStruck4 Part 2 https://t.co/XtgVPkOxsG',California
2018-04-20 19:15:07,b' #RingStruck4 RT @WrestlingSheet: another SUPER underrated match is wyatts vs shield. what a crowd that was on hand for that one. people lost it from beg\xe2\x80\xa6',California
2018-04-20 19:14:21,"b'RT @wehavefunhere: @WrestlingSheet Rock/Austin WMX7, Rock/Mankind Empty Arena match, Punk/Cena MITB, Great Muta/Jushin Liger #ringstruck4 h\xe2\x80\xa6'",California
2018-04-20 19:14:06,"b""Part of my understands that its OK for non-WWF/WWE matches to not be in my #RingStruck4 since it's abut what's impa\xe2\x80\xa6 https://t.co/ITOQk2rnHG""",California
2018-04-20 19:14:04,b'@WrestlingSheet #ringstruck4 So hard to find 4... https://t.co/bjgbNdyZ1N',California
2018-04-20 19:14:04,b'These four matches helped define my current fandom as a wrestling fan #ringstruck4 https://t.co/strkJ1OGDy',California
2018-04-20 19:14:02,"b""RT @chasinthadragon: #ringstruck4 \n\nI gauged this fully on how many times I've watched a match and every single one of these I've watched h\xe2\x80\xa6""",California
2018-04-20 19:13:32,b'@WrestlingSheet #RingStruck4 \n\nMacho Man vs Hogan - WM5\nMacho Man vs Ultimate Warrior- WM7 (greatest reunion of all\xe2\x80\xa6 https://t.co/EOssiRMzVY',California
2018-04-20 19:13:27,"b""#RingStruck4 I can't justify naming anything modern, as without these four as tent poles in my childhood I would no\xe2\x80\xa6 https://t.co/7si05xhPdc""",California
2018-04-20 19:13:26,b' #RingStruck4 The TLC match from the first show I ever watched that got me hooked on wrestling.\nThe match that got me to pay atte\xe2\x80\xa6 https://t.co/rf2hRAloOt',California
2018-04-20 19:13:24,"b' #RingStruck4 @WrestlingSheet Bret v Bulldog Summerslam 92, \nHBK v Austin WM 4, Mankind v Taker Hell in a Cell 98, Aj Styles v Je\xe2\x80\xa6 https://t.co/wVOmntdhK4'",California
2018-04-20 19:13:18,"b""4 matches that shaped you into the fan you are today. \n#RingStruck4\n\nI'm gonna throw it over to my brother\xe2\x80\xa6 https://t.co/ncHZM4OpT6""",California
2018-04-20 19:13:16,"b""It's amazing isn't it, out of all the matches in the world, the ones that shape you #ringstruck4 aren't alweays 'th\xe2\x80\xa6 https://t.co/eZsWyI2FzH""",California
2018-04-20 19:13:13,"b'#RingStruck4 Ric Flair vs Vader (SuperBrawl IV), possibly the earliest memory I have of Pro Wrestling\n\nUndertaker v\xe2\x80\xa6 https://t.co/AEfiFap9n0'",California
2018-04-20 19:13:09,b'I have some interesting choices for my #ringstruck4\n\nCena vs. Punk: Duh.\n\nOmega vs. Okada 1: Imagine staying up lat\xe2\x80\xa6 https://t.co/euSzONhmK0',California
2018-04-20 19:13:08,b'the matches and personalities that hooked me as a kid\n#ringstruck4 https://t.co/pEUjQuePoy',California
2018-04-20 19:12:53,b'Dope idea. What day you @marksetgopod what 4 matches shaped who you are as a wrestling fan? #ringstruck4 https://t.co/lP6oRely4K',California
2018-04-20 19:12:52,b'Melina vs. Alicia Fox x4\n#ringstruck4',California
2018-04-20 19:12:51,b'#RingStruck4 my fast pick... https://t.co/dvCHM81yrZ',California
2018-04-20 19:12:37,"b""All times when my disbelief and 'smarkism' disappeared. #RingStruck4 https://t.co/dRKPDtjbV3""",California
2018-04-20 19:12:32,b'RT @VeenaMKay: Iconic Matches Only. #Ringstruck4 https://t.co/mlOilpoN3L',California
2018-04-20 19:12:24,"b""#ringstruck4 \nFor matches I've seen in person\n1. Ospreay Vs Sydel absolutely blew my mind, first Rev Pro show\n2. Os\xe2\x80\xa6 https://t.co/Y5uJgxveVy""",California
2018-04-20 19:12:20,b'#RingStruck4 4 matches from my childhood that made the biggest impressions https://t.co/f76q08Su2N',California
2018-04-20 19:12:11,b'#RingStruck4 These 4 are my absolute favorite matches of all time. https://t.co/JKpCJ8faPn',California
2018-04-20 19:11:52,b'ok I think these 4 cover everything I love about wrestling #ringstruck4 https://t.co/aGQGRTQFKa',California
2018-04-20 19:11:48,b' #RingStruck4 RT @WrestlingSheet: another SUPER underrated match is wyatts vs shield. what a crowd that was on hand for that one. people lost it from beg\xe2\x80\xa6',California
2018-04-20 19:11:48,"b'Man, this was hard.\n#RingStruck4 https://t.co/rtlJxtFn5y'",California
2018-04-20 19:11:25,b'RT @XThreeee: #RingStruck4 \n Nothing but bangers https://t.co/1NB9f9pt0B',California
2018-04-20 19:11:16,b'RT @DanRyckert: First four I thought of for #RingStruck4 https://t.co/ApFruOuDBj',California
2018-04-20 19:11:04,b'I didn\xe2\x80\x99t even put the hashtag wow #ringstruck4 https://t.co/CMGv9UbWJ5',California
2018-04-20 19:11:03,b'#RingStruck4 I have to do seperate men and women\xe2\x80\x99s! https://t.co/EfitZm8XtF',California
2018-04-20 19:10:59,b'So if we went wrestling #RingStruck4  would consist of prob what I fed best describes my own personal evolution as\xe2\x80\xa6 https://t.co/Coy2ZsmoIE',California
2018-04-20 19:10:40,b'@WrestlingSheet #ringstruck4 ..with pics this time https://t.co/Sxz0D7VxgC',California
2018-04-20 19:10:29,b' #RingStruck4 I could sit here all day and never be satisfied with my list. Four matches that definitely shaped my wrestling fand\xe2\x80\xa6 https://t.co/XCSH7JUFP2',California
2018-04-20 19:10:15,b' #RingStruck4 RT @WrestlingSheet: another SUPER underrated match is wyatts vs shield. what a crowd that was on hand for that one. people lost it from beg\xe2\x80\xa6',California
2018-04-20 19:09:59,b' #RingStruck4 another SUPER underrated match is wyatts vs shield. what a crowd that was on hand for that one. people lost it from\xe2\x80\xa6 https://t.co/RIgQWbXMiN',California
2018-04-20 19:09:42,b'@CodyRhodes Stole one of yours but these are the ones that made me a wrestling fan! #RingStruck4 https://t.co/6HoHQLdCHP',California
2018-04-20 19:09:36,b'Some honourable mentions... #RingStruck4 https://t.co/GCMGIICHT5',California
2018-04-20 19:08:37,b'This was harder than the film and video game versions #ringstruck4 https://t.co/WYnakVDTZ6',California
2018-04-20 19:08:32,b' #RingStruck4 RT @Allwrestling420: Love what @WrestlingSheet started \n\n4 wrestling matches or moments that describe why you got into Wrestling! Let me kn\xe2\x80\xa6',California
2018-04-20 19:08:25,b' #RingStruck4 RT @WrestlingSheet: the movie version of this brought some incredible discussion - so this felt needed..\n\nwe want to see the four matches t\xe2\x80\xa6',California
2018-04-20 19:08:17,"b""#ringstruck4 \n@CMPunk and @JEFFHARDYBRAND are my favorite wrestlers of all time. Don't @ me. You can't change my mi\xe2\x80\xa6 https://t.co/DKY4ch4htA""",California
2018-04-20 19:08:14,b'#RingStruck4 \n Nothing but bangers https://t.co/1NB9f9pt0B',California
2018-04-20 19:08:14,b'Tough to choose #ringstruck4 https://t.co/knldRP4DBa',California
2018-04-20 19:08:02,b' #RingStruck4 Dang... this is hard... First two made and kept me as a fan. Other two represents shifts in my fandom over the year\xe2\x80\xa6 https://t.co/CJ4PGoFjSb',California
2018-04-20 19:07:57,b' #RingStruck4 RT @OlYoungBoi: Probably one of the hardest lists I\xe2\x80\x99ve ever constructed. I have two NXT matches in there for a reason. I truly believe NXT\xe2\x80\xa6',California
2018-04-20 19:07:48,"b'RT @ryansatin: Great idea, @chillhartman!  \n\n#ringstruck4 https://t.co/C3KO4Gb0Mq'",California
2018-04-20 19:07:47,"b'Oh, you better believe I\xe2\x80\x99m doing a #RingStruck4 https://t.co/b2i3LDLa0O'",California
2018-04-20 19:07:32,"b' #RingStruck4 RT @chillhartman: yes four VERY different matches, but all four equally important to me consistently being into this art form. \n\n#ringstruc\xe2\x80\xa6'",California
2018-04-20 19:07:21,"b'#ringstruck4\nJust off the top, not always the best matches but the memories they invoke are strong. https://t.co/HRfVs0Fdkt'",California
2018-04-20 19:06:59,b'@WrestlingSheet My Personal #RingStruck4 https://t.co/rViU1PBHlD',California
2018-04-20 19:06:51,"b' #RingStruck4 #PunkvsCenaMITB is what started the passion, I witnessed #SashavsBayleyTOB in person with awe, #OkadavsOmega1 forev\xe2\x80\xa6 https://t.co/jeZVCVnBrp'",California
2018-04-20 19:06:37,b'RT @WrestlingSheet: trish vs mickie is and remains underrated as hell for how incredible that storytelling was. \n\n#ringstruck4 https://t.co\xe2\x80\xa6',California
2018-04-20 19:06:12,b'RT @JobberRobb: #RingStruck4 I enjoyed the video game version so maybe we can do this? Fairly large gap from when I watched wrestling as a\xe2\x80\xa6',California
2018-04-20 19:06:08,"b""RT @Bannister007: Doing the #ringstruck4 is hard for me. So many matches to choose from. I've shortened my list to:\n\nRock Vs Austin WM19\nUn\xe2\x80\xa6""",California
2018-04-20 19:06:04,"b"" #RingStruck4 RT @sharkosaur: *Ubiquitous comment about how difficult this was*\n\n1.Cemented my fandom &amp; turned me into a devotee of women's wrestling\n\n2.\xe2\x80\xa6""",California
2018-04-20 19:05:56,b'#RingStruck4 no Shawn Michaels or Hogan or Sting or Flair \xf0\x9f\xa4\x94 https://t.co/vsfZMAX0XO',California
2018-04-20 19:05:55,b' #RingStruck4 RT @OlYoungBoi: Probably one of the hardest lists I\xe2\x80\x99ve ever constructed. I have two NXT matches in there for a reason. I truly believe NXT\xe2\x80\xa6',California
2018-04-20 19:05:55,"b""#ringstruck4 (1) The '86 Bash Tour  (2)  Magnum Vs. Tully at Starrcade is the best match I have ever seen. (3) Flai\xe2\x80\xa6 https://t.co/j2PUrSkKdY""",California
2018-04-20 19:05:50,"b'RT @skeenzyf: #RingStruck4\n\nThe four matches that I can never forget, that helped me fall in loves with the crazy world of professional wre\xe2\x80\xa6'",California
2018-04-20 19:05:48,"b' #RingStruck4 My early years watching wrestling.\n1. Royal Rumble 1992, when Flair won.\n2. RAW 1993, HBK v. Jannetty, when Jannett\xe2\x80\xa6 https://t.co/OpOLguIsre'",California
2018-04-20 19:05:43,"b' #RingStruck4 RT @CenationHLR6: These 4 matches represented everything I love about the WWE, the storytelling for all of these were simply fantastic and\xe2\x80\xa6'",California
2018-04-20 19:05:36,"b' #RingStruck4 RT @chillhartman: yes four VERY different matches, but all four equally important to me consistently being into this art form. \n\n#ringstruc\xe2\x80\xa6'",California
2018-04-20 19:05:29,"b""RT @chasinthadragon: #ringstruck4 \n\nI gauged this fully on how many times I've watched a match and every single one of these I've watched h\xe2\x80\xa6""",California
2018-04-20 19:04:53,"b' #RingStruck4 Jesus Christ this was bloody difficult\n\nI know mine are weird, but these growing up made me realise why I love wres\xe2\x80\xa6 https://t.co/DN9WCsoOR7'",California
2018-04-20 19:04:53,b' #RingStruck4 Love what @WrestlingSheet started \n\n4 wrestling matches or moments that describe why you got into Wrestling! Let me\xe2\x80\xa6 https://t.co/PYTdLeUFgi',California
2018-04-20 19:04:51,b' #RingStruck4 @WrestlingSheet My favourite four matches are.\n\n1 the first TLC match at summer slam this kickstarted my love for w\xe2\x80\xa6 https://t.co/v90sPIAgD0',California
2018-04-20 19:04:41,"b""These matches are why I'm a pro wrestling fan #ringstruck4 https://t.co/wDsRIrM7HD""",California
2018-04-20 19:04:37,b'4 of my favorite matches. I still go back and watch these for fun and enjoy them.  #ringstruck4 https://t.co/Ov106f8Qqp',California
2018-04-20 19:04:29,b' #RingStruck4 Here we go: \n\nMacho Man vs. Hogan WM5\n\nStone Cold vs. Bret Hart SS 96\xe2\x80\x99\n\nDDP vs Raven Spring Stampede 98\xe2\x80\x99\n\nChris Ben\xe2\x80\xa6 https://t.co/MClJhZ59Et',California
2018-04-20 19:04:28,b'#ringstruck4 There are more than 4 but these are the four that always come to mind https://t.co/kY0Na2CnQT',California
2018-04-20 19:04:21,b'Been a fan for over 20 years and my #RingStruck4 makes it look like I just started watching last week. https://t.co/cnDy9kLubE',California
2018-04-20 19:04:19,"b'@ryansatin @chillhartman This one was hard. Also, triple threat matches are awesome. #RingStruck4 https://t.co/nk5s8fA52e'",California
2018-04-20 19:04:09,"b""#RingStruck4\nGreat story\nAnything can happen\nYou accept its sports and entertainment\nBut when it's sports, hell of\xe2\x80\xa6 https://t.co/huRxC9FI6L""",California
2018-04-20 19:03:58,"b' #RingStruck4 this is why i love lists like this. \n\nempty arena match sighting! \n\n(honestly, a hell of an advertising campaign fo\xe2\x80\xa6 https://t.co/EK6fQaIoDi'",California
2018-04-20 19:03:58,b'it was impossible to pick only 4 #ringstruck4 https://t.co/iTorYTuurg',California
2018-04-20 19:03:47,"b"" #RingStruck4 It's really hard for me to pinpoint what four matches made me in the wrestling fan I am today because there are so\xe2\x80\xa6 https://t.co/VGnkXso9uy""",California
2018-04-20 19:03:46,b' #RingStruck4 4 matches that meant something to me. Savage during his early WWF heel run was constant gold. Bret Hart couldn\xe2\x80\x99t fa\xe2\x80\xa6 https://t.co/PSOKDo5Nc7',California
2018-04-20 19:03:36,b'Favorites of my childhood!\n#ringstruck4 https://t.co/DqBwWyFo6r',California
2018-04-20 19:03:26,b'#RingStruck4\nUndertaker vs Mankind King of The Ring 1998\nKurt Angle vs Shane McMahon King of the Ring 2001\nKane vs\xe2\x80\xa6 https://t.co/cJTfOIjE32',California
2018-04-20 19:03:21,b'#RingStruck4\n\nAustin/Rock @ wrestlemania 17\n\nBlackman/Shane McMahon @ SummerSlam \n\n6 man hell in a cell @ Armageddo\xe2\x80\xa6 https://t.co/TxAk0h3wu8',California
2018-04-20 19:03:08,"b"" #RingStruck4 @WrestlingSheet \xe2\x80\xa2 Trish vs. Lita made me see women's wrestling in a new light.\n\xe2\x80\xa2 Hamada vs. Alissa Flash led me to\xe2\x80\xa6 https://t.co/LnQeNcZz9q""",California
2018-04-20 19:03:00,b'@GGGdeuce @Kattysz1983 what\xe2\x80\x99s your #RingStruck4 ??? \xf0\x9f\xa4\x94',California
2018-04-20 19:02:27,b'There\xe2\x80\x99s so many more i\xe2\x80\x99d love to add #RingStruck4 https://t.co/YwFJ3kG3rw',California
2018-04-20 19:01:52,b' #RingStruck4 RT @WrestlingSheet: the movie version of this brought some incredible discussion - so this felt needed..\n\nwe want to see the four matches t\xe2\x80\xa6',California
2018-04-20 19:01:45,"b' #RingStruck4 @WrestlingSheet Rock/Austin WMX7, Rock/Mankind Empty Arena match, Punk/Cena MITB, Great Muta/Jushin Liger\xe2\x80\xa6 https://t.co/L8mWXG8BwF'",California
2018-04-20 19:01:32,"b' #RingStruck4 Vader vs Stan Hansen\nPunk vs Joe\nOwen vs Bret\nAnd the match that showed me just how badass and tough @WWEAsuka is,\xe2\x80\xa6 https://t.co/g2gdfXpWGA'",California
2018-04-20 19:01:30,b'4 matches that come to mind! These matches always remind me why I love wrestling so much!  #ringstruck4 https://t.co/WpH1sAsI6w',California
2018-04-20 19:01:25,b' #RingStruck4 @WrestlingSheet Savage/Steamboat was the 1st match that stuck w/me to this day &amp; fave w/gun to my head. Loved the b\xe2\x80\xa6 https://t.co/ezNYONQcNM',California
2018-04-20 19:01:16,b'#ringstruck4\nThese four are all great but still my fav match and the first match i ever saw is @SamoaJoe\xe2\x80\xa6 https://t.co/ZKoIAkrjt4',California
2018-04-20 19:00:54,b'these matches made me the wrestling fan i am today along with others but these 4 are my top #ringstruck4 https://t.co/XUq2dnmm8u',California
2018-04-20 19:00:53,b'@WrestlingSheet Probably these\n\n#RingStruck4 https://t.co/ehfblExWHn',California
2018-04-20 19:00:50,"b'#RingStruck4... not my 4 favorite matches ever, but 4 underrated matches I loved. https://t.co/IYXUTFe1K3'",California
2018-04-20 19:00:23,"b""#ringstruck4 \n\nI gauged this fully on how many times I've watched a match and every single one of these I've watche\xe2\x80\xa6 https://t.co/5fpHl6Jlqv""",California
2018-04-20 19:00:14,b'@WrestlingSheet this shit was difficult. #ringstruck4 https://t.co/PfIoHrxJr6',California
2018-04-20 19:00:13,b'#RingStruck4\n\nI love wrestling. These matches and respective rivalries kept me afloat as a fan and as a friggin\xe2\x80\x99 pe\xe2\x80\xa6 https://t.co/3XRGEZhJhD',California
2018-04-20 19:00:12,b'Wait is the #GameStruck4 not a thing now?as now seeing #ringstruck4 \xf0\x9f\x98\x95',California
2018-04-20 18:59:25,b'#RingStruck4 \nThis was hard. ask me again in a couple months and the bottom two will be different https://t.co/YKY2FjwveJ',California
2018-04-20 18:59:02,"b"" #RingStruck4 I wanted to add Savage/Steamboat from WM3 to this as that's probably my all time fav match but I feel like these sh\xe2\x80\xa6 https://t.co/tmBXGr2bps""",California
2018-04-20 18:58:53,b'My #RingStruck4 are the four matches that pulled me deeper into wrestling fandom at different times of my life https://t.co/WBnptgOLv4',California
2018-04-20 18:58:52,"b'RT @ryansatin: Great idea, @chillhartman!  \n\n#ringstruck4 https://t.co/C3KO4Gb0Mq'",California
2018-04-20 18:58:51,b'Four matches that honestly changed how I looked at professional wrestling\n#ringstruck4 https://t.co/sFSAd93jna',California
2018-04-20 18:58:45,"b' #RingStruck4 RT @chillhartman: yes four VERY different matches, but all four equally important to me consistently being into this art form. \n\n#ringstruc\xe2\x80\xa6'",California
2018-04-20 18:58:43,"b""Sure I'll play this one.\n\n#RingStruck4 https://t.co/K6LyDXVY9Z""",California
2018-04-20 18:58:34,b' #RingStruck4 Batista vs HHH was one of the first matches I remember being invested in. \n\nOkada vs Kenny is still probably the be\xe2\x80\xa6 https://t.co/UXjy1g6Q2w',California
2018-04-20 18:58:32,"b'Here are my picks, and I will follow up with the reason for each. #RingStruck4 https://t.co/alg3R29jVF'",California
2018-04-20 18:58:30,b' #RingStruck4 RT @WrestlingSheet: savage vs warrior in the retirement match at wrestlemania 7 is awe inducing. \n\nsavage hitting elbow after elbow kept no\xe2\x80\xa6',California
2018-04-20 18:58:24,b'RT @WrestlingSheet: trish vs mickie is and remains underrated as hell for how incredible that storytelling was. \n\n#ringstruck4 https://t.co\xe2\x80\xa6',California
2018-04-20 18:58:20,"b'Three very different matches, all hugely responsible for making me a fan (or making me a fan again)\n\n#RingStruck4 https://t.co/aY4YczxRRm'",California
2018-04-20 18:58:18,b'#RingStruck4\nKota Ibushi vs. Nick Jackson vs. El Generico vs. Jigsaw (King of Trios 2009)\nRazor Ramon vs. Shawn Mic\xe2\x80\xa6 https://t.co/pLPws2uTdk',California
2018-04-20 18:58:08,b'#RingStruck4 \n\nWarrior/Savage - Best story told through a match and post match.\n\nHart/Austin - The greatest rollerc\xe2\x80\xa6 https://t.co/DUJWNr3E9V',California
2018-04-20 18:58:01,"b' #RingStruck4 These @WWE matches sparked and sustained a love of story telling, athleticism, character driven wrestling. This is\xe2\x80\xa6 https://t.co/E6TzGX90dv'",California
2018-04-20 18:57:52,b'#RingStruck4 these matches are why I love professional wrestling. https://t.co/alRbSm0beL',California
2018-04-20 18:57:46,b'#RingStruck4\n\n\xe2\x80\x9cYou\xe2\x80\x99re such a @CMPunk homer. Blah blah blah\xe2\x80\x9d\n\nShut up. He got me back into wrestling and both of tho\xe2\x80\xa6 https://t.co/DMz3rWhiCC',California
2018-04-20 18:57:39,b'it was hard for me to pick 4 but these are the ones that came to mind #ringstruck4 https://t.co/djDhSx6QHo',California
2018-04-20 18:57:24,b' #RingStruck4 RT @WrestlingSheet: savage vs warrior in the retirement match at wrestlemania 7 is awe inducing. \n\nsavage hitting elbow after elbow kept no\xe2\x80\xa6',California
2018-04-20 18:57:17,b'@WrestlingSheet #ringstruck4 @HEELZiggler is underrated per usual but the dude delivered (still does) some of the m\xe2\x80\xa6 https://t.co/BZBf8XiqND',California
2018-04-20 18:57:11,b' #RingStruck4 RT @WrestlingSheet: the movie version of this brought some incredible discussion - so this felt needed..\n\nwe want to see the four matches t\xe2\x80\xa6',California
2018-04-20 18:57:08,b'4 matches that made me the wrestling fan I am today #RingStruck4 \n\nMania 21 @TripleH @DaveBautista \nJudgement Day 2\xe2\x80\xa6 https://t.co/iECHJS4z4r',California
2018-04-20 18:57:01,"b""I didn't become a wrestling fan until 2014 so, mine are all newish. #ringstruck4 https://t.co/gMCOkcsIQE""",California
2018-04-20 18:56:38,b' #RingStruck4 -Bret Vs Austin at WM13\n-Savage vs Steamboat at WM3\n-Steiners vs Sting and Luger at Superbrawl\n-Sting vs Muta at Ba\xe2\x80\xa6 https://t.co/vAIi4iWVia',California
2018-04-20 18:56:17,b' #RingStruck4 RT @WrestlingSheet: savage vs warrior in the retirement match at wrestlemania 7 is awe inducing. \n\nsavage hitting elbow after elbow kept no\xe2\x80\xa6',California
2018-04-20 18:55:49,"b'#ringstruck4 First PPV main event I saw, Favorite Match Ever, Favorite match I attended live and first NXT Takeover\xe2\x80\xa6 https://t.co/uli9hNnogv'",California
2018-04-20 18:55:48,b' #RingStruck4 savage vs warrior in the retirement match at wrestlemania 7 is awe inducing. \n\nsavage hitting elbow after elbow kep\xe2\x80\xa6 https://t.co/tHXxhUjvhY',California
2018-04-20 18:55:47,b'All matches that meant something different to me at some point of my wrestling fandom. #RingStruck4 https://t.co/MWQ6zARvp8',California
2018-04-20 18:55:24,"b""#RingStruck4 \nNot so much 'what shaped me into my wrestling fan', but more of my favourite matches. https://t.co/pKuh9Mz4Cj""",California
2018-04-20 18:55:15,b' #RingStruck4 RT @WrestlingSheet: the movie version of this brought some incredible discussion - so this felt needed..\n\nwe want to see the four matches t\xe2\x80\xa6',California
2018-04-20 18:55:04,b'Nothing too crazy in my choices. But what a nice trip down memory lane. \n\n#RingStruck4 https://t.co/ZIbWwQs9FG',California
2018-04-20 18:55:02,b'I love the concept of #RingStruck4. However it will take me a totally unnecessary amount of time to decide!',California
2018-04-20 18:54:56,b'#RingStruck4. Bret vs Owen at wrestlemania 10 gets an honorable mention. https://t.co/V15EuZq7H0',California
2018-04-20 18:54:47,b' #RingStruck4 The reason I picked these matches is because it\xe2\x80\x99s matches like these that keep my love for wrestling alive and well\xe2\x80\xa6 https://t.co/G3OnnVLfFR',California
2018-04-20 18:54:30,"b' #RingStruck4 Jerry Lawler vs Eddie Gilbert (Mid-South Colosseum), Hogan vs Warrior (Title for Title), Shawn Michaels vs Razor Ra\xe2\x80\xa6 https://t.co/QTiPsJX7eX'",California
2018-04-20 18:54:27,b'RT @WrestlingSheet: trish vs mickie is and remains underrated as hell for how incredible that storytelling was. \n\n#ringstruck4 https://t.co\xe2\x80\xa6',California
2018-04-20 18:54:20,b'@WrestlingSheet This was even more difficult than the games or movies.  #RingStruck4 https://t.co/HghISQekBN',California
2018-04-20 18:53:57,"b'#RingStruck4 People asked our favorite matches on our wrestlemania recap the other week, and we never got around to\xe2\x80\xa6 https://t.co/WdkADW1eyn'",California
2018-04-20 18:53:42,b'This was hard. #ringstruck4 https://t.co/I77hhLUWhU',California
2018-04-20 18:53:40,"b'@WrestlingSheet Pretty much these 4, since I can only list 4.\n#RingStruck4 https://t.co/gbsnfP0sJV'",California
2018-04-20 18:53:16,"b' #RingStruck4 Jesus, this is hard. I know of two that\xe2\x80\x99d be on here. But the other two? BAAAAAH fuck it, it\xe2\x80\x99s hard. Right, context\xe2\x80\xa6 https://t.co/fcGuBmC1Sv'",California
2018-04-20 18:53:07,b' #RingStruck4 undertaker vs jeff hardy on raw is incredible. the match that really locked jeff in as a superstar all his own.\xe2\x80\xa6 https://t.co/fXS5ALMmfX',California
2018-04-20 18:53:05,b'@WrestlingSheet These are all great matches in my opinion. #ringstruck4 https://t.co/azFd90dq40',California
2018-04-20 18:52:40,b' #RingStruck4 RT @WrestlingSheet: the movie version of this brought some incredible discussion - so this felt needed..\n\nwe want to see the four matches t\xe2\x80\xa6',California
2018-04-20 18:52:30,"b""#ringstruck4 \nThese 4 stood out for me. As a kid watching WWE in the 90s I don't remember match quality much, only\xe2\x80\xa6 https://t.co/ORTe5i67Ve""",California
2018-04-20 18:52:27,b' #RingStruck4 @WrestlingSheet A lot of relatively recent ones. Styles/Daniels/Joe had stood as my all time favourite for so long\xe2\x80\xa6 https://t.co/Xgrxu1OB8u',California
2018-04-20 18:52:26,"b""#ringstruck4 \n\nWhat's yours? \n\nSting/Cage vs. Jarrett/Brown (raised my interest in TNA)\nHart vs. Piper (First WWE m\xe2\x80\xa6 https://t.co/JGF4HuoMwf""",California
2018-04-20 18:52:20,b'These are the only one of these that I care about #RingStruck4 https://t.co/gwfk8YmRBZ',California
2018-04-20 18:51:22,"b'#ringstruck4 is killing me. So many to choose from! But from me being a child, becoming captivated with wrestling,\xe2\x80\xa6 https://t.co/w8W6t77xk2'",California
2018-04-20 18:51:16,"b'RT @ryansatin: Great idea, @chillhartman!  \n\n#ringstruck4 https://t.co/C3KO4Gb0Mq'",California
2018-04-20 18:51:04,"b""So this was my original #RingStruck4, but I have so many more matches that mean the world to me. I'm just gonna mak\xe2\x80\xa6 https://t.co/8vQ4FRlJ8H""",California
2018-04-20 18:50:26,"b""this came together pretty easy, but hm, #ringstruck4\n\nthat's gonna take some thinking https://t.co/XI9yeAoOtg""",California
2018-04-20 18:50:06,"b'RT @ryansatin: Great idea, @chillhartman!  \n\n#ringstruck4 https://t.co/C3KO4Gb0Mq'",California
2018-04-20 18:49:44,b' #RingStruck4 4 matches where the competitors told a story inside the ring and out. I was on the edge of my seat at a young age w\xe2\x80\xa6 https://t.co/jMD1eua8z3',California
2018-04-20 18:49:33,b'#ringstruck4 There\xe2\x80\x99s way more than just 4 but I tried to narrow it down https://t.co/E7JNxyjBPz',California
2018-04-20 18:49:33,b'The 4 that come to mind #RingStruck4 https://t.co/Qn1DqGgTjZ',California
2018-04-20 18:49:10,"b'Two of my favorite matches took place on the same PPV, Wrestlemania 17. Such a perfect event. #RingStruck4 https://t.co/129XuEKwo8'",California
2018-04-20 18:48:54,"b' #RingStruck4 There is so many great matches but these 4 made me live wrestling in a completely different way.\nHardcore, high fly\xe2\x80\xa6 https://t.co/dZWATnFhCX'",California
2018-04-20 18:48:49,b'RT @DanRyckert: First four I thought of for #RingStruck4 https://t.co/ApFruOuDBj',California
2018-04-20 18:48:36,b' #RingStruck4 -Greatest 3-way of all time\n-That great final sequence with SCSA and Linda and the crowd reaction\n-Technical master\xe2\x80\xa6 https://t.co/XfDlfa6CGx',California
2018-04-20 18:48:34,"b'RT @ryansatin: Great idea, @chillhartman!  \n\n#ringstruck4 https://t.co/C3KO4Gb0Mq'",California
2018-04-20 18:48:25,"b'RT @ryansatin: Great idea, @chillhartman!  \n\n#ringstruck4 https://t.co/C3KO4Gb0Mq'",California
2018-04-20 18:48:07,b'#ringstruck4 In no particular order. These 4 represent the matches that shaped me! Cena vs JBl is the first hardcor\xe2\x80\xa6 https://t.co/2ta7XedZzK',California
2018-04-20 18:47:53,b' #RingStruck4 RT @WrestlingSheet: the movie version of this brought some incredible discussion - so this felt needed..\n\nwe want to see the four matches t\xe2\x80\xa6',California
2018-04-20 18:47:42,"b""here's my #ringstruck4 https://t.co/89YRCNjzDr""",California
2018-04-20 18:47:35,b' #RingStruck4 @WrestlingSheet \n1. HHH vs HBK SS2002\n2. Flair vs Funk I quit\n3. Luger vs Flair (the one where Sting slaps Luger to\xe2\x80\xa6 https://t.co/vhcoGiZtqv',California
2018-04-20 18:47:31,b' #RingStruck4 razor vs shawn at wrestlemania 10 is still the quintessential match you show people when they want to know what a w\xe2\x80\xa6 https://t.co/KdudEwxGFw',California
2018-04-20 18:47:09,b'Had to include fellow St Ed\xe2\x80\x99s Eagles @HEELZiggler and @JohnnyGargano in my #ringstruck4 @WrestlingSheet as well as\xe2\x80\xa6 https://t.co/LeEY2KZQZk',California
2018-04-20 18:46:47,"b'Great idea, @chillhartman!  \n\n#ringstruck4 https://t.co/C3KO4Gb0Mq'",California
2018-04-20 18:45:43,b'The #RingStruck4 is so difficult',California
2018-04-20 18:45:00,b'This was tough. #ringstruck4 https://t.co/joSWpJ11ep',California
2018-04-20 18:45:00,b' #RingStruck4 John Cena vs CM Punk MITB 2011.\nSami Zayn vs Shinsuke Nakamura NXT Dallas.\nSasha Banks vs Bayley 30 minute Ironman\xe2\x80\xa6 https://t.co/eVsTmAZdzD',California
2018-04-20 18:44:34,"b'@WrestlingSheet #ringstruck4 \nWm 6 began my love, wm 12 solidified it.  Cena/edge brought me back after a 3 year hi\xe2\x80\xa6 https://t.co/Jm0aWaGZpg'",California
2018-04-20 18:44:27,"b"" #RingStruck4 Man this is tough @WrestlingSheet and my answer would probably change each time you ask, but here's some greats tha\xe2\x80\xa6 https://t.co/0FhgvEmfTg""",California
2018-04-20 18:44:12,"b' #RingStruck4 These four matches, are some of my favorites and really shape the way I think about wrestling. \nIf it was longer I\xe2\x80\xa6 https://t.co/uQ0ufJLgRQ'",California
2018-04-20 18:43:26,b'First four I thought of for #RingStruck4 https://t.co/ApFruOuDBj',California
2018-04-20 18:42:51,b'Those 4 matches cover everything I love about pro wrestling #ringstruck4 https://t.co/J4dMqthdMq',California
2018-04-20 18:42:47,"b"" #RingStruck4 *Ubiquitous comment about how difficult this was*\n\n1.Cemented my fandom &amp; turned me into a devotee of women's wrest\xe2\x80\xa6 https://t.co/YuclhX5DM9""",California
2018-04-20 18:42:09,b'RT @WrestlingSheet: trish vs mickie is and remains underrated as hell for how incredible that storytelling was. \n\n#ringstruck4 https://t.co\xe2\x80\xa6',California
2018-04-20 18:42:03,"b'Just did a #RingStruck4 and it was harder than any list I\xe2\x80\x99ve ever made. Looking at the hashtag, there\xe2\x80\x99s literally no wrong answer.'",California
2018-04-20 18:41:42,b'None will ever live up to these #ringstruck4 https://t.co/GZxVoX3NYd',California
2018-04-20 18:41:05,b' #RingStruck4 -@SamoaJoe vs @CMPunk I (ROH World Title Classic in Dayton)\n-Benoit vs @RealKurtAngle RR03\n-HHH/HBK/Benoit WMXX\n-Th\xe2\x80\xa6 https://t.co/VhaukpN3q2',California
2018-04-20 18:40:59,b'#ringstruck4 this was so difficult https://t.co/iasj4ukVkY',California
2018-04-20 18:40:46,"b'4 of my favourites matches, it covers the time from when I started watching wrestling to now #ringstruck4 https://t.co/heryt7U29k'",California
2018-04-20 18:40:45,"b"" #RingStruck4 Oh shit there's a wrestling one?!\n\nThese four matches helped define what I believe wrestling is and should be\xe2\x80\xa6 https://t.co/JkqnupB5ii""",California
2018-04-20 18:40:38,"b'#ringstruck4\n\nOwen winning clean, Biggest main event of my childhood, Ax &amp; Smash pulling 1 &amp; 2 and me going ape shi\xe2\x80\xa6 https://t.co/GbZYtHHOl5'",California
2018-04-20 18:40:08,b'RT @WrestlingSheet: trish vs mickie is and remains underrated as hell for how incredible that storytelling was. \n\n#ringstruck4 https://t.co\xe2\x80\xa6',California
2018-04-20 18:39:56,"b' #RingStruck4 RT @chillhartman: yes four VERY different matches, but all four equally important to me consistently being into this art form. \n\n#ringstruc\xe2\x80\xa6'",California
2018-04-20 18:39:46,b' #RingStruck4 RT @WrestlingSheet: the movie version of this brought some incredible discussion - so this felt needed..\n\nwe want to see the four matches t\xe2\x80\xa6',California
2018-04-20 18:39:20,"b'Not matches, but 4 wrestlers who defined my taste and got me hooked. #ringstruck4 @WrestlingSheet https://t.co/Kpdh3bdHwL'",California
2018-04-20 18:38:23,b'RT @WrestlingSheet: trish vs mickie is and remains underrated as hell for how incredible that storytelling was. \n\n#ringstruck4 https://t.co\xe2\x80\xa6',California
2018-04-20 18:38:22,b'@WrestlingSheet Loved these as a teen and still love them now. \n#ringstruck4 https://t.co/RXQOclzzmp',California
2018-04-20 18:38:14,b'RT @JoshSchippe: I can\xe2\x80\x99t do #ringstruck4. It\xe2\x80\x99s too difficult.',California
2018-04-20 18:37:56,"b'My #ringstruck4 are the match that got me into it (Hart v. Hart), the match that gave me my childhood hero (Hell in\xe2\x80\xa6 https://t.co/EsFkmCOe7t'",California
2018-04-20 18:37:55,b'trish vs mickie is and remains underrated as hell for how incredible that storytelling was. \n\n#ringstruck4 https://t.co/nS5XEM6qjE',California
2018-04-20 18:37:20,"b"" #RingStruck4 @WrestlingSheet I'm sad that I had to limit it to just four. Each one marked a seismic shift for me as a fan.\xe2\x80\xa6 https://t.co/cN2v5cotYN""",California
2018-04-20 18:36:46,b' #RingStruck4 The 4 matches that stand out the most as my absolute favorite and among the reasons why I love Pro Wrasslin to this\xe2\x80\xa6 https://t.co/UceqbH7hSq',California
2018-04-20 18:36:35,"b""#ringstruck4 \nThese aren't the best in-ring matchs that I have seen but they are the ones I have most excited to se\xe2\x80\xa6 https://t.co/h3ML5PE1oW""",California
2018-04-20 18:35:46,b' #RingStruck4 hogan vs warrior was SUCH a killer main event for its time. sure we laugh about in ring skills now but damn if they\xe2\x80\xa6 https://t.co/E1FFAgLV4N',California
2018-04-20 18:35:04,"b' #RingStruck4 RT @CenationHLR6: These 4 matches represented everything I love about the WWE, the storytelling for all of these were simply fantastic and\xe2\x80\xa6'",California
2018-04-20 18:34:56,b' #RingStruck4 RT @WrestlingSheet: the movie version of this brought some incredible discussion - so this felt needed..\n\nwe want to see the four matches t\xe2\x80\xa6',California
2018-04-20 18:34:32,b'#ringstruck4 Hard to choose just 4 but these definitely capture everything I love about wrestling. https://t.co/jKi4yqte2m',California
2018-04-20 18:33:40,b' #RingStruck4 royal rumble 2000 with hhh vs cactus jack is still one of the more brutal WWE things i have ever watched.\xe2\x80\xa6 https://t.co/HK0aoUZ0ky',California
2018-04-20 18:33:30,b'I can\xe2\x80\x99t do #ringstruck4. It\xe2\x80\x99s too difficult.',California
2018-04-20 18:33:27,b' #RingStruck4 @WrestlingSheet In no particular order:\n\nTrish Stratus vs Mickie James at Wrestlemania 22\nEdge vs John Cena in a La\xe2\x80\xa6 https://t.co/YdE2zNCvzG',California
2018-04-20 18:32:39,b' #RingStruck4 Rock&amp;Austin: my 2 idols clashing at Mania for the title on my birthday\nPunk&amp;Cena: rekindled and increased my intere\xe2\x80\xa6 https://t.co/LV7Txo5j5S',California
2018-04-20 18:32:06,b' #RingStruck4 4 of my favourite ever wrestling matches. These matches helped shape me as a wrestling fan and made me a lifelong f\xe2\x80\xa6 https://t.co/Mhhoaszq62',California
2018-04-20 18:31:56,b'Here is my #RingStruck4 https://t.co/ys505bCGY8',California
2018-04-20 18:31:50,b'Off the very top of my head for #ringstruck4:\n\nMichaels/Undertaker I\nBayley/Banks (Takeover)\nBryan - night of WM30\xe2\x80\xa6 https://t.co/VC6ciO0roj',California
2018-04-20 18:31:23,b'RT @OGHeadHoncho: These 4 matches have each all reassured my passion for Professional Wrestling in one way or another. #RingStruck4 https:/\xe2\x80\xa6',California
2018-04-20 18:31:22,b'Iconic Matches Only. #Ringstruck4 https://t.co/mlOilpoN3L',California
2018-04-20 18:31:13,"b' #RingStruck4 10 year old me LOVED when Austin counted his own 3 count at over the edge, first match I properly remember. 2001 ru\xe2\x80\xa6 https://t.co/rn71Q4UjCX'",California
2018-04-20 18:30:48,b' #RingStruck4 The match that first got me hooked\nThe main event of my all time favourite (and most watched) show \nThe mind-blowin\xe2\x80\xa6 https://t.co/H36C6QULzV',California
2018-04-20 18:30:37,b' #RingStruck4 RT @WrestlingSheet: zayn vs nakamura is one of the most recently forgotten but absolutely fire matches. such an incredible atmosphere that\xe2\x80\xa6',California
2018-04-20 18:30:32,"b"" #RingStruck4 HHH vs. Cactus Jack - RR '00\nStone Cold vs. Kurt Angle - S'Slam '01\nCM Punk vs. John Cena - MITB '11\nBayley vs. Sas\xe2\x80\xa6 https://t.co/FVmN7egugy""",California
2018-04-20 18:30:08,b'These 4 matches have each all reassured my passion for Professional Wrestling in one way or another. #RingStruck4 https://t.co/5Y8F4meRXA',California
2018-04-20 18:30:03,b' #RingStruck4 From my first time watching wrestling to my hero finally beating Austin to amazing performers that showed me there\xe2\x80\x99\xe2\x80\xa6 https://t.co/EZMhjO1Mif',California
2018-04-20 18:29:56,b' #RingStruck4 @WrestlingSheet 3 of my all time favs and the match that brought me back after years of not watching anymore\xe2\x80\xa6 https://t.co/YisPY1h5pz',California
2018-04-20 18:29:23,b'Honorable mention to this match #ringstruck4 https://t.co/hB5f7TmPib',California
2018-04-20 18:29:15,b'#ringstruck4 \n\nTLC 1 was my first favorite PPV match\n\nTriple H vs Shawn Michaels build was great and this match was\xe2\x80\xa6 https://t.co/qMMynD0thk',California
2018-04-20 18:28:30,b'This was too hard.\n\n#ringstruck4 https://t.co/vEHTIewXaV',California
2018-04-20 18:27:57,"b' #RingStruck4 This was so tough! But from childhood to adulthood, I think I picked well. Looking forward to see everyone\xe2\x80\x99s choice\xe2\x80\xa6 https://t.co/JxB3rd1653'",California
2018-04-20 18:27:51,"b' #RingStruck4 As a kid, it made me so upset when Jeff Hardy was ""forced"" to leave WWE lmao\n\nJust started to watch WWE again a yea\xe2\x80\xa6 https://t.co/HQtLTSm0OL'",California
2018-04-20 18:27:47,b'Here is mine #ringstruck4 https://t.co/qNjRpmSExO',California
2018-04-20 18:27:46,"b' #RingStruck4 @WrestlingSheet #1 turned me into a wrestling fan at age 9.\n\n#2 instantly made me an ROH fan &amp; in turn, lead me to\xe2\x80\xa6 https://t.co/bI3rBv7QVC'",California
2018-04-20 18:27:11,b'@WrestlingSheet #ringstruck4 Im legit not even an HBK fan either https://t.co/JZXK08tr1r',California
2018-04-20 18:25:20,b'@WrestlingSheet All different styles that helped shape my fandom. #ringstruck4 https://t.co/l2hyRjYlaq',California
2018-04-20 18:18:50,b'@WrestlingSheet This was very difficult \n#ringstruck4 https://t.co/uqik0nCJvq',California
2018-04-20 18:18:02,b'#ringstruck4 \nThought I\xe2\x80\x99d join in! https://t.co/Dg6LCHnyL1',California
2018-04-20 18:17:57,b' #RingStruck4 RT @WrestlingSheet: zayn vs nakamura is one of the most recently forgotten but absolutely fire matches. such an incredible atmosphere that\xe2\x80\xa6',California
2018-04-20 18:17:35,b'@WrestlingSheet #ringstruck4 \nKurt Angle vs Shawn Michaels at Wrestlemania 21\nJohn Cena vs CM Punk at Money in the\xe2\x80\xa6 https://t.co/hnQjZgh32X',California
2018-04-20 18:17:18,b'fuck it why not\n#ringstruck4 https://t.co/q3Yrv9auim',California
2018-04-20 18:16:20,b' #RingStruck4 RT @WrestlingSheet: zayn vs nakamura is one of the most recently forgotten but absolutely fire matches. such an incredible atmosphere that\xe2\x80\xa6',California
2018-04-20 18:15:41,b' #RingStruck4 zayn vs nakamura is one of the most recently forgotten but absolutely fire matches. such an incredible atmosphere t\xe2\x80\xa6 https://t.co/B4E92BicgC',California
2018-04-20 18:15:16,"b""Doing the #ringstruck4 is hard for me. So many matches to choose from. I've shortened my list to:\n\nRock Vs Austin W\xe2\x80\xa6 https://t.co/X88hjqZB0x""",California
2018-04-20 18:15:02,b'rhodes family vs shield was \xf0\x9f\x94\xa5\xf0\x9f\x94\xa5\xf0\x9f\x94\xa5\n\n#ringstruck4 https://t.co/UXUQB97LPk',California
2018-04-20 18:14:17,b' #RingStruck4 For Me: \n\nRock v Austin WWE WM 17\nDanielson v Joe v Styles IWA:MS TPI 2004\nDo Fixers v Blood Generation ROH Super C\xe2\x80\xa6 https://t.co/93JX58uVqZ',California
2018-04-20 18:13:57,b'RT @ProGrapsRatings: #ringstruck4 . How to limit it to just 4 is insane but I tried. https://t.co/K045u9zk6S',California
2018-04-20 18:13:32,b' #RingStruck4 @WrestlingSheet It was tough moving Bayley vs Sasha out but being there for Johnny vs Ciampa it\xe2\x80\x99s too special to le\xe2\x80\xa6 https://t.co/iuEmPe5WRD',California
2018-04-20 18:13:09,b'okay twitter is finally unborked. \n\ncontinue with your four favorite matches of all time using #ringstruck4\n\nlove s\xe2\x80\xa6 https://t.co/CthE8cAkfP',California
2018-04-20 18:12:45,b'Might as well toss in on this one...\n\n#ringstruck4 https://t.co/DYrI3D4trJ',California
2018-04-20 18:12:39,b' #RingStruck4 @WrestlingSheet For Me: \n\nRock v Austin WWE WM 17\nDanielson v Joe v Styles IWA:MS TPI 2004\nDo Fixers v Blood Genera\xe2\x80\xa6 https://t.co/1GipNrq7QI',California
2018-04-20 18:12:19,b' #RingStruck4 RT @WrestlingSheet: the movie version of this brought some incredible discussion - so this felt needed..\n\nwe want to see the four matches t\xe2\x80\xa6',California
2018-04-20 18:12:16,"b' #RingStruck4 RT @WrestlingSheet: can\xe2\x80\x99t be 4/20 without a little RVD love. \n\n(for real though, that match is incredible if only for the mood / venue)\n\n#r\xe2\x80\xa6'",California
2018-04-20 18:12:16,"b'I guess a wrestling version of this ""struck"" thing is floating around so here are my #RingStruck4 Hogan/Rock WM18,\xe2\x80\xa6 https://t.co/uJoIeeJgth'",California
2018-04-20 18:11:55,"b' #RingStruck4 can\xe2\x80\x99t be 4/20 without a little RVD love. \n\n(for real though, that match is incredible if only for the mood / venue)\xe2\x80\xa6 https://t.co/ZvsuanfJ3E'",California
2018-04-20 18:11:55,b'#ringstruck4  @WrestlingSheet\n\n- Ibushi/Styles: My first real exposure to New Japan \n\n- Rock/Austin II: The Definit\xe2\x80\xa6 https://t.co/ox8JpwtYXu',California
2018-04-20 18:11:20,b' #RingStruck4 These 4 matches represented everything I love about the WWE the storytelling for all of these were simply fantastic\xe2\x80\xa6 https://t.co/NECaieeKrj',California
2018-04-20 18:11:07,b'#ringstruck4 I just love these four matches idk https://t.co/03PGBO3FkK',California
2018-04-20 17:50:23,b' #RingStruck4 Probably one of the hardest lists I\xe2\x80\x99ve ever constructed. I have two NXT matches in there for a reason. I truly beli\xe2\x80\xa6 https://t.co/em2g5HaHyL',California
2018-04-20 17:49:24,b'#ringstruck4 . How to limit it to just 4 is insane but I tried. https://t.co/K045u9zk6S',California
2018-04-20 17:49:24,"b' #RingStruck4 These 4 matches represented everything I love about the WWE, the storytelling for all of these were simply fantasti\xe2\x80\xa6 https://t.co/it7M4phxG5'",California
2018-04-20 17:49:17,"b""@WrestlingSheet There was so many I've probably missed but #ringstruck4 https://t.co/0xssLN9dh3""",California
2018-04-20 17:49:11,"b' #RingStruck4 RT @chillhartman: yes four VERY different matches, but all four equally important to me consistently being into this art form. \n\n#ringstruc\xe2\x80\xa6'",California
2018-04-20 17:48:29,b' #RingStruck4 RT @WrestlingSheet: the movie version of this brought some incredible discussion - so this felt needed..\n\nwe want to see the four matches t\xe2\x80\xa6',California
2018-04-20 17:47:39,b'nothing wrong with that! \n\n@impactwrestling had some absolutely killer matches. \n\n#ringstruck4 https://t.co/W7nSoRcCAP',California
2018-04-20 17:47:06,b'@WrestlingSheet #ringstruck4 It was really hard to choose only 4 but these 4 if I had to choose are the matches tha\xe2\x80\xa6 https://t.co/JAYwwis3NT',California
2018-04-20 17:46:45,"b' #RingStruck4 these matches ellicited more emotion out of me than anything else, wrestling or otherwise. Four absolute classics a\xe2\x80\xa6 https://t.co/5tjXbJSsjW'",California
2018-04-20 17:45:38,"b' #RingStruck4 I rented Unforgiven at Blockbuster as a kid, thinking it was a horror movie. My obsession with wrestling was born t\xe2\x80\xa6 https://t.co/JAI7Ux9NRL'",California
2018-04-20 17:44:59,b'RT @Allwrestling420: @WrestlingSheet #ringstruck4 I watched @IMPACTWRESTLING before @WWE \xf0\x9f\x98\x82\xf0\x9f\x98\x82 https://t.co/ajt7gHHsnO',California
2018-04-20 17:43:51,b'@WrestlingSheet #ringstruck4 I watched @IMPACTWRESTLING before @WWE \xf0\x9f\x98\x82\xf0\x9f\x98\x82 https://t.co/ajt7gHHsnO',California
2018-04-20 17:43:47,"b' #RingStruck4 @WrestlingSheet TBH, I like storylines more than most matches.  So my four favorite were part of my favorite storyl\xe2\x80\xa6 https://t.co/sjLo0kGb4R'",California
2018-04-20 17:40:26,"b'#RingStruck4\n\nThe four matches that I can never forget, that helped me fall in loves with the crazy world of profes\xe2\x80\xa6 https://t.co/VKJ6p3usyk'",California
2018-04-20 17:40:20,b'Another one! #ringstruck4 @TheRock @steveaustinBSR @JohnCena @CMPunk @BretHart @itsBayleyWWE @SashaBanksWWE https://t.co/1bVvaR6ivp',California
2018-04-20 17:39:56,b'i absolutely love that rhyno/slater vs usos made someone\xe2\x80\x99s list. honestly a fantastic match. \n\n#ringstruck4 https://t.co/XESr9d1sg3',California
2018-04-20 17:37:16,b'RT @WrestlingSheet: gargano/ ciampa is going to be SUCH a defining match for the new generation of wrestling fans.\n\n#ringstruck4 https://t.\xe2\x80\xa6',California
2018-04-20 17:36:22,"b'I guess wrestling twitter is doing #RingStruck4 now, so here are mine:\nSasha Banks vs. Bayley - TakeOver: Brooklyn\xe2\x80\xa6 https://t.co/RumzPCCfro'",California
2018-04-20 17:35:37,b'gargano/ ciampa is going to be SUCH a defining match for the new generation of wrestling fans.\n\n#ringstruck4 https://t.co/Veux3P6Tqz',California
2018-04-20 17:34:57,b'#RingStruck4 I enjoyed the video game version so maybe we can do this? Fairly large gap from when I watched wrestli\xe2\x80\xa6 https://t.co/io18tW8YVE',California
2018-04-20 17:34:03,b' #RingStruck4 @WrestlingSheet Four matches that shaped me into the fan I am??? Easy \nAustin vs Bret is an all time great that int\xe2\x80\xa6 https://t.co/ek1egQjaLy',California
2018-04-20 17:33:33,b'@WrestlingSheet I may or may not be a huge NXT fan. \xf0\x9f\x98\x82 #ringstruck4 https://t.co/nJTAU8TIv5',California
2018-04-20 17:30:56,b' #RingStruck4 @WrestlingSheet Steamboat vs Savage Mania 3\nHogan vs Andre         Mania 3 \nSteamboat vs Flair     Wrestlewar 89\nMa\xe2\x80\xa6 https://t.co/6V1iRLlBR6',California
2018-04-20 17:29:29,b'RT @RustyRages: @WrestlingSheet These are the matches that shaped me into the fan I am today.  #ringstruck4 https://t.co/vm1LNtb82k',California
2018-04-20 17:28:45,b'Piper / Hitman never gets enough honestly \n\n#ringstruck4 https://t.co/0E0WeGjMpZ',California
2018-04-20 17:27:33,"b' #RingStruck4 RT @chillhartman: yes four VERY different matches, but all four equally important to me consistently being into this art form. \n\n#ringstruc\xe2\x80\xa6'",California
2018-04-20 17:27:25,b'RT @RustyRages: @WrestlingSheet These are the matches that shaped me into the fan I am today.  #ringstruck4 https://t.co/vm1LNtb82k',California
2018-04-20 17:26:16,b'@WrestlingSheet These are the matches that shaped me into the fan I am today.  #ringstruck4 https://t.co/vm1LNtb82k',California
2018-04-20 17:25:58,b'@WrestlingSheet Great storytelling all around #ringstruck4 https://t.co/EYO36igjcS',California
2018-04-20 17:25:24,b'@WrestlingSheet #RingStruck4 Man this is gonna be hard...\n\nAustin/Hart Submission match WM13\nKidman/Mysterio/Guerre\xe2\x80\xa6 https://t.co/Rll7XYHA1H',California
2018-04-20 17:22:21,b' #RingStruck4 RT @WrestlingSheet: the movie version of this brought some incredible discussion - so this felt needed..\n\nwe want to see the four matches t\xe2\x80\xa6',California
2018-04-20 17:22:18,"b' #RingStruck4 RT @chillhartman: yes four VERY different matches, but all four equally important to me consistently being into this art form. \n\n#ringstruc\xe2\x80\xa6'",California
2018-04-20 17:22:08,"b' #RingStruck4 yes four VERY different matches, but all four equally important to me consistently being into this art form.\xe2\x80\xa6 https://t.co/Vdl5ExVsJX'",California
2018-04-20 17:22:06,b' #RingStruck4 RT @WrestlingSheet: the movie version of this brought some incredible discussion - so this felt needed..\n\nwe want to see the four matches t\xe2\x80\xa6',California
2018-04-20 17:21:31,b' #RingStruck4 the movie version of this brought some incredible discussion - so this felt needed..\n\nwe want to see the four match\xe2\x80\xa6 https://t.co/mfa9iD3aW3',California
