2018-04-20 20:03:06,"b' #SciFriLive RT @scifri: How do we plan for\xe2\x80\x94and survive\xe2\x80\x94\xe2\x80\x9cThe Big Ones\xe2\x80\x9d? Seismologist @DrLucyJones has been mulling over that question for a while. Now,\xe2\x80\xa6'",California
2018-04-20 20:00:48,"b"" #SciFriLive RT @scifri: @DeanRegas @917wvxu Mark your calendars! On July 27, Mars will be the closest it's been since 2003, giving us a great show. #Sc\xe2\x80\xa6""",California
2018-04-20 20:00:35,b' #SciFriLive RT @scifri: Spring has (finally!) sprung! And you know what that means\xe2\x80\x94summer stargazing is right around the corner. @DeanRegas is here wit\xe2\x80\xa6',California
2018-04-20 19:58:34,"b"" #SciFriLive RT @cintagliata: Cool home experiment: \nShine a laser pointer into a glass of water with sea monkeys in it, and they'll respond to the ligh\xe2\x80\xa6""",California
2018-04-20 19:58:13,"b'RT @scifri: Now on #SciFriLive: All those ethereal, wispy creatures? Those are tiny brine shrimp, and they could be collectively creating p\xe2\x80\xa6'",California
2018-04-20 19:58:04,"b""And that's a wrap for today's special #SciFriLive in Cincinnati, Ohio! Thanks folks @917wvxu for hosting us with a\xe2\x80\xa6 https://t.co/XdyAkvVQFC""",California
2018-04-20 19:56:11,"b"".@scifri: Mark your calendars! On July 27, Mars will be the closest it's been since 2003, giving us a great show. #SciFriLive""",California
2018-04-20 19:56:01,b' #SciFriLive @917wvxu @scifri @DeanRegas Recently there were news about Tingong- 1 crash. How are such space station crash track\xe2\x80\xa6 https://t.co/iPby6obNB5',California
2018-04-20 19:55:05,"b"" #SciFriLive RT @scifri: @DeanRegas @917wvxu Mark your calendars! On July 27, Mars will be the closest it's been since 2003, giving us a great show. #Sc\xe2\x80\xa6""",California
2018-04-20 19:54:00,b': Get the latest: Accelerate Product Delivers\xe2\x84\xa2! https://t.co/NLzFjqCygF #scifrilive #420day',California
2018-04-20 19:52:40,"b"" #SciFriLive RT @scifri: @DeanRegas @917wvxu Mark your calendars! On July 27, Mars will be the closest it's been since 2003, giving us a great show. #Sc\xe2\x80\xa6""",California
2018-04-20 19:51:35,b' #SciFriLive RT @scifri: Spring has (finally!) sprung! And you know what that means\xe2\x80\x94summer stargazing is right around the corner. @DeanRegas is here wit\xe2\x80\xa6',California
2018-04-20 19:51:07,"b""@DeanRegas @917wvxu Mark your calendars! On July 27, Mars will be the closest it's been since 2003, giving us a great show. #SciFriLive""",California
2018-04-20 19:50:08,b'.@scifri: Can\xe2\x80\x99t get enough of these stunning tiny swimmers? Check out more photos and video at https://t.co/pMPPVzIrNT! #SciFriLive',California
2018-04-20 19:49:34,"b' #SciFriLive RT @scifri: The humble spleen doesn\xe2\x80\x99t get the best rap. But new research shows that evolutionary adaptations, such as having a larger splee\xe2\x80\xa6'",California
2018-04-20 19:46:31,b'RT @scifri: @DeanRegas Are you aching to go stargazing this summer? Tweet us your questions for @DeanRegas! @917wvxu #SciFriLive https://t.\xe2\x80\xa6',California
2018-04-20 19:45:32,b' #SciFriLive RT @scifri: Spring has (finally!) sprung! And you know what that means\xe2\x80\x94summer stargazing is right around the corner. @DeanRegas is here wit\xe2\x80\xa6',California
2018-04-20 19:43:52,b' #SciFriLive RT @scifri: Spring has (finally!) sprung! And you know what that means\xe2\x80\x94summer stargazing is right around the corner. @DeanRegas is here wit\xe2\x80\xa6',California
2018-04-20 19:43:23,b'@DeanRegas Are you aching to go stargazing this summer? Tweet us your questions for @DeanRegas! @917wvxu #SciFriLive https://t.co/WnZpEa1ime',California
2018-04-20 19:42:58,b' #SciFriLive RT @scifri: Spring has (finally!) sprung! And you know what that means\xe2\x80\x94summer stargazing is right around the corner. @DeanRegas is here wit\xe2\x80\xa6',California
2018-04-20 19:42:46,"b'RT @scifri: @DeanRegas ""Summer is the time the Cincinnati Observatory gets a lot of UFO calls,"" says @DeanRegas. #SciFriLive https://t.co/R\xe2\x80\xa6'",California
2018-04-20 19:42:12,"b'@DeanRegas ""Summer is the time the Cincinnati Observatory gets a lot of UFO calls,"" says @DeanRegas. #SciFriLive https://t.co/RqIEjs011P'",California
2018-04-20 19:41:07,b' #SciFriLive RT @scifri: Spring has (finally!) sprung! And you know what that means\xe2\x80\x94summer stargazing is right around the corner. @DeanRegas is here wit\xe2\x80\xa6',California
2018-04-20 19:40:15,b' #SciFriLive Spring has (finally!) sprung! And you know what that means\xe2\x80\x94summer stargazing is right around the corner. @DeanRegas\xe2\x80\xa6 https://t.co/M8ETKXtQfn',California
2018-04-20 19:34:41,"b' #SciFriLive RT @ctaylsaurus: ""For natural selection to work, you either need something that\'s killing you, or something that makes you have more childr\xe2\x80\xa6'",California
2018-04-20 19:34:31,"b' #SciFriLive RT @scifri: How do we plan for\xe2\x80\x94and survive\xe2\x80\x94\xe2\x80\x9cThe Big Ones\xe2\x80\x9d? Seismologist @DrLucyJones has been mulling over that question for a while. Now,\xe2\x80\xa6'",California
2018-04-20 19:34:24,"b'RT @scifri: Now on #SciFriLive: All those ethereal, wispy creatures? Those are tiny brine shrimp, and they could be collectively creating p\xe2\x80\xa6'",California
2018-04-20 19:34:03,"b""RT @AlexaLim22: Just fyi, our spleen is the human body's scuba tank. #scifrilive""",California
2018-04-20 19:33:43,"b' #SciFriLive RT @ctaylsaurus: ""For natural selection to work, you either need something that\'s killing you, or something that makes you have more childr\xe2\x80\xa6'",California
2018-04-20 19:33:32,"b'RT @cintagliata: ""I didn\'t just want to show up and say \'hey, can I measure your spleen\'..."" says Melissa Ilardo\n\n#SciFriLive'",California
2018-04-20 19:33:22,"b""RT @AlexaLim22: Just fyi, our spleen is the human body's scuba tank. #scifrilive""",California
2018-04-20 19:32:22,"b'""Natural selection works by either trying to kill you or making you have more children."" - Melissa Ilardo #scifrilive'",California
2018-04-20 19:30:55,"b' #SciFriLive ""For natural selection to work, you either need something that\'s killing you, or something that makes you have more\xe2\x80\xa6 https://t.co/tOOWnpiN2i'",California
2018-04-20 19:30:39,"b'RT @scifri: Now on #SciFriLive: All those ethereal, wispy creatures? Those are tiny brine shrimp, and they could be collectively creating p\xe2\x80\xa6'",California
2018-04-20 19:30:35,"b'RT @scifri: Do you have any questions about ""super spleens""? Tweet us and @917wvxu! #SciFriLive'",California
2018-04-20 19:30:28,"b""@scifri @917wvxu what's the mechanism behind spleen or super spleens storing oxygen-rich red blood cells? #SciFriLive""",California
2018-04-20 19:29:52,"b' #SciFriLive RT @scifri: @Stanford ""There\'s still so much more that we don\'t know about the ocean that you\'re bound to find something new,"" says Dabiri.\xe2\x80\xa6'",California
2018-04-20 19:28:47,"b' #SciFriLive RT @scifri: The humble spleen doesn\xe2\x80\x99t get the best rap. But new research shows that evolutionary adaptations, such as having a larger splee\xe2\x80\xa6'",California
2018-04-20 19:28:47,"b"" #SciFriLive RT @scifri: @Stanford There's so much energy associated with these migrations and they play such a big role in global nutrient cycles, says\xe2\x80\xa6""",California
2018-04-20 19:28:12,"b'RT @scifri: Now on #SciFriLive: All those ethereal, wispy creatures? Those are tiny brine shrimp, and they could be collectively creating p\xe2\x80\xa6'",California
2018-04-20 19:27:57,"b' #SciFriLive RT @scifri: The humble spleen doesn\xe2\x80\x99t get the best rap. But new research shows that evolutionary adaptations, such as having a larger splee\xe2\x80\xa6'",California
2018-04-20 19:27:47,"b'RT @scifri: Now on #SciFriLive: All those ethereal, wispy creatures? Those are tiny brine shrimp, and they could be collectively creating p\xe2\x80\xa6'",California
2018-04-20 19:27:31,"b'RT @scifri: Do you have any questions about ""super spleens""? Tweet us and @917wvxu! #SciFriLive'",California
2018-04-20 19:27:23,"b"" #SciFriLive RT @cintagliata: Cool home experiment: \nShine a laser pointer into a glass of water with sea monkeys in it, and they'll respond to the ligh\xe2\x80\xa6""",California
2018-04-20 19:25:27,"b' #SciFriLive Retweeted Chris Intagliata (@cintagliata):\n\n""It\'s sunset somewhere on Earth, which means millions or even billions\xe2\x80\xa6 https://t.co/uzkYRcudY4'",California
2018-04-20 19:25:23,"b' #SciFriLive RT @cintagliata: ""It\'s sunset somewhere on Earth, which means millions or even billions of organisms are moving towards the surface to feed\xe2\x80\xa6'",California
2018-04-20 19:24:47,"b' #SciFriLive RT @scifri: The humble spleen doesn\xe2\x80\x99t get the best rap. But new research shows that evolutionary adaptations, such as having a larger splee\xe2\x80\xa6'",California
2018-04-20 19:24:19,"b"" #SciFriLive RT @cintagliata: Cool home experiment: \nShine a laser pointer into a glass of water with sea monkeys in it, and they'll respond to the ligh\xe2\x80\xa6""",California
2018-04-20 19:24:16,"b""RT @DannyD_310: It's Sea Monkey Friday!!! https://t.co/m6kAAt1FMp #scifrilive""",California
2018-04-20 19:23:46,"b'""I didn\'t just want to show up and say \'hey, can I measure your spleen\'..."" says Melissa Ilardo\n\n#SciFriLive'",California
2018-04-20 19:23:30,"b' #SciFriLive RT @scifri: The humble spleen doesn\xe2\x80\x99t get the best rap. But new research shows that evolutionary adaptations, such as having a larger splee\xe2\x80\xa6'",California
2018-04-20 19:23:06,"b'Do you have any questions about ""super spleens""? Tweet us and @917wvxu! #SciFriLive'",California
2018-04-20 19:22:48,b'RT @TanaWeingartner: #SciFriLive from @917wvxu !! https://t.co/BwMnD1jfzH',California
2018-04-20 19:22:18,"b""Just fyi, our spleen is the human body's scuba tank. #scifrilive""",California
2018-04-20 19:21:47,b'#SciFriLive from @917wvxu !! https://t.co/BwMnD1jfzH',California
2018-04-20 19:21:45,"b"" #SciFriLive RT @cintagliata: Cool home experiment: \nShine a laser pointer into a glass of water with sea monkeys in it, and they'll respond to the ligh\xe2\x80\xa6""",California
2018-04-20 19:21:40,"b""RT @DannyD_310: It's Sea Monkey Friday!!! https://t.co/m6kAAt1FMp #scifrilive""",California
2018-04-20 19:20:59,"b' #SciFriLive The humble spleen doesn\xe2\x80\x99t get the best rap. But new research shows that evolutionary adaptations, such as having a\xe2\x80\xa6 https://t.co/gWKbPLv9ly'",California
2018-04-20 19:20:28,"b"" #SciFriLive RT @cintagliata: Cool home experiment: \nShine a laser pointer into a glass of water with sea monkeys in it, and they'll respond to the ligh\xe2\x80\xa6""",California
2018-04-20 19:20:26,"b""It's Sea Monkey Friday!!! https://t.co/m6kAAt1FMp #scifrilive""",California
2018-04-20 19:18:39,b' #SciFriLive @Stanford Can\xe2\x80\x99t get enough of these stunning tiny swimmers? Check out more photos and video at\xe2\x80\xa6 https://t.co/mvkwr1B7PB',California
2018-04-20 19:18:08,"b'RT @scifri: Now on #SciFriLive: All those ethereal, wispy creatures? Those are tiny brine shrimp, and they could be collectively creating p\xe2\x80\xa6'",California
2018-04-20 19:17:21,"b"" #SciFriLive Cool home experiment: \nShine a laser pointer into a glass of water with sea monkeys in it, and they'll respond to t\xe2\x80\xa6 https://t.co/3ZNxOHUtZm""",California
2018-04-20 19:17:09,"b' #SciFriLive @Stanford ""There\'s still so much more that we don\'t know about the ocean that you\'re bound to find something new,""\xe2\x80\xa6 https://t.co/J2hHnK4ABu'",California
2018-04-20 19:16:58,"b' #SciFriLive RT @laurenjyoung617: Growing up in the Central Valley, I never heard about the Great Flood of 1862. @DrLucyJones says that it significantly\xe2\x80\xa6'",California
2018-04-20 19:16:13,"b'RT @scifri: Now on #SciFriLive: All those ethereal, wispy creatures? Those are tiny brine shrimp, and they could be collectively creating p\xe2\x80\xa6'",California
2018-04-20 19:15:37,"b'RT @scifri: Now on #SciFriLive: All those ethereal, wispy creatures? Those are tiny brine shrimp, and they could be collectively creating p\xe2\x80\xa6'",California
2018-04-20 19:14:37,"b'RT @scifri: Now on #SciFriLive: All those ethereal, wispy creatures? Those are tiny brine shrimp, and they could be collectively creating p\xe2\x80\xa6'",California
2018-04-20 19:14:16,"b"" #SciFriLive @Stanford There's so much energy associated with these migrations and they play such a big role in global nutrient\xe2\x80\xa6 https://t.co/xuZUL31vBb""",California
2018-04-20 19:14:08,"b'RT @scifri: Now on #SciFriLive: All those ethereal, wispy creatures? Those are tiny brine shrimp, and they could be collectively creating p\xe2\x80\xa6'",California
2018-04-20 19:14:01,"b'RT @scifri: Now on #SciFriLive: All those ethereal, wispy creatures? Those are tiny brine shrimp, and they could be collectively creating p\xe2\x80\xa6'",California
2018-04-20 19:13:32,"b'RT @scifri: Now on #SciFriLive: All those ethereal, wispy creatures? Those are tiny brine shrimp, and they could be collectively creating p\xe2\x80\xa6'",California
2018-04-20 19:13:20,"b' #SciFriLive RT @cintagliata: ""It\'s sunset somewhere on Earth, which means millions or even billions of organisms are moving towards the surface to feed\xe2\x80\xa6'",California
2018-04-20 19:11:38,"b' #SciFriLive RT @cintagliata: ""It\'s sunset somewhere on Earth, which means millions or even billions of organisms are moving towards the surface to feed\xe2\x80\xa6'",California
2018-04-20 19:10:47,"b'RT @scifri: Now on #SciFriLive: All those ethereal, wispy creatures? Those are tiny brine shrimp, and they could be collectively creating p\xe2\x80\xa6'",California
2018-04-20 19:10:04,"b'RT @scifri: Now on #SciFriLive: All those ethereal, wispy creatures? Those are tiny brine shrimp, and they could be collectively creating p\xe2\x80\xa6'",California
2018-04-20 19:09:49,"b'RT @scifri: Now on #SciFriLive: All those ethereal, wispy creatures? Those are tiny brine shrimp, and they could be collectively creating p\xe2\x80\xa6'",California
2018-04-20 19:09:27,"b' #SciFriLive RT @cintagliata: ""It\'s sunset somewhere on Earth, which means millions or even billions of organisms are moving towards the surface to feed\xe2\x80\xa6'",California
2018-04-20 19:09:25,"b'RT @scifri: Now on #SciFriLive: All those ethereal, wispy creatures? Those are tiny brine shrimp, and they could be collectively creating p\xe2\x80\xa6'",California
2018-04-20 19:09:16,"b' #SciFriLive RT @laurenjyoung617: Growing up in the Central Valley, I never heard about the Great Flood of 1862. @DrLucyJones says that it significantly\xe2\x80\xa6'",California
2018-04-20 19:09:04,"b' #SciFriLive RT @scifri: How do we plan for\xe2\x80\x94and survive\xe2\x80\x94\xe2\x80\x9cThe Big Ones\xe2\x80\x9d? Seismologist @DrLucyJones has been mulling over that question for a while. Now,\xe2\x80\xa6'",California
2018-04-20 19:09:03,"b' #SciFriLive ""It\'s sunset somewhere on Earth, which means millions or even billions of organisms are moving towards the surface\xe2\x80\xa6 https://t.co/cNTOgVlErw'",California
2018-04-20 19:07:51,"b'RT @scifri: Now on #SciFriLive: All those ethereal, wispy creatures? Those are tiny brine shrimp, and they could be collectively creating p\xe2\x80\xa6'",California
2018-04-20 19:06:58,"b'Now on #SciFriLive: All those ethereal, wispy creatures? Those are tiny brine shrimp, and they could be collectivel\xe2\x80\xa6 https://t.co/hcgRHLDWHP'",California
2018-04-20 19:05:12,"b""RT @scifri: Plus! Where's the next stop on our #SciFriLive road trip? Pittsburgh! Join us for a live event filled with robotics, AI, musica\xe2\x80\xa6""",California
2018-04-20 19:01:07,b' #SciFriLive RT @scifri: We\xe2\x80\x99re talking about the big stakes of small quakes. Can small earthquakes predict where oil and gas extraction can be done most\xe2\x80\xa6',California
2018-04-20 18:58:51,"b' #SciFriLive RT @scifri: How do we plan for\xe2\x80\x94and survive\xe2\x80\x94\xe2\x80\x9cThe Big Ones\xe2\x80\x9d? Seismologist @DrLucyJones has been mulling over that question for a while. Now,\xe2\x80\xa6'",California
2018-04-20 18:58:28,"b"" #SciFriLive RT @miamiuniversity: We can't wait for the sold-out \xe2\x80\x9c@SciFri Live\xe2\x80\x9d show this Saturday where Miami scientists will take the stage with @iraf\xe2\x80\xa6""",California
2018-04-20 18:58:14,"b' #SciFriLive Growing up in the Central Valley, I never heard about the Great Flood of 1862. @DrLucyJones says that it significan\xe2\x80\xa6 https://t.co/otxu4s0n0k'",California
2018-04-20 18:57:33,"b""Plus! Where's the next stop on our #SciFriLive road trip? Pittsburgh! Join us for a live event filled with robotics\xe2\x80\xa6 https://t.co/OsWqontbND""",California
2018-04-20 18:56:54,b'@DrLucyJones You can read an excerpt of @DrLucyJones book here! https://t.co/PeJSL4DAYl #SciFriLive',California
2018-04-20 18:55:42,"b' #SciFriLive ""It\'s not my job to make policy. It\'s my job to make sure a policymaker understands the consequences of his decisio\xe2\x80\xa6 https://t.co/uo0p8ElYbC'",California
2018-04-20 18:55:05,"b"" #SciFriLive We can't wait for the sold-out \xe2\x80\x9c@SciFri Live\xe2\x80\x9d show this Saturday where Miami scientists will take the stage with\xe2\x80\xa6 https://t.co/Lf4LSVyMHy""",California
2018-04-20 18:53:50,"b' #SciFriLive RT @cintagliata: ""We\'ve got to remember the worst threat from a natural disaster could be the threat to our humanity."" \n- @DrLucyJones \n\n#S\xe2\x80\xa6'",California
2018-04-20 18:52:37,b' #SciFriLive ARkStorm Movie\nAtmospheric River Storm scenario led by the USGS and hundreds of scientists and experts from many di\xe2\x80\xa6 https://t.co/TLoRwDPKxf',California
2018-04-20 18:52:35,"b' #SciFriLive RT @scifri: How do we plan for\xe2\x80\x94and survive\xe2\x80\x94\xe2\x80\x9cThe Big Ones\xe2\x80\x9d? Seismologist @DrLucyJones has been mulling over that question for a while. Now,\xe2\x80\xa6'",California
2018-04-20 18:51:35,"b'""We\'ve got to remember the worst threat from a natural disaster could be the threat to our humanity."" \n- @DrLucyJones \n\n#SciFriLive'",California
2018-04-20 18:51:20,b' #SciFriLive Retweeted Science Friday (@scifri):\n\nHow do we plan for\xe2\x80\x94and survive\xe2\x80\x94\xe2\x80\x9cThe Big Ones\xe2\x80\x9d? Seismologist @DrLucyJones has b\xe2\x80\xa6 https://t.co/zFVcRmM6Kx',California
2018-04-20 18:51:18,"b' #SciFriLive RT @scifri: How do we plan for\xe2\x80\x94and survive\xe2\x80\x94\xe2\x80\x9cThe Big Ones\xe2\x80\x9d? Seismologist @DrLucyJones has been mulling over that question for a while. Now,\xe2\x80\xa6'",California
2018-04-20 18:50:30,"b' #SciFriLive RT @scifri: How do we plan for\xe2\x80\x94and survive\xe2\x80\x94\xe2\x80\x9cThe Big Ones\xe2\x80\x9d? Seismologist @DrLucyJones has been mulling over that question for a while. Now,\xe2\x80\xa6'",California
2018-04-20 18:48:54,"b"" #SciFriLive @DrLucyJones There's a 99 percent of surviving a major volcanic eruption, says @DrLucyJones. But the question is ho\xe2\x80\xa6 https://t.co/DRQ5CXysB9""",California
2018-04-20 18:47:27,"b' #SciFriLive RT @scifri: How do we plan for\xe2\x80\x94and survive\xe2\x80\x94\xe2\x80\x9cThe Big Ones\xe2\x80\x9d? Seismologist @DrLucyJones has been mulling over that question for a while. Now,\xe2\x80\xa6'",California
2018-04-20 18:46:39,b'ARkStorm\nAtmospheric River Thousand year flood of the California central valley\nhttps://t.co/ntD5RFylOH\n@scifri #SciFriLive',California
2018-04-20 18:46:14,"b' #SciFriLive @DrLucyJones On the forgotten Great Flood of 1862 in the Central Valley, CA: ""It\'s really the ultimate catastrophe,\xe2\x80\xa6 https://t.co/IVaDpI8D5I'",California
2018-04-20 18:44:36,"b' #SciFriLive RT @scifri: How do we plan for\xe2\x80\x94and survive\xe2\x80\x94\xe2\x80\x9cThe Big Ones\xe2\x80\x9d? Seismologist @DrLucyJones has been mulling over that question for a while. Now,\xe2\x80\xa6'",California
2018-04-20 18:42:28,"b'@DrLucyJones Tweet us your questions about earthquakes, eruptions, and other natural disasters of the past and future! #SciFriLive'",California
2018-04-20 18:41:49,"b' #SciFriLive RT @scifri: @seismohio @miamiuniversity .@seismohio and Currie @miamiuniversity are working on finding the ""fingerprints"" of fracking-relat\xe2\x80\xa6'",California
2018-04-20 18:41:35,"b' #SciFriLive RT @scifri: How do we plan for\xe2\x80\x94and survive\xe2\x80\x94\xe2\x80\x9cThe Big Ones\xe2\x80\x9d? Seismologist @DrLucyJones has been mulling over that question for a while. Now,\xe2\x80\xa6'",California
2018-04-20 18:41:21,"b' #SciFriLive RT @scifri: How do we plan for\xe2\x80\x94and survive\xe2\x80\x94\xe2\x80\x9cThe Big Ones\xe2\x80\x9d? Seismologist @DrLucyJones has been mulling over that question for a while. Now,\xe2\x80\xa6'",California
2018-04-20 18:40:37,"b' #SciFriLive RT @scifri: How do we plan for\xe2\x80\x94and survive\xe2\x80\x94\xe2\x80\x9cThe Big Ones\xe2\x80\x9d? Seismologist @DrLucyJones has been mulling over that question for a while. Now,\xe2\x80\xa6'",California
2018-04-20 18:40:20,"b' #SciFriLive RT @scifri: How do we plan for\xe2\x80\x94and survive\xe2\x80\x94\xe2\x80\x9cThe Big Ones\xe2\x80\x9d? Seismologist @DrLucyJones has been mulling over that question for a while. Now,\xe2\x80\xa6'",California
2018-04-20 18:40:10,"b' #SciFriLive RT @scifri: @seismohio @miamiuniversity .@seismohio and Currie @miamiuniversity are working on finding the ""fingerprints"" of fracking-relat\xe2\x80\xa6'",California
2018-04-20 18:40:01,b' #SciFriLive How do we plan for\xe2\x80\x94and survive\xe2\x80\x94\xe2\x80\x9cThe Big Ones\xe2\x80\x9d? Seismologist @DrLucyJones has been mulling over that question for a\xe2\x80\xa6 https://t.co/6aX8awl8n6',California
2018-04-20 18:39:12,"b' #SciFriLive RT @scifri: @seismohio @miamiuniversity .@seismohio and Currie @miamiuniversity are working on finding the ""fingerprints"" of fracking-relat\xe2\x80\xa6'",California
2018-04-20 18:37:43,"b'RT @scifri: Now on #SciFriLive: It\xe2\x80\x99s a bird! It\xe2\x80\x99s a plane! It\xe2\x80\x99s a...drone?! Here in Ohio, a new radar system is being tested that will prov\xe2\x80\xa6'",California
2018-04-20 18:36:08,b'RT @scifri: @seismohio @miamiuniversity What questions do you have about fracking? #SciFriLive',California
2018-04-20 18:36:03,b' #SciFriLive RT @scifri: We\xe2\x80\x99re talking about the big stakes of small quakes. Can small earthquakes predict where oil and gas extraction can be done most\xe2\x80\xa6',California
2018-04-20 18:35:57,b' #SciFriLive RT @scifri: We\xe2\x80\x99re talking about the big stakes of small quakes. Can small earthquakes predict where oil and gas extraction can be done most\xe2\x80\xa6',California
2018-04-20 18:35:30,b' #SciFriLive @scifri @seismohio @miamiuniversity &amp; do the earthquakes breach the waste disposal structures &amp; release the frackin\xe2\x80\xa6 https://t.co/IOqJdPIH7H',California
2018-04-20 18:34:47,"b' #SciFriLive @seismohio @miamiuniversity .@seismohio and Currie @miamiuniversity are working on finding the ""fingerprints"" of fr\xe2\x80\xa6 https://t.co/tPbnFUUL4Z'",California
2018-04-20 18:33:07,b'RT @scifri: @seismohio @miamiuniversity What questions do you have about fracking? #SciFriLive',California
2018-04-20 18:32:31,b' #SciFriLive RT @scifri: We\xe2\x80\x99re talking about the big stakes of small quakes. Can small earthquakes predict where oil and gas extraction can be done most\xe2\x80\xa6',California
2018-04-20 18:32:29,b' #SciFriLive Wait! I thought we were in the Andromeda Galaxy? You mean to tell me that... ? :-O @seanmcarroll @DeepMindAI\xe2\x80\xa6 https://t.co/csTyLufiCh',California
2018-04-20 18:32:18,b' #SciFriLive RT @scifri: We\xe2\x80\x99re talking about the big stakes of small quakes. Can small earthquakes predict where oil and gas extraction can be done most\xe2\x80\xa6',California
2018-04-20 18:32:14,"b' #SciFriLive @scifri @seismohio @miamiuniversity ""coincidentally""?? funny you should say that when the rest of the segment is ab\xe2\x80\xa6 https://t.co/ZWVVnidA0f'",California
2018-04-20 18:31:54,"b'RT @scifri: Now on #SciFriLive: It\xe2\x80\x99s a bird! It\xe2\x80\x99s a plane! It\xe2\x80\x99s a...drone?! Here in Ohio, a new radar system is being tested that will prov\xe2\x80\xa6'",California
2018-04-20 18:31:27,b'@seismohio @miamiuniversity What questions do you have about fracking? #SciFriLive',California
2018-04-20 18:31:15,b'Fascinating research! #MiamiOH #SciFriLive #SciFriMiamiOH https://t.co/PzIGqGUx0E',California
2018-04-20 18:30:27,b' #SciFriLive RT @scifri: We\xe2\x80\x99re talking about the big stakes of small quakes. Can small earthquakes predict where oil and gas extraction can be done most\xe2\x80\xa6',California
2018-04-20 18:29:00,b' #SciFriLive We\xe2\x80\x99re talking about the big stakes of small quakes. Can small earthquakes predict where oil and gas extraction can\xe2\x80\xa6 https://t.co/u9732LqHkI',California
2018-04-20 18:28:17,"b'RT @scifri: Now on #SciFriLive: It\xe2\x80\x99s a bird! It\xe2\x80\x99s a plane! It\xe2\x80\x99s a...drone?! Here in Ohio, a new radar system is being tested that will prov\xe2\x80\xa6'",California
2018-04-20 18:27:17,b' #SciFriLive How are geologists connecting #earthquakes to human activity? @iraflatow asks Miami professors Mike Brudzinski and\xe2\x80\xa6 https://t.co/AT2asz7zdp',California
2018-04-20 18:24:52,"b'RT @scifri: Now on #SciFriLive: It\xe2\x80\x99s a bird! It\xe2\x80\x99s a plane! It\xe2\x80\x99s a...drone?! Here in Ohio, a new radar system is being tested that will prov\xe2\x80\xa6'",California
2018-04-20 18:18:56,"b'RT @scifri: Now on #SciFriLive: It\xe2\x80\x99s a bird! It\xe2\x80\x99s a plane! It\xe2\x80\x99s a...drone?! Here in Ohio, a new radar system is being tested that will prov\xe2\x80\xa6'",California
2018-04-20 18:18:23,"b'RT @scifri: Now on #SciFriLive: It\xe2\x80\x99s a bird! It\xe2\x80\x99s a plane! It\xe2\x80\x99s a...drone?! Here in Ohio, a new radar system is being tested that will prov\xe2\x80\xa6'",California
2018-04-20 18:17:03,"b'RT @scifri: Now on #SciFriLive: It\xe2\x80\x99s a bird! It\xe2\x80\x99s a plane! It\xe2\x80\x99s a...drone?! Here in Ohio, a new radar system is being tested that will prov\xe2\x80\xa6'",California
2018-04-20 18:16:59,b'RT @scifri: Hello from @917wvxu in Cincinnati! It\xe2\x80\x99s time for #SciFriLive! @sophiebushwick kicks things off with the news:\n\xe2\x9c\x85An enzyme: The n\xe2\x80\xa6',California
2018-04-20 18:16:36,b'RT @scifri: Hello from @917wvxu in Cincinnati! It\xe2\x80\x99s time for #SciFriLive! @sophiebushwick kicks things off with the news:\n\xe2\x9c\x85An enzyme: The n\xe2\x80\xa6',California
2018-04-20 18:16:18,"b'RT @scifri: Now on #SciFriLive: It\xe2\x80\x99s a bird! It\xe2\x80\x99s a plane! It\xe2\x80\x99s a...drone?! Here in Ohio, a new radar system is being tested that will prov\xe2\x80\xa6'",California
2018-04-20 18:16:03,"b'Now on #SciFriLive: It\xe2\x80\x99s a bird! It\xe2\x80\x99s a plane! It\xe2\x80\x99s a...drone?! Here in Ohio, a new radar system is being tested th\xe2\x80\xa6 https://t.co/RC0FcFEqa2'",California
2018-04-20 18:16:02,b'RT @scifri: Hello from @917wvxu in Cincinnati! It\xe2\x80\x99s time for #SciFriLive! @sophiebushwick kicks things off with the news:\n\xe2\x9c\x85An enzyme: The n\xe2\x80\xa6',California
2018-04-20 18:15:21,"b'Now on #SciFriLive: It\xe2\x80\x99s a bird! It\xe2\x80\x99s a plane! It\xe2\x80\x99s a...drone?! Here in Ohio, a new radar system is being tested th\xe2\x80\xa6 https://t.co/p2mKSi5anS'",California
2018-04-20 18:15:19,b'RT @scifri: Hello from @917wvxu in Cincinnati! It\xe2\x80\x99s time for #SciFriLive! @sophiebushwick kicks things off with the news:\n\xe2\x9c\x85An enzyme: The n\xe2\x80\xa6',California
2018-04-20 18:14:03,b'RT @scifri: Hello from @917wvxu in Cincinnati! It\xe2\x80\x99s time for #SciFriLive! @sophiebushwick kicks things off with the news:\n\xe2\x9c\x85An enzyme: The n\xe2\x80\xa6',California
2018-04-20 18:13:19,b'RT @scifri: Hello from @917wvxu in Cincinnati! It\xe2\x80\x99s time for #SciFriLive! @sophiebushwick kicks things off with the news:\n\xe2\x9c\x85An enzyme: The n\xe2\x80\xa6',California
2018-04-20 18:12:43,b'RT @scifri: Hello from @917wvxu in Cincinnati! It\xe2\x80\x99s time for #SciFriLive! @sophiebushwick kicks things off with the news:\n\xe2\x9c\x85An enzyme: The n\xe2\x80\xa6',California
2018-04-20 18:12:27,b'RT @scifri: Hello from @917wvxu in Cincinnati! It\xe2\x80\x99s time for #SciFriLive! @sophiebushwick kicks things off with the news:\n\xe2\x9c\x85An enzyme: The n\xe2\x80\xa6',California
2018-04-20 18:11:52,b'Hello from @917wvxu in Cincinnati! It\xe2\x80\x99s time for #SciFriLive! @sophiebushwick kicks things off with the news:\n\xe2\x9c\x85An e\xe2\x80\xa6 https://t.co/osPMdykeUp',California
2018-04-20 17:30:12,b'RT @scifri: Think the spleen is useless? Think again. (And tune in for #SciFriLive today at 2 ET to learn more.)\xe2\x80\xa6 https://t.co/x7VuHoAZyr',California
2018-04-20 17:18:10,"b'RT @scifri: Every night, the largest migration on Earth happens underwater. Today on #SciFriLive, engineers @Stanford dive into how these t\xe2\x80\xa6'",California
2018-04-20 17:11:57,b'RT @laurenjyoung617: What a beaut! Snapped from one of the Cincinnati Observatory telescopes. Tune in to #SciFriLive today to hear @DeanReg\xe2\x80\xa6',California
2018-04-20 17:08:57,b'RT @scifri: Think the spleen is useless? Think again. (And tune in for #SciFriLive today at 2 ET to learn more.) https://t.co/dHCuIiGL9s ht\xe2\x80\xa6',California
2018-04-20 17:04:53,b'RT @scifri: Think the spleen is useless? Think again. (And tune in for #SciFriLive today at 2 ET to learn more.) https://t.co/dHCuIiGL9s ht\xe2\x80\xa6',California
2018-04-20 17:03:00,b'Think the spleen is useless? Think again. (And tune in for #SciFriLive today at 2 ET to learn more.)\xe2\x80\xa6 https://t.co/HbfjOVIO7p',California
2018-04-20 16:55:11,"b""We can't wait! See you all at 2 ET for #SciFriLive...and again around 4:45pm for Facebook Live!\xe2\x80\xa6 https://t.co/v8TWew7wae""",California
2018-04-20 16:54:46,"b'RT @scifri: Hello, Ohio! Today, #SciFriLive is broadcasting from @917wvxu! https://t.co/e70foPWEC9'",California
2018-04-20 16:45:01,b'RT @laurenjyoung617: What a beaut! Snapped from one of the Cincinnati Observatory telescopes. Tune in to #SciFriLive today to hear @DeanReg\xe2\x80\xa6',California
2018-04-20 16:42:37,"b'RT @scifri: Every night, the largest migration on Earth happens underwater. Today on #SciFriLive, engineers @Stanford dive into how these t\xe2\x80\xa6'",California
2018-04-20 16:30:22,"b'RT @scifri: Every night, the largest migration on Earth happens underwater. Today on #SciFriLive, engineers @Stanford dive into how these t\xe2\x80\xa6'",California
2018-04-20 16:24:32,"b'RT @scifri: Every night, the largest migration on Earth happens underwater. Today on #SciFriLive, engineers @Stanford dive into how these t\xe2\x80\xa6'",California
2018-04-20 16:23:03,"b'RT @scifri: Every night, the largest migration on Earth happens underwater. Today on #SciFriLive, engineers @Stanford dive into how these t\xe2\x80\xa6'",California
2018-04-20 16:20:20,b'RT @laurenjyoung617: What a beaut! Snapped from one of the Cincinnati Observatory telescopes. Tune in to #SciFriLive today to hear @DeanReg\xe2\x80\xa6',California
2018-04-20 16:14:51,b'RT @laurenjyoung617: What a beaut! Snapped from one of the Cincinnati Observatory telescopes. Tune in to #SciFriLive today to hear @DeanReg\xe2\x80\xa6',California
2018-04-20 16:14:10,"b'RT @scifri: Every night, the largest migration on Earth happens underwater. Today on #SciFriLive, engineers @Stanford dive into how these t\xe2\x80\xa6'",California
2018-04-20 16:13:20,"b'RT @scifri: Every night, the largest migration on Earth happens underwater. Today on #SciFriLive, engineers @Stanford dive into how these t\xe2\x80\xa6'",California
2018-04-20 16:13:01,"b'Every night, the largest migration on Earth happens underwater. Today on #SciFriLive, engineers @Stanford dive into\xe2\x80\xa6 https://t.co/nETgrIklJ7'",California
2018-04-20 16:06:56,b'What a beaut! Snapped from one of the Cincinnati Observatory telescopes. Tune in to #SciFriLive today to hear\xe2\x80\xa6 https://t.co/1mXArTkzvQ',California
2018-04-20 15:50:02,"b'RT @scifri: Hello, Ohio! Today, #SciFriLive is broadcasting from @917wvxu! https://t.co/e70foPWEC9'",California
2018-04-20 15:33:04,"b""RT @scifri: We're waiting...and waiting...and waiting...for The Big One. Learn more on #SciFriLive today at 2pm EST. (And get a head start\xe2\x80\xa6""",California
2018-04-20 15:12:48,"b""RT @scifri: We're waiting...and waiting...and waiting...for The Big One. Learn more on #SciFriLive today at 2pm EST. (And get a head start\xe2\x80\xa6""",California
2018-04-20 15:08:46,"b""RT @scifri: We're waiting...and waiting...and waiting...for The Big One. Learn more on #SciFriLive today at 2pm EST. (And get a head start\xe2\x80\xa6""",California
2018-04-20 15:04:00,"b""We're waiting...and waiting...and waiting...for The Big One. Learn more on #SciFriLive today at 2pm EST. (And get a\xe2\x80\xa6 https://t.co/WJYfQXsClb""",California
2018-04-20 14:57:14,"b'RT @scifri: Hello, Ohio! Today, #SciFriLive is broadcasting from @917wvxu! https://t.co/e70foPWEC9'",California
2018-04-20 14:32:09,"b'RT @scifri: Hello, Ohio! Today, #SciFriLive is broadcasting from @917wvxu! https://t.co/e70foPWEC9'",California
2018-04-20 14:18:13,"b'RT @scifri: Hello, Ohio! Today, #SciFriLive is broadcasting from @917wvxu! https://t.co/e70foPWEC9'",California
2018-04-20 14:15:20,"b'RT @scifri: Hello, Ohio! Today, #SciFriLive is broadcasting from @917wvxu! https://t.co/e70foPWEC9'",California
2018-04-20 14:10:36,"b'RT @scifri: Hello, Ohio! Today, #SciFriLive is broadcasting from @917wvxu! https://t.co/e70foPWEC9'",California
2018-04-20 14:06:49,"b'Hello, Ohio! Today, #SciFriLive is broadcasting from @917wvxu! https://t.co/e70foPWEC9'",California
2018-04-20 09:17:40,b' #SciFriLive RT @scifri: Older brains get a bad rap. But more research finds evidence of new cell growth in aging brains. So why do our minds slow as we\xe2\x80\xa6',California
2018-04-19 14:33:47,b' #SciFriLive RT @scifri: Older brains get a bad rap. But more research finds evidence of new cell growth in aging brains. So why do our minds slow as we\xe2\x80\xa6',California
2018-04-16 21:55:43,"b' #SciFriLive RT @scifri: Plus! We\xe2\x80\x99re hitting the road for Pittsburgh! See us in action as we talk with roboticists, AI designers, musical robots, and mu\xe2\x80\xa6'",California
2018-04-16 19:43:14,b' #SciFriLive RT @scifri: \xe2\x80\x9cNatural killer\xe2\x80\x9d cells can rapidly detect and destroy stressed cells. Lewis Lanier @parkerici says they are like Marines. \xe2\x80\x9cThey\xe2\x80\xa6',California
2018-04-16 05:49:12,"b"" #SciFriLive RT @scifri: Now: Spring is in the air! And so are morning bird songs. But some calls may come from a source you wouldn't expect. Christophe\xe2\x80\xa6""",California
2018-04-15 14:21:43,"b"" #SciFriLive RT @scifri: Now: Spring is in the air! And so are morning bird songs. But some calls may come from a source you wouldn't expect. Christophe\xe2\x80\xa6""",California
2018-04-15 13:16:49,"b' #SciFriLive RT @scifri: We\xe2\x80\x99re hitting the road for Pittsburgh! See us in action as we talk with roboticists, AI designers, musical robots, and musical\xe2\x80\xa6'",California
2018-04-15 06:16:54,"b""RT @scifri: Is it ethical to send messages to aliens\xe2\x80\x94or could it needlessly put humanity at risk? On today's #SciFriLive, we discuss the et\xe2\x80\xa6""",California
2018-04-15 03:15:13,"b' #SciFriLive RT @scifri: We\xe2\x80\x99re hitting the road for Pittsburgh! See us in action as we talk with roboticists, AI designers, musical robots, and musical\xe2\x80\xa6'",California
2018-04-15 02:58:03,b' #SciFriLive RT @scifri: \xe2\x80\x9cNatural killer\xe2\x80\x9d cells can rapidly detect and destroy stressed cells. Lewis Lanier @parkerici says they are like Marines. \xe2\x80\x9cThey\xe2\x80\xa6',California
2018-04-15 02:30:38,"b' #SciFriLive RT @scifri: We\xe2\x80\x99re hitting the road for Pittsburgh! See us in action as we talk with roboticists, AI designers, musical robots, and musical\xe2\x80\xa6'",California
2018-04-15 02:14:00,"b' #SciFriLive We\xe2\x80\x99re hitting the road for Pittsburgh! See us in action as we talk with roboticists, AI designers, musical robots,\xe2\x80\xa6 https://t.co/dHwBG99otF'",California
2018-04-14 21:58:17,"b' #SciFriLive RT @scifri: @UniOfYork You know who had a pretty good pair of eyebrows? Charles Darwin, says Penny Spikins @UniOfYork. He also studied the\xe2\x80\xa6'",California
2018-04-14 21:34:54,"b"" #SciFriLive RT @scifri: Now: Spring is in the air! And so are morning bird songs. But some calls may come from a source you wouldn't expect. Christophe\xe2\x80\xa6""",California
2018-04-14 20:22:19,"b"" #SciFriLive RT @scifri: Now: Spring is in the air! And so are morning bird songs. But some calls may come from a source you wouldn't expect. Christophe\xe2\x80\xa6""",California
2018-04-14 19:07:11,b'RT @crowd_data: The latest The Data Center Crowd News! https://t.co/PENnRCsd9a #scifrilive',California
2018-04-14 18:20:39,b'The latest The Data Center Crowd News! https://t.co/PENnRCsd9a #scifrilive',California
2018-04-14 17:02:01,"b"" #SciFriLive RT @scifri: Now: Spring is in the air! And so are morning bird songs. But some calls may come from a source you wouldn't expect. Christophe\xe2\x80\xa6""",California
2018-04-14 16:23:09,"b"" #SciFriLive RT @scifri: Now: Spring is in the air! And so are morning bird songs. But some calls may come from a source you wouldn't expect. Christophe\xe2\x80\xa6""",California
2018-04-14 16:07:18,b' #SciFriLive RT @scifri: Now: We get on eye-level with these little wiggling creatures. A mechanical engineering is modeling maggot movement to better u\xe2\x80\xa6',California
2018-04-14 15:28:43,b'RT @jabertolin: The latest J@B Astro&amp;Science#Watcher! https://t.co/RxOcX2oKn6 Thanks to @VicentJM #antolog\xc3\xadagaussiana #scifrilive',California
2018-04-14 14:41:24,b'The latest J@B Astro&amp;Science#Watcher! https://t.co/RxOcX2oKn6 Thanks to @VicentJM #antolog\xc3\xadagaussiana #scifrilive',California
2018-04-14 14:21:26,b'The latest The Data Center Crowd News! https://t.co/PENnRCsd9a #searchitops #scifrilive',California
2018-04-14 14:04:07,b' #SciFriLive RT @scifri: \xe2\x80\x9cNatural killer\xe2\x80\x9d cells can rapidly detect and destroy stressed cells. Lewis Lanier @parkerici says they are like Marines. \xe2\x80\x9cThey\xe2\x80\xa6',California
2018-04-14 13:58:37,"b""RT @scifri: Is it ethical to send messages to aliens\xe2\x80\x94or could it needlessly put humanity at risk? On today's #SciFriLive, we discuss the et\xe2\x80\xa6""",California
2018-04-14 13:43:15,b'The latest Somersault Futurist Daily News! https://t.co/3VCPOnunen #scifrilive #olderadults',California
2018-04-14 13:38:51,b' #SciFriLive RT @scifri: \xe2\x80\x9cNatural killer\xe2\x80\x9d cells can rapidly detect and destroy stressed cells. Lewis Lanier @parkerici says they are like Marines. \xe2\x80\x9cThey\xe2\x80\xa6',California
2018-04-14 12:35:18,"b""The latest Hoppin' 'Round the Web! https://t.co/STlIIlNMni #scifrilive""",California
2018-04-14 12:22:25,"b""The latest Ms. Cool's Science News! https://t.co/7nD8pMp2Ep #scifrilive #physics""",California
2018-04-14 10:44:03,b'The latest All My Friends &amp; Me on Twitter! https://t.co/jO0LgmLXgS Thanks to @Cenepk10 #scifrilive',California
2018-04-14 07:39:57,b'RT @pramitsantra: Life-Time Issue 2 Pg.2.2\nhttps://t.co/Od6rF1Znxw\n#comics #comicstrip #SciFiFri #SciFriLive #Action #SaturdayMotivation #H\xe2\x80\xa6',California
2018-04-14 07:35:03,b'Life-Time Issue 2 Pg.2.2\nhttps://t.co/Od6rF1Znxw\n#comics #comicstrip #SciFiFri #SciFriLive #Action\xe2\x80\xa6 https://t.co/yl74rzzM4Y',California
2018-04-14 06:38:09,"b' #SciFriLive RT @cintagliata: Communicating with extraterrestrials is an extremely long-term science project: \nMight take 30 light years to send, 30 mor\xe2\x80\xa6'",California
2018-04-14 05:14:49,"b""RT @scifri: Is it ethical to send messages to aliens\xe2\x80\x94or could it needlessly put humanity at risk? On today's #SciFriLive, we discuss the et\xe2\x80\xa6""",California
2018-04-14 04:48:01,"b'RT @laurenjyoung617: \xe2\x80\x9cI think they\xe2\x80\x99re pretty cute\xe2\x80\xa6... ok, they do give me nightmares.\xe2\x80\x9d \xe2\x80\x94@drdavidhu https://t.co/GzDldTdMrR #SciFriLive http\xe2\x80\xa6'",California
2018-04-14 02:46:05,"b"" #SciFriLive RT @scifri: Now: Spring is in the air! And so are morning bird songs. But some calls may come from a source you wouldn't expect. Christophe\xe2\x80\xa6""",California
2018-04-14 02:40:54,"b""RT @laurenjyoung617: I've never been more proud of my expressive eyebrows. #SciFriLive https://t.co/TTNDaamqr6""",California
2018-04-14 02:40:23,b' #SciFriLive RT @scifri: @parkerici Tumor cells can produce molecules that can block immune system cells from recognizing them.\n\nKai Wucherpfennig @Dana\xe2\x80\xa6',California
2018-04-14 02:36:01,b' #SciFriLive RT @scifri: \xe2\x80\x9cNatural killer\xe2\x80\x9d cells can rapidly detect and destroy stressed cells. Lewis Lanier @parkerici says they are like Marines. \xe2\x80\x9cThey\xe2\x80\xa6',California
2018-04-14 02:26:47,"b' #SciFriLive RT @cintagliata: Communicating with extraterrestrials is an extremely long-term science project: \nMight take 30 light years to send, 30 mor\xe2\x80\xa6'",California
2018-04-14 01:59:17,b'The latest Improvising Daily! https://t.co/utEnlYmNd0 Thanks to @oakmarie @TanikaSpates @heathergrantham #oakland #scifrilive',California
2018-04-14 01:31:28,"b' #SciFriLive RT @Arieloquent: In case you were worried that hummingbirds are *only* cute, it turns out these tiny magical creatures also sound absolutel\xe2\x80\xa6'",California
2018-04-14 01:26:08,"b"" #SciFriLive RT @scifri: Now: Spring is in the air! And so are morning bird songs. But some calls may come from a source you wouldn't expect. Christophe\xe2\x80\xa6""",California
2018-04-14 00:45:14,b' #SciFriLive RT @scifri: \xe2\x80\x9cNatural killer\xe2\x80\x9d cells can rapidly detect and destroy stressed cells. Lewis Lanier @parkerici says they are like Marines. \xe2\x80\x9cThey\xe2\x80\xa6',California
2018-04-14 00:43:49,"b"" #SciFriLive RT @scifri: Now: Spring is in the air! And so are morning bird songs. But some calls may come from a source you wouldn't expect. Christophe\xe2\x80\xa6""",California
2018-04-14 00:24:50,b' #SciFriLive RT @scifri: Now: We can teach the immune system to kill tumors. But how will researchers get past autoimmune side effects and other challen\xe2\x80\xa6',California
2018-04-14 00:13:49,b'The latest The GIST Podcast Daily! https://t.co/Ir0e7L1KKj #scifrilive #friday13',California
2018-04-13 23:48:31,"b'RT @scifri: The eyes may be the window to the soul, but it\xe2\x80\x99s our eyebrows that\xe2\x80\x99re doing all the talking. Now on #SciFriLive, Penny Spikins\xe2\x80\xa6'",California
2018-04-13 23:21:07,"b"" #SciFriLive RT @scifri: Now: Spring is in the air! And so are morning bird songs. But some calls may come from a source you wouldn't expect. Christophe\xe2\x80\xa6""",California
2018-04-13 23:04:10,"b""RT @scifri: Now on #SciFriLive: How do we talk with aliens\xe2\x80\x94and should we? We're discussing the ethics of communicating with the intelligent\xe2\x80\xa6""",California
2018-04-13 22:58:09,"b' #SciFriLive RT @scifri: 50 years ago, hundreds of audience members walked out of theaters during the premiere of a little film called \xe2\x80\x9c2001: A Space Od\xe2\x80\xa6'",California
2018-04-13 22:31:36,b' #SciFriLive RT @scifri: Now: We can teach the immune system to kill tumors. But how will researchers get past autoimmune side effects and other challen\xe2\x80\xa6',California
2018-04-13 22:24:13,"b"" #SciFriLive RT @scifri: Now: Spring is in the air! And so are morning bird songs. But some calls may come from a source you wouldn't expect. Christophe\xe2\x80\xa6""",California
2018-04-13 22:23:58,"b"" #SciFriLive RT @scifri: Now: Spring is in the air! And so are morning bird songs. But some calls may come from a source you wouldn't expect. Christophe\xe2\x80\xa6""",California
2018-04-13 21:48:52,b' #SciFriLive RT @scifri: \xe2\x80\x9cNatural killer\xe2\x80\x9d cells can rapidly detect and destroy stressed cells. Lewis Lanier @parkerici says they are like Marines. \xe2\x80\x9cThey\xe2\x80\xa6',California
2018-04-13 21:30:17,b' #SciFriLive RT @scifri: \xe2\x80\x9cNatural killer\xe2\x80\x9d cells can rapidly detect and destroy stressed cells. Lewis Lanier @parkerici says they are like Marines. \xe2\x80\x9cThey\xe2\x80\xa6',California
2018-04-13 21:23:23,"b'RT @scifri: The eyes may be the window to the soul, but it\xe2\x80\x99s our eyebrows that\xe2\x80\x99re doing all the talking. Now on #SciFriLive, Penny Spikins\xe2\x80\xa6'",California
2018-04-13 21:12:26,b' #SciFriLive RT @scifri: Now: We can teach the immune system to kill tumors. But how will researchers get past autoimmune side effects and other challen\xe2\x80\xa6',California
2018-04-13 21:05:02,b'RT @scifri: @UCRiverside @UNC_Colorado You can listen to all of these bird calls at https://t.co/K8pW5j613z. #SciFriLive https://t.co/LI113\xe2\x80\xa6',California
2018-04-13 20:38:20,"b"" #SciFriLive RT @scifri: Now: Spring is in the air! And so are morning bird songs. But some calls may come from a source you wouldn't expect. Christophe\xe2\x80\xa6""",California
2018-04-13 20:37:12,"b"" #SciFriLive RT @cintagliata: If you wanted to watch I Love Lucy many light years from Earth, you'd need an antenna *the size of the solar system* says\xe2\x80\xa6""",California
2018-04-13 20:25:55,"b'RT @RMBouton: Turns out brows are for more than looking ""fierce""! #SciFriLive https://t.co/IZhVv84RLe'",California
2018-04-13 20:23:16,"b"" #SciFriLive RT @scifri: Now: Spring is in the air! And so are morning bird songs. But some calls may come from a source you wouldn't expect. Christophe\xe2\x80\xa6""",California
2018-04-13 20:18:33,"b'RT @RMBouton: Turns out brows are for more than looking ""fierce""! #SciFriLive https://t.co/IZhVv84RLe'",California
2018-04-13 20:14:45,"b"" #SciFriLive RT @scifri: Now: Spring is in the air! And so are morning bird songs. But some calls may come from a source you wouldn't expect. Christophe\xe2\x80\xa6""",California
2018-04-13 20:13:08,b'RT @scifri: @UCRiverside @UNC_Colorado You can listen to all of these bird calls at https://t.co/K8pW5j613z. #SciFriLive https://t.co/LI113\xe2\x80\xa6',California
2018-04-13 20:09:32,"b"" #SciFriLive RT @scifri: Now: Spring is in the air! And so are morning bird songs. But some calls may come from a source you wouldn't expect. Christophe\xe2\x80\xa6""",California
2018-04-13 20:08:21,b'Thread: Only #SciFriLive could make the eating habits of maggots interesting. Fascinating! \xf0\x9f\x96\x96 https://t.co/F8AiflBRGz',California
2018-04-13 20:07:05,"b""RT @laurenjyoung617: I've never been more proud of my expressive eyebrows. #SciFriLive https://t.co/TTNDaamqr6""",California
2018-04-13 20:06:54,b'I love #SciFriLive! https://t.co/VxEtfoxomi',California
2018-04-13 20:06:33,b' #SciFriLive RT @scifri: @UCRiverside @UNC_Colorado Male Costa hummingbirds have quite the sweeping call: it makes a steep dive and spreads its tail fea\xe2\x80\xa6',California
2018-04-13 20:05:58,b' #SciFriLive RT @scifri: @UCRiverside @UNC_Colorado Did you know that female birds also use calls in courtship? Lauryn Benedict @UNC_Colorado is collect\xe2\x80\xa6',California
2018-04-13 20:05:56,"b"" #SciFriLive RT @scifri: Now: Spring is in the air! And so are morning bird songs. But some calls may come from a source you wouldn't expect. Christophe\xe2\x80\xa6""",California
2018-04-13 20:05:53,b'RT @scifri: @UCRiverside @UNC_Colorado Are you curious about these unusual bird calls? Tweet us your questions! #SciFriLive',California
2018-04-13 20:03:00,b' #SciFriLive RT @scifri: @parkerici Tumor cells can produce molecules that can block immune system cells from recognizing them.\n\nKai Wucherpfennig @Dana\xe2\x80\xa6',California
2018-04-13 20:02:52,b' #SciFriLive RT @scifri: Now: We can teach the immune system to kill tumors. But how will researchers get past autoimmune side effects and other challen\xe2\x80\xa6',California
2018-04-13 20:02:41,b'RT @scifri: @UCRiverside @UNC_Colorado You can listen to all of these bird calls at https://t.co/K8pW5j613z. #SciFriLive https://t.co/LI113\xe2\x80\xa6',California
2018-04-13 20:00:59,b'RT @scifri: @UCRiverside @UNC_Colorado Have you heard a female bird song? Benedict @UNC_Colorado is building a library! #SciFriLive https:/\xe2\x80\xa6',California
2018-04-13 20:00:57,"b' #SciFriLive RT @scifri: @UCRiverside @UNC_Colorado ""There are bird song dialects,"" says Benedict @UNC_Colorado. Male birds that are in regions just a f\xe2\x80\xa6'",California
2018-04-13 20:00:55,"b"" #SciFriLive RT @scifri: Now: Spring is in the air! And so are morning bird songs. But some calls may come from a source you wouldn't expect. Christophe\xe2\x80\xa6""",California
2018-04-13 20:00:36,"b"" #SciFriLive RT @scifri: Now: Spring is in the air! And so are morning bird songs. But some calls may come from a source you wouldn't expect. Christophe\xe2\x80\xa6""",California
2018-04-13 20:00:22,"b' #SciFriLive RT @scifri: Plus! We\xe2\x80\x99re hitting the road for Pittsburgh! See us in action as we talk with roboticists, AI designers, musical robots, and mu\xe2\x80\xa6'",California
2018-04-13 20:00:21,"b"" #SciFriLive RT @scifri: Now: Spring is in the air! And so are morning bird songs. But some calls may come from a source you wouldn't expect. Christophe\xe2\x80\xa6""",California
2018-04-13 20:00:17,"b' #SciFriLive RT @scifri: @UCRiverside @UNC_Colorado ""There are bird song dialects,"" says Benedict @UNC_Colorado. Male birds that are in regions just a f\xe2\x80\xa6'",California
2018-04-13 20:00:11,b'RT @scifri: @UCRiverside @UNC_Colorado Are you curious about these unusual bird calls? Tweet us your questions! #SciFriLive',California
2018-04-13 20:00:08,"b"" #SciFriLive RT @scifri: Now: Spring is in the air! And so are morning bird songs. But some calls may come from a source you wouldn't expect. Christophe\xe2\x80\xa6""",California
2018-04-13 20:00:02,b'CONFORM \n\n#RETWEET AND #FOLLOW #RANDOM TRENDS: #SCIFRILIVE',California
2018-04-13 19:59:52,b'RT @scifri: @UCRiverside @UNC_Colorado You can listen to all of these bird calls at https://t.co/K8pW5j613z. #SciFriLive https://t.co/LI113\xe2\x80\xa6',California
2018-04-13 19:59:44,"b"" #SciFriLive RT @scifri: Now: Spring is in the air! And so are morning bird songs. But some calls may come from a source you wouldn't expect. Christophe\xe2\x80\xa6""",California
2018-04-13 19:59:28,"b"" #SciFriLive RT @scifri: Now: Spring is in the air! And so are morning bird songs. But some calls may come from a source you wouldn't expect. Christophe\xe2\x80\xa6""",California
2018-04-13 19:59:12,"b"" #SciFriLive RT @scifri: Now: Spring is in the air! And so are morning bird songs. But some calls may come from a source you wouldn't expect. Christophe\xe2\x80\xa6""",California
2018-04-13 19:59:11,"b"" #SciFriLive RT @scifri: Now: Spring is in the air! And so are morning bird songs. But some calls may come from a source you wouldn't expect. Christophe\xe2\x80\xa6""",California
2018-04-13 19:58:58,"b""That's a wrap for today's #SciFriLive! Learn more about any of the topics we discussed at https://t.co/PnYtEwDsrm.""",California
2018-04-13 19:58:31,"b"" #SciFriLive RT @scifri: Now: Spring is in the air! And so are morning bird songs. But some calls may come from a source you wouldn't expect. Christophe\xe2\x80\xa6""",California
2018-04-13 19:58:14,"b' #SciFriLive Plus! We\xe2\x80\x99re hitting the road for Pittsburgh! See us in action as we talk with roboticists, AI designers, musical ro\xe2\x80\xa6 https://t.co/r5LoYWCNdV'",California
2018-04-13 19:57:50,"b"" #SciFriLive RT @scifri: Now: Spring is in the air! And so are morning bird songs. But some calls may come from a source you wouldn't expect. Christophe\xe2\x80\xa6""",California
2018-04-13 19:57:42,"b"" #SciFriLive RT @scifri: Now: Spring is in the air! And so are morning bird songs. But some calls may come from a source you wouldn't expect. Christophe\xe2\x80\xa6""",California
2018-04-13 19:57:37,b'@UCRiverside @UNC_Colorado You can listen to all of these bird calls at https://t.co/K8pW5j613z. #SciFriLive https://t.co/LI113Ei3x5',California
2018-04-13 19:57:16,b' #SciFriLive @UCRiverside @UNC_Colorado Have you heard a female bird song? Benedict @UNC_Colorado is building a library!\xe2\x80\xa6 https://t.co/G9RFn4Iz2M',California
2018-04-13 19:56:55,"b' #SciFriLive RT @scifri: @UCRiverside @UNC_Colorado ""There are bird song dialects,"" says Benedict @UNC_Colorado. Male birds that are in regions just a f\xe2\x80\xa6'",California
2018-04-13 19:56:50,b' #SciFriLive RT @scifri: @UCRiverside @UNC_Colorado Did you know that female birds also use calls in courtship? Lauryn Benedict @UNC_Colorado is collect\xe2\x80\xa6',California
2018-04-13 19:55:28,"b"" #SciFriLive RT @scifri: Now: Spring is in the air! And so are morning bird songs. But some calls may come from a source you wouldn't expect. Christophe\xe2\x80\xa6""",California
2018-04-13 19:55:18,b' #SciFriLive RT @scifri: \xe2\x80\x9cNatural killer\xe2\x80\x9d cells can rapidly detect and destroy stressed cells. Lewis Lanier @parkerici says they are like Marines. \xe2\x80\x9cThey\xe2\x80\xa6',California
2018-04-13 19:55:12,"b"" #SciFriLive RT @scifri: Now: Spring is in the air! And so are morning bird songs. But some calls may come from a source you wouldn't expect. Christophe\xe2\x80\xa6""",California
2018-04-13 19:55:11,"b"" #SciFriLive RT @scifri: Now: Spring is in the air! And so are morning bird songs. But some calls may come from a source you wouldn't expect. Christophe\xe2\x80\xa6""",California
2018-04-13 19:54:24,"b' #SciFriLive @UCRiverside @UNC_Colorado ""There are bird song dialects,"" says Benedict @UNC_Colorado. Male birds that are in regi\xe2\x80\xa6 https://t.co/VNNDUG7fgF'",California
2018-04-13 19:53:51,"b' #SciFriLive RT @Arieloquent: In case you were worried that hummingbirds are *only* cute, it turns out these tiny magical creatures also sound absolutel\xe2\x80\xa6'",California
2018-04-13 19:53:19,"b"" #SciFriLive RT @scifri: Now: Spring is in the air! And so are morning bird songs. But some calls may come from a source you wouldn't expect. Christophe\xe2\x80\xa6""",California
2018-04-13 19:53:06,b' #SciFriLive RT @scifri: @UCRiverside @UNC_Colorado Male Costa hummingbirds have quite the sweeping call: it makes a steep dive and spreads its tail fea\xe2\x80\xa6',California
2018-04-13 19:52:54,b'@UCRiverside @UNC_Colorado Are you curious about these unusual bird calls? Tweet us your questions! #SciFriLive',California
2018-04-13 19:50:22,"b' #SciFriLive RT @Arieloquent: In case you were worried that hummingbirds are *only* cute, it turns out these tiny magical creatures also sound absolutel\xe2\x80\xa6'",California
2018-04-13 19:49:39,b' #SciFriLive RT @scifri: @UCRiverside @UNC_Colorado Did you know that female birds also use calls in courtship? Lauryn Benedict @UNC_Colorado is collect\xe2\x80\xa6',California
2018-04-13 19:49:25,b' #SciFriLive RT @scifri: @UCRiverside @UNC_Colorado Did you know that female birds also use calls in courtship? Lauryn Benedict @UNC_Colorado is collect\xe2\x80\xa6',California
2018-04-13 19:49:17,b' #SciFriLive RT @scifri: @UCRiverside @UNC_Colorado Male Costa hummingbirds have quite the sweeping call: it makes a steep dive and spreads its tail fea\xe2\x80\xa6',California
2018-04-13 19:49:14,"b"" #SciFriLive RT @scifri: Now: Spring is in the air! And so are morning bird songs. But some calls may come from a source you wouldn't expect. Christophe\xe2\x80\xa6""",California
2018-04-13 19:49:13,"b"" #SciFriLive RT @scifri: Now: Spring is in the air! And so are morning bird songs. But some calls may come from a source you wouldn't expect. Christophe\xe2\x80\xa6""",California
2018-04-13 19:48:52,"b"" #SciFriLive RT @scifri: Now: Spring is in the air! And so are morning bird songs. But some calls may come from a source you wouldn't expect. Christophe\xe2\x80\xa6""",California
2018-04-13 19:48:39,"b' #SciFriLive RT @Arieloquent: In case you were worried that hummingbirds are *only* cute, it turns out these tiny magical creatures also sound absolutel\xe2\x80\xa6'",California
2018-04-13 19:48:17,b'Airing now on @scifri #SciFriLive https://t.co/L7dte6XAgP',California
2018-04-13 19:47:39,b' #SciFriLive @UCRiverside @UNC_Colorado Did you know that female birds also use calls in courtship? Lauryn Benedict\xe2\x80\xa6 https://t.co/lzCFaJRKnI',California
2018-04-13 19:47:29,b' #SciFriLive RT @scifri: @UCRiverside @UNC_Colorado Male Costa hummingbirds have quite the sweeping call: it makes a steep dive and spreads its tail fea\xe2\x80\xa6',California
2018-04-13 19:45:11,"b' #SciFriLive RT @Arieloquent: In case you were worried that hummingbirds are *only* cute, it turns out these tiny magical creatures also sound absolutel\xe2\x80\xa6'",California
2018-04-13 19:44:41,"b' #SciFriLive In case you were worried that hummingbirds are *only* cute, it turns out these tiny magical creatures also sound ab\xe2\x80\xa6 https://t.co/sZCtOdDooO'",California
2018-04-13 19:44:18,"b'Turns out brows are for more than looking ""fierce""! #SciFriLive https://t.co/IZhVv84RLe'",California
2018-04-13 19:43:51,b' #SciFriLive @UCRiverside @UNC_Colorado Male Costa hummingbirds have quite the sweeping call: it makes a steep dive and spreads\xe2\x80\xa6 https://t.co/DSMVZZMxBe',California
2018-04-13 19:43:36,"b"" #SciFriLive RT @scifri: Now: Spring is in the air! And so are morning bird songs. But some calls may come from a source you wouldn't expect. Christophe\xe2\x80\xa6""",California
2018-04-13 19:41:10,b' #SciFriLive RT @scifri: Now: We can teach the immune system to kill tumors. But how will researchers get past autoimmune side effects and other challen\xe2\x80\xa6',California
2018-04-13 19:40:52,"b"" #SciFriLive RT @scifri: Now: Spring is in the air! And so are morning bird songs. But some calls may come from a source you wouldn't expect. Christophe\xe2\x80\xa6""",California
2018-04-13 19:40:17,"b"" #SciFriLive Now: Spring is in the air! And so are morning bird songs. But some calls may come from a source you wouldn't expect\xe2\x80\xa6 https://t.co/dqLprQKxED""",California
2018-04-13 19:39:16,b' #SciFriLive RT @scifri: @parkerici Tumor cells can produce molecules that can block immune system cells from recognizing them.\n\nKai Wucherpfennig @Dana\xe2\x80\xa6',California
2018-04-13 19:37:04,b' #SciFriLive RT @scifri: @parkerici Tumor cells can produce molecules that can block immune system cells from recognizing them.\n\nKai Wucherpfennig @Dana\xe2\x80\xa6',California
2018-04-13 19:36:39,"b' #SciFriLive RT @scifri: @UniOfYork You know who had a pretty good pair of eyebrows? Charles Darwin, says Penny Spikins @UniOfYork. He also studied the\xe2\x80\xa6'",California
2018-04-13 19:36:10,"b' #SciFriLive RT @scifri: If you place a bowl of dog food in front of a pack of puppies, only so many puppies can eat at once. What happens when you have\xe2\x80\xa6'",California
2018-04-13 19:35:43,b' #SciFriLive RT @scifri: @parkerici Tumor cells can produce molecules that can block immune system cells from recognizing them.\n\nKai Wucherpfennig @Dana\xe2\x80\xa6',California
2018-04-13 19:35:22,b' #SciFriLive RT @scifri: Now: We can teach the immune system to kill tumors. But how will researchers get past autoimmune side effects and other challen\xe2\x80\xa6',California
2018-04-13 19:33:29,b' #SciFriLive RT @scifri: \xe2\x80\x9cNatural killer\xe2\x80\x9d cells can rapidly detect and destroy stressed cells. Lewis Lanier @parkerici says they are like Marines. \xe2\x80\x9cThey\xe2\x80\xa6',California
2018-04-13 19:33:22,b' #SciFriLive RT @scifri: Now: We can teach the immune system to kill tumors. But how will researchers get past autoimmune side effects and other challen\xe2\x80\xa6',California
2018-04-13 19:33:07,b' #SciFriLive @parkerici Tumor cells can produce molecules that can block immune system cells from recognizing them.\n\nKai Wucherp\xe2\x80\xa6 https://t.co/ZjhR1nDojQ',California
2018-04-13 19:32:45,"b""RT @scifri: And here's a visual for you! courtesy @Arieloquent #SciFriLive https://t.co/WHGisD96m4""",California
2018-04-13 19:31:37,b' #SciFriLive RT @scifri: Now: We can teach the immune system to kill tumors. But how will researchers get past autoimmune side effects and other challen\xe2\x80\xa6',California
2018-04-13 19:31:29,b' #SciFriLive RT scifri: Now: We can teach the immune system to kill tumors. But how will researchers get past autoimmune side ef\xe2\x80\xa6 https://t.co/GC1qdeqoRF',California
2018-04-13 19:31:16,"b' #SciFriLive RT @scifri: ""People have been broadcasting random stuff from Earth for decades,"" says Sheri Wells-Jensen @bgsu. ""Anyone who wants to know w\xe2\x80\xa6'",California
2018-04-13 19:30:32,b' #SciFriLive RT @scifri: Now: We can teach the immune system to kill tumors. But how will researchers get past autoimmune side effects and other challen\xe2\x80\xa6',California
2018-04-13 19:30:08,b' #SciFriLive RT @scifri: Now: We can teach the immune system to kill tumors. But how will researchers get past autoimmune side effects and other challen\xe2\x80\xa6',California
2018-04-13 19:29:55,"b' #SciFriLive RT @cintagliata: @jilltarter quoted on the show today: \n\n""Existing SETI searches are like taking a glass of water, dipping it in the ocean,\xe2\x80\xa6'",California
2018-04-13 19:29:53,b' #SciFriLive RT @scifri: Now: We can teach the immune system to kill tumors. But how will researchers get past autoimmune side effects and other challen\xe2\x80\xa6',California
2018-04-13 19:29:14,b' #SciFriLive \xe2\x80\x9cNatural killer\xe2\x80\x9d cells can rapidly detect and destroy stressed cells. Lewis Lanier @parkerici says they are like Ma\xe2\x80\xa6 https://t.co/5AqIj6p2Mk',California
2018-04-13 19:28:58,b' #SciFriLive RT @scifri: Now: We can teach the immune system to kill tumors. But how will researchers get past autoimmune side effects and other challen\xe2\x80\xa6',California
2018-04-13 19:28:47,"b'RT @scifri: The eyes may be the window to the soul, but it\xe2\x80\x99s our eyebrows that\xe2\x80\x99re doing all the talking. Now on #SciFriLive, Penny Spikins\xe2\x80\xa6'",California
2018-04-13 19:27:38,b'RT @scifri: Do you have a question about the immunotherapy techniques researchers are developing? #SciFriLive',California
2018-04-13 19:27:33,b' #SciFriLive RT @scifri: Now: We can teach the immune system to kill tumors. But how will researchers get past autoimmune side effects and other challen\xe2\x80\xa6',California
2018-04-13 19:27:27,b' #SciFriLive RT @scifri: Now: We can teach the immune system to kill tumors. But how will researchers get past autoimmune side effects and other challen\xe2\x80\xa6',California
2018-04-13 19:26:18,b'Do you have a question about the immunotherapy techniques researchers are developing? #SciFriLive',California
2018-04-13 19:24:32,b' #SciFriLive RT @scifri: Now: We can teach the immune system to kill tumors. But how will researchers get past autoimmune side effects and other challen\xe2\x80\xa6',California
2018-04-13 19:24:01,"b"" #SciFriLive RT @cintagliata: If you wanted to watch I Love Lucy many light years from Earth, you'd need an antenna *the size of the solar system* says\xe2\x80\xa6""",California
2018-04-13 19:22:39,"b'RT @scifri: The eyes may be the window to the soul, but it\xe2\x80\x99s our eyebrows that\xe2\x80\x99re doing all the talking. Now on #SciFriLive, Penny Spikins\xe2\x80\xa6'",California
2018-04-13 19:22:36,"b' #SciFriLive RT @Arieloquent: Eyebrow function works in two directions - Botox recipients are less sympathetic to other people, ""You\'re actually feeling\xe2\x80\xa6'",California
2018-04-13 19:22:27,b' #SciFriLive Now: We can teach the immune system to kill tumors. But how will researchers get past autoimmune side effects and o\xe2\x80\xa6 https://t.co/TLy6svR1AW',California
2018-04-13 19:21:04,"b'RT @scifri: The eyes may be the window to the soul, but it\xe2\x80\x99s our eyebrows that\xe2\x80\x99re doing all the talking. Now on #SciFriLive, Penny Spikins\xe2\x80\xa6'",California
2018-04-13 19:20:10,"b""And here's a visual for you! courtesy @Arieloquent #SciFriLive https://t.co/WHGisD96m4""",California
2018-04-13 19:19:46,"b'RT @scifri: The eyes may be the window to the soul, but it\xe2\x80\x99s our eyebrows that\xe2\x80\x99re doing all the talking. Now on #SciFriLive, Penny Spikins\xe2\x80\xa6'",California
2018-04-13 19:19:11,"b' #SciFriLive RT @cintagliata: Charles Darwin has some pretty impressive eyebrows, says Penny Spikens of @UniOfYork \n\n(and he studied the emotional expre\xe2\x80\xa6'",California
2018-04-13 19:19:06,"b' #SciFriLive @UniOfYork You know who had a pretty good pair of eyebrows? Charles Darwin, says Penny Spikins @UniOfYork. He also\xe2\x80\xa6 https://t.co/R1e6LRhZID'",California
2018-04-13 19:17:45,"b'RT @scifri: The eyes may be the window to the soul, but it\xe2\x80\x99s our eyebrows that\xe2\x80\x99re doing all the talking. Now on #SciFriLive, Penny Spikins\xe2\x80\xa6'",California
2018-04-13 19:17:40,"b' #SciFriLive Charles Darwin has some pretty impressive eyebrows, says Penny Spikens of @UniOfYork \n\n(and he studied the emotiona\xe2\x80\xa6 https://t.co/IifRvnokt6'",California
2018-04-13 19:17:07,"b'Any ideas about dogs, like Rottweilers, who have those eyebrow dots right above their eyes? #SciFriLive'",California
2018-04-13 19:16:40,"b' #SciFriLive RT @Arieloquent: Eyebrow function works in two directions - Botox recipients are less sympathetic to other people, ""You\'re actually feeling\xe2\x80\xa6'",California
2018-04-13 19:16:34,b'RT @scifri: @UniOfYork What questions do you have about the evolution of communication through our eyebrows? #SciFriLive',California
2018-04-13 19:16:08,"b""RT @laurenjyoung617: I've never been more proud of my expressive eyebrows. #SciFriLive https://t.co/TTNDaamqr6""",California
2018-04-13 19:15:20,"b' #SciFriLive RT @Arieloquent: Eyebrow function works in two directions - Botox recipients are less sympathetic to other people, ""You\'re actually feeling\xe2\x80\xa6'",California
2018-04-13 19:14:52,"b' #SciFriLive Eyebrow function works in two directions - Botox recipients are less sympathetic to other people, ""You\'re actually\xe2\x80\xa6 https://t.co/mAMFzFD9tV'",California
2018-04-13 19:14:50,"b'RT @scifri: The eyes may be the window to the soul, but it\xe2\x80\x99s our eyebrows that\xe2\x80\x99re doing all the talking. Now on #SciFriLive, Penny Spikins\xe2\x80\xa6'",California
2018-04-13 19:14:05,b'@UniOfYork What questions do you have about the evolution of communication through our eyebrows? #SciFriLive',California
2018-04-13 19:13:05,"b'RT @scifri: The eyes may be the window to the soul, but it\xe2\x80\x99s our eyebrows that\xe2\x80\x99re doing all the talking. Now on #SciFriLive, Penny Spikins\xe2\x80\xa6'",California
2018-04-13 19:11:56,"b""RT @laurenjyoung617: I've never been more proud of my expressive eyebrows. #SciFriLive https://t.co/TTNDaamqr6""",California
2018-04-13 19:11:31,"b'RT @scifri: The eyes may be the window to the soul, but it\xe2\x80\x99s our eyebrows that\xe2\x80\x99re doing all the talking. Now on #SciFriLive, Penny Spikins\xe2\x80\xa6'",California
2018-04-13 19:11:30,b'@scifri eyebrow movements are an essential and integral part of American Sign Language grammar. #SciFriLive',California
2018-04-13 19:10:29,"b""I've never been more proud of my expressive eyebrows. #SciFriLive https://t.co/TTNDaamqr6""",California
2018-04-13 19:09:39,b' #SciFriLive RT @scifri: Now: We get on eye-level with these little wiggling creatures. A mechanical engineering is modeling maggot movement to better u\xe2\x80\xa6',California
2018-04-13 19:08:23,"b'The eyes may be the window to the soul, but it\xe2\x80\x99s our eyebrows that\xe2\x80\x99re doing all the talking. Now on #SciFriLive, Pe\xe2\x80\xa6 https://t.co/tbXNFy1kkp'",California
2018-04-13 19:07:06,b' #SciFriLive RT @scifri: Now: We get on eye-level with these little wiggling creatures. A mechanical engineering is modeling maggot movement to better u\xe2\x80\xa6',California
2018-04-13 19:04:37,"b'RT @laurenjyoung617: \xe2\x80\x9cI think they\xe2\x80\x99re pretty cute\xe2\x80\xa6... ok, they do give me nightmares.\xe2\x80\x9d \xe2\x80\x94@drdavidhu https://t.co/GzDldTdMrR #SciFriLive http\xe2\x80\xa6'",California
2018-04-13 19:04:15,"b'\xe2\x80\x9cI think they\xe2\x80\x99re pretty cute\xe2\x80\xa6... ok, they do give me nightmares.\xe2\x80\x9d \xe2\x80\x94@drdavidhu https://t.co/GzDldTdMrR #SciFriLive https://t.co/y2fNpewvwH'",California
2018-04-13 19:03:25,b' #SciFriLive RT @scifri: Now: We get on eye-level with these little wiggling creatures. A mechanical engineering is modeling maggot movement to better u\xe2\x80\xa6',California
2018-04-13 19:02:27,"b' #SciFriLive RT @cintagliata: @jilltarter quoted on the show today: \n\n""Existing SETI searches are like taking a glass of water, dipping it in the ocean,\xe2\x80\xa6'",California
2018-04-13 19:01:04,"b' #SciFriLive RT @scifri: Psst! Hey NYC science trivia geeks! Join us 5/9 @BellHouseNY for our nerdy team trivia showdown. \n\nThere will be drinks, prizes\xe2\x80\xa6'",California
2018-04-13 19:00:32,b' #SciFriLive RT @scifri: Now: We get on eye-level with these little wiggling creatures. A mechanical engineering is modeling maggot movement to better u\xe2\x80\xa6',California
2018-04-13 18:59:03,b' #SciFriLive Psst! Hey NYC science trivia geeks! Join us 5/9 @BellHouseNY for our nerdy team trivia showdown. \n\nThere will be dr\xe2\x80\xa6 https://t.co/dCHUk3a213',California
2018-04-13 18:57:43,b' #SciFriLive RT @scifri: Now: We get on eye-level with these little wiggling creatures. A mechanical engineering is modeling maggot movement to better u\xe2\x80\xa6',California
2018-04-13 18:56:53,"b'RT @scifri: @drdavidhu For more maggot-y madness, check out the latest Macroscope video here! #SciFriLive https://t.co/XQmS51sVtd. https://\xe2\x80\xa6'",California
2018-04-13 18:56:40,"b' #SciFriLive RT @scifri: If you place a bowl of dog food in front of a pack of puppies, only so many puppies can eat at once. What happens when you have\xe2\x80\xa6'",California
2018-04-13 18:56:38,"b'@drdavidhu For more maggot-y madness, check out the latest Macroscope video here! #SciFriLive\xe2\x80\xa6 https://t.co/XVaAHV8I2K'",California
2018-04-13 18:56:09,b' #SciFriLive RT @scifri: Now: We get on eye-level with these little wiggling creatures. A mechanical engineering is modeling maggot movement to better u\xe2\x80\xa6',California
2018-04-13 18:55:27,"b""RT @scifri: Now on #SciFriLive: How do we talk with aliens\xe2\x80\x94and should we? We're discussing the ethics of communicating with the intelligent\xe2\x80\xa6""",California
2018-04-13 18:54:45,"b' #SciFriLive .@drdavidhu is testing this ""Puppy Bowl Problem"" with something a lot less furry (and a lot less cute)...\xe2\x80\xa6 https://t.co/qwtdqWwhyZ'",California
2018-04-13 18:54:35,"b' #SciFriLive RT @scifri: If you place a bowl of dog food in front of a pack of puppies, only so many puppies can eat at once. What happens when you have\xe2\x80\xa6'",California
2018-04-13 18:54:20,"b' #SciFriLive RT @scifri: If you place a bowl of dog food in front of a pack of puppies, only so many puppies can eat at once. What happens when you have\xe2\x80\xa6'",California
2018-04-13 18:53:44,"b' #SciFriLive If you place a bowl of dog food in front of a pack of puppies, only so many puppies can eat at once. What happens w\xe2\x80\xa6 https://t.co/C10vUPg0sX'",California
2018-04-13 18:52:12,b' #SciFriLive Now: We get on eye-level with these little wiggling creatures. A mechanical engineering is modeling maggot movement\xe2\x80\xa6 https://t.co/LqTp22aMah',California
2018-04-13 18:51:29,"b' #SciFriLive RT @scifri: ""People have been broadcasting random stuff from Earth for decades,"" says Sheri Wells-Jensen @bgsu. ""Anyone who wants to know w\xe2\x80\xa6'",California
2018-04-13 18:51:26,"b""RT @scifri: Now on #SciFriLive: How do we talk with aliens\xe2\x80\x94and should we? We're discussing the ethics of communicating with the intelligent\xe2\x80\xa6""",California
2018-04-13 18:48:13,"b""RT @scifri: Now on #SciFriLive: How do we talk with aliens\xe2\x80\x94and should we? We're discussing the ethics of communicating with the intelligent\xe2\x80\xa6""",California
2018-04-13 18:47:43,b'Talking about moral rights of microbes here on @scifri today. \n\nDamn right. \n\n#SciFriLive',California
2018-04-13 18:47:24,"b' #SciFriLive RT @scifri: ""People have been broadcasting random stuff from Earth for decades,"" says Sheri Wells-Jensen @bgsu. ""Anyone who wants to know w\xe2\x80\xa6'",California
2018-04-13 18:47:09,"b""RT @scifri: Now on #SciFriLive: How do we talk with aliens\xe2\x80\x94and should we? We're discussing the ethics of communicating with the intelligent\xe2\x80\xa6""",California
2018-04-13 18:47:08,b'@scifri can we talk about v\xe2\x80\x99ger for a second. #SciFriLive',California
2018-04-13 18:45:25,"b' #SciFriLive RT @cintagliata: Communicating with extraterrestrials is an extremely long-term science project: \nMight take 30 light years to send, 30 mor\xe2\x80\xa6'",California
2018-04-13 18:45:25,"b""RT @scifri: Now on #SciFriLive: How do we talk with aliens\xe2\x80\x94and should we? We're discussing the ethics of communicating with the intelligent\xe2\x80\xa6""",California
2018-04-13 18:44:35,"b' #SciFriLive RT @cintagliata: Communicating with extraterrestrials is an extremely long-term science project: \nMight take 30 light years to send, 30 mor\xe2\x80\xa6'",California
2018-04-13 18:41:18,"b' #SciFriLive RT @scifri: @bgsu ""Could listening be just as dangerous as sending a message?"" asks @haqqmisra. The act of passively receiving and interpre\xe2\x80\xa6'",California
2018-04-13 18:40:33,"b' #SciFriLive RT @scifri: @bgsu ""Could listening be just as dangerous as sending a message?"" asks @haqqmisra. The act of passively receiving and interpre\xe2\x80\xa6'",California
2018-04-13 18:40:30,"b"" #SciFriLive RT @cintagliata: If you wanted to watch I Love Lucy many light years from Earth, you'd need an antenna *the size of the solar system* says\xe2\x80\xa6""",California
2018-04-13 18:40:11,"b""RT @scifri: Now on #SciFriLive: How do we talk with aliens\xe2\x80\x94and should we? We're discussing the ethics of communicating with the intelligent\xe2\x80\xa6""",California
2018-04-13 18:39:58,"b""RT @scifri: Now on #SciFriLive: How do we talk with aliens\xe2\x80\x94and should we? We're discussing the ethics of communicating with the intelligent\xe2\x80\xa6""",California
2018-04-13 18:39:23,"b' #SciFriLive RT @cintagliata: @jilltarter quoted on the show today: \n\n""Existing SETI searches are like taking a glass of water, dipping it in the ocean,\xe2\x80\xa6'",California
2018-04-13 18:38:42,"b' #SciFriLive @bgsu ""Could listening be just as dangerous as sending a message?"" asks @haqqmisra. The act of passively receiving\xe2\x80\xa6 https://t.co/1UKjIGV9ey'",California
2018-04-13 18:37:43,b'RT @scifri: Do you have any questions about the ethics of contacting extraterrestrial life? #SciFriLive',California
2018-04-13 18:36:12,"b' #SciFriLive Communicating with extraterrestrials is an extremely long-term science project: \nMight take 30 light years to send,\xe2\x80\xa6 https://t.co/h1zfadxz9A'",California
2018-04-13 18:35:08,"b""RT @scifri: Now on #SciFriLive: How do we talk with aliens\xe2\x80\x94and should we? We're discussing the ethics of communicat\xe2\x80\xa6 https://t.co/yyOe5BTWv0""",California
2018-04-13 18:34:53,"b' #SciFriLive RT @scifri: ""People have been broadcasting random stuff from Earth for decades,"" says Sheri Wells-Jensen @bgsu. ""Anyone who wants to know w\xe2\x80\xa6'",California
2018-04-13 18:34:13,"b"" #SciFriLive RT @cintagliata: If you wanted to watch I Love Lucy many light years from Earth, you'd need an antenna *the size of the solar system* says\xe2\x80\xa6""",California
2018-04-13 18:33:47,"b""RT @scifri: Now on #SciFriLive: How do we talk with aliens\xe2\x80\x94and should we? We're discussing the ethics of communicating with the intelligent\xe2\x80\xa6""",California
2018-04-13 18:33:30,"b"" #SciFriLive If you wanted to watch I Love Lucy many light years from Earth, you'd need an antenna *the size of the solar system\xe2\x80\xa6 https://t.co/cjoSt0prja""",California
2018-04-13 18:31:03,"b""RT @scifri: Now on #SciFriLive: How do we talk with aliens\xe2\x80\x94and should we? We're discussing the ethics of communicating with the intelligent\xe2\x80\xa6""",California
2018-04-13 18:30:27,b'RT @scifri: Do you have any questions about the ethics of contacting extraterrestrial life? #SciFriLive',California
2018-04-13 18:30:11,"b' #SciFriLive RT @cintagliata: @jilltarter quoted on the show today: \n\n""Existing SETI searches are like taking a glass of water, dipping it in the ocean,\xe2\x80\xa6'",California
2018-04-13 18:30:07,"b' #SciFriLive RT @scifri: ""People have been broadcasting random stuff from Earth for decades,"" says Sheri Wells-Jensen @bgsu. ""Anyone who wants to know w\xe2\x80\xa6'",California
2018-04-13 18:30:02,b'RT @scifri: Do you have any questions about the ethics of contacting extraterrestrial life? #SciFriLive',California
2018-04-13 18:29:56,b' #SciFriLive Highly advanced alien civilizations might still have radio equipment lying around. \n\nJust like we still have sailbo\xe2\x80\xa6 https://t.co/kEoZSJIlM1',California
2018-04-13 18:29:16,"b' #SciFriLive RT @cintagliata: @jilltarter quoted on the show today: \n\n""Existing SETI searches are like taking a glass of water, dipping it in the ocean,\xe2\x80\xa6'",California
2018-04-13 18:28:48,"b""RT @scifri: Now on #SciFriLive: How do we talk with aliens\xe2\x80\x94and should we? We're discussing the ethics of communicating with the intelligent\xe2\x80\xa6""",California
2018-04-13 18:28:45,b'RT @scifri: Do you have any questions about the ethics of contacting extraterrestrial life? #SciFriLive',California
2018-04-13 18:28:31,"b' #SciFriLive @jilltarter quoted on the show today: \n\n""Existing SETI searches are like taking a glass of water, dipping it in the\xe2\x80\xa6 https://t.co/2hYEKhWhIz'",California
2018-04-13 18:28:08,"b' #SciFriLive ""People have been broadcasting random stuff from Earth for decades,"" says Sheri Wells-Jensen @bgsu. ""Anyone who wan\xe2\x80\xa6 https://t.co/Iiz2JaZARF'",California
2018-04-13 18:26:08,b'RT @scifri: Do you have any questions about the ethics of contacting extraterrestrial life? #SciFriLive',California
2018-04-13 18:25:10,b'Do you have any questions about the ethics of contacting extraterrestrial life? #SciFriLive',California
2018-04-13 18:23:31,"b""RT @scifri: Now on #SciFriLive: How do we talk with aliens\xe2\x80\x94and should we? We're discussing the ethics of communicating with the intelligent\xe2\x80\xa6""",California
2018-04-13 18:22:10,"b""RT @scifri: Now on #SciFriLive: How do we talk with aliens\xe2\x80\x94and should we? We're discussing the ethics of communicating with the intelligent\xe2\x80\xa6""",California
2018-04-13 18:21:56,"b""RT @scifri: Now on #SciFriLive: How do we talk with aliens\xe2\x80\x94and should we? We're discussing the ethics of communicating with the intelligent\xe2\x80\xa6""",California
2018-04-13 18:21:49,"b""Now on #SciFriLive: How do we talk with aliens\xe2\x80\x94and should we? We're discussing the ethics of communicating with the\xe2\x80\xa6 https://t.co/dy74o6Pl0X""",California
2018-04-13 18:17:24,"b""RT @scifri: It's #SciFriLive Time! @RyanFMandelbaum is kicking things off with an introduction to a new planet-hunter named TESS. Listen li\xe2\x80\xa6""",California
2018-04-13 18:11:40,"b""RT @scifri: It's #SciFriLive Time! @RyanFMandelbaum is kicking things off with an introduction to a new planet-hunter named TESS. Listen li\xe2\x80\xa6""",California
2018-04-13 18:09:49,"b""RT @scifri: It's #SciFriLive Time! @RyanFMandelbaum is kicking things off with an introduction to a new planet-hunter named TESS. Listen li\xe2\x80\xa6""",California
2018-04-13 18:07:55,"b""RT @scifri: It's #SciFriLive Time! @RyanFMandelbaum is kicking things off with an introduction to a new planet-hunter named TESS. Listen li\xe2\x80\xa6""",California
2018-04-13 18:06:55,"b""RT @scifri: It's #SciFriLive Time! @RyanFMandelbaum is kicking things off with an introduction to a new planet-hunter named TESS. Listen li\xe2\x80\xa6""",California
2018-04-13 18:06:40,"b""It's #SciFriLive Time! @RyanFMandelbaum is kicking things off with an introduction to a new planet-hunter named TES\xe2\x80\xa6 https://t.co/cNaVVy02XP""",California
2018-04-13 18:00:44,"b""RT @scifri: Is it ethical to send messages to aliens\xe2\x80\x94or could it needlessly put humanity at risk? On today's #SciFriLive, we discuss the et\xe2\x80\xa6""",California
2018-04-13 17:52:14,"b' #SciFriLive RT @scifri: Sometimes bird songs aren\xe2\x80\x99t coming from the source you\xe2\x80\x99d expect. From feathers to females, biologists breakdown unconventional\xe2\x80\xa6'",California
2018-04-13 17:12:39,"b""RT @scifri: Is it ethical to send messages to aliens\xe2\x80\x94or could it needlessly put humanity at risk? On today's #SciFriLive, we discuss the et\xe2\x80\xa6""",California
2018-04-13 16:55:06,"b""RT @scifri: Is it ethical to send messages to aliens\xe2\x80\x94or could it needlessly put humanity at risk? On today's #SciFriLive, we discuss the et\xe2\x80\xa6""",California
2018-04-13 16:47:43,"b""RT @scifri: It's lunchtime (and almost #SciFriLive time)! Here's some food for thought: How are maggots so efficient and speedy at eating?\xe2\x80\xa6""",California
2018-04-13 16:46:35,"b""RT @scifri: It's lunchtime (and almost #SciFriLive time)! Here's some food for thought: How are maggots so efficient and speedy at eating?\xe2\x80\xa6""",California
2018-04-13 16:44:45,b' #SciFriLive RT @scifri: We are finding better ways to teach our immune system to recognize cancer. But not every patient responds to immunotherapy. Res\xe2\x80\xa6',California
2018-04-13 16:41:24,b' #SciFriLive RT @scifri: We are finding better ways to teach our immune system to recognize cancer. But not every patient responds to immunotherapy. Res\xe2\x80\xa6',California
2018-04-13 16:40:47,b' #SciFriLive RT @scifri: We are finding better ways to teach our immune system to recognize cancer. But not every patient responds to immunotherapy. Res\xe2\x80\xa6',California
2018-04-13 16:40:00,b' #SciFriLive We are finding better ways to teach our immune system to recognize cancer. But not every patient responds to immuno\xe2\x80\xa6 https://t.co/tmHYHgrrMH',California
2018-04-13 16:34:10,"b"" #SciFriLive RT @RMBouton: Should humans be hollerin' into space? Or is that the cosmic equivalent of picking a bar fight? We'll discuss today on #SciFr\xe2\x80\xa6""",California
2018-04-13 16:31:41,"b""RT scifri: It's lunchtime (and almost #SciFriLive time)! Here's some food for thought: How are maggots so efficient\xe2\x80\xa6 https://t.co/NF7ahW2mNW""",California
2018-04-13 16:14:00,"b""It's lunchtime (and almost #SciFriLive time)! Here's some food for thought: How are maggots so efficient and speedy\xe2\x80\xa6 https://t.co/ZcpTBBAnjI""",California
2018-04-13 16:07:14,"b"" #SciFriLive RT @RMBouton: Should humans be hollerin' into space? Or is that the cosmic equivalent of picking a bar fight? We'll discuss today on #SciFr\xe2\x80\xa6""",California
2018-04-13 16:07:12,"b""RT @scifri: Is it ethical to send messages to aliens\xe2\x80\x94or could it needlessly put humanity at risk? On today's #SciFriLive, we discuss the et\xe2\x80\xa6""",California
2018-04-13 16:06:37,"b""RT @scifri: Is it ethical to send messages to aliens\xe2\x80\x94or could it needlessly put humanity at risk? On today's #SciFriLive, we discuss the et\xe2\x80\xa6""",California
2018-04-13 15:51:59,"b' #SciFriLive RT @scifri: Sometimes bird songs aren\xe2\x80\x99t coming from the source you\xe2\x80\x99d expect. From feathers to females, biologists breakdown unconventional\xe2\x80\xa6'",California
2018-04-13 15:48:15,"b""RT @scifri: Is it ethical to send messages to aliens\xe2\x80\x94or could it needlessly put humanity at risk? On today's #SciFriLive, we discuss the et\xe2\x80\xa6""",California
2018-04-13 15:38:58,"b""RT @scifri: Is it ethical to send messages to aliens\xe2\x80\x94or could it needlessly put humanity at risk? On today's #SciFriLive, we discuss the et\xe2\x80\xa6""",California
2018-04-13 15:37:37,"b' #SciFriLive RT @scifri: Sometimes bird songs aren\xe2\x80\x99t coming from the source you\xe2\x80\x99d expect. From feathers to females, biologists breakdown unconventional\xe2\x80\xa6'",California
2018-04-13 15:32:16,"b"" #SciFriLive RT @RMBouton: Should humans be hollerin' into space? Or is that the cosmic equivalent of picking a bar fight? We'll discuss today on #SciFr\xe2\x80\xa6""",California
2018-04-13 15:28:39,"b' #SciFriLive RT @scifri: Sometimes bird songs aren\xe2\x80\x99t coming from the source you\xe2\x80\x99d expect. From feathers to females, biologists breakdown unconventional\xe2\x80\xa6'",California
2018-04-13 15:25:23,"b""Is it ethical to send messages to aliens\xe2\x80\x94or could it needlessly put humanity at risk? On today's #SciFriLive, we di\xe2\x80\xa6 https://t.co/hydSy4uqkQ""",California
2018-04-13 15:09:51,"b"" #SciFriLive RT @RMBouton: Should humans be hollerin' into space? Or is that the cosmic equivalent of picking a bar fight? We'll discuss today on #SciFr\xe2\x80\xa6""",California
2018-04-13 15:08:37,"b""RT @scifri: Is it ethical to send messages to aliens\xe2\x80\x94or could it needlessly put humanity at risk? On today's #SciFriLive, we discuss the et\xe2\x80\xa6""",California
2018-04-13 15:03:20,"b' #SciFriLive RT @scifri: Sometimes bird songs aren\xe2\x80\x99t coming from the source you\xe2\x80\x99d expect. From feathers to females, biologists breakdown unconventional\xe2\x80\xa6'",California
2018-04-13 15:02:44,"b' #SciFriLive Sometimes bird songs aren\xe2\x80\x99t coming from the source you\xe2\x80\x99d expect. From feathers to females, biologists breakdown unc\xe2\x80\xa6 https://t.co/6jurT2053o'",California
2018-04-13 14:50:04,"b""RT @scifri: Is it ethical to send messages to aliens\xe2\x80\x94or could it needlessly put humanity at risk? On today's #SciFriLive, we discuss the et\xe2\x80\xa6""",California
2018-04-13 14:43:50,"b""RT @scifri: Is it ethical to send messages to aliens\xe2\x80\x94or could it needlessly put humanity at risk? On today's #SciFriLive, we discuss the et\xe2\x80\xa6""",California
2018-04-13 14:42:10,"b""RT @scifri: Is it ethical to send messages to aliens\xe2\x80\x94or could it needlessly put humanity at risk? On today's #SciFriLive, we discuss the et\xe2\x80\xa6""",California
2018-04-13 14:31:31,"b"" #SciFriLive Should humans be hollerin' into space? Or is that the cosmic equivalent of picking a bar fight? We'll discuss today\xe2\x80\xa6 https://t.co/iBVCKNwrx3""",California
2018-04-13 14:30:13,"b""RT @scifri: Is it ethical to send messages to aliens\xe2\x80\x94or could it needlessly put humanity at risk? On today's #SciFriLive, we discuss the et\xe2\x80\xa6""",California
2018-04-13 14:28:43,"b""RT @scifri: Is it ethical to send messages to aliens\xe2\x80\x94or could it needlessly put humanity at risk? On today's #SciFriLive, we discuss the et\xe2\x80\xa6""",California
2018-04-13 14:26:11,"b""RT @scifri: Is it ethical to send messages to aliens\xe2\x80\x94or could it needlessly put humanity at risk? On today's #SciFriLive, we discuss the et\xe2\x80\xa6""",California
2018-04-13 14:25:33,"b""RT @scifri: Is it ethical to send messages to aliens\xe2\x80\x94or could it needlessly put humanity at risk? On today's #SciFriLive, we discuss the et\xe2\x80\xa6""",California
2018-04-13 14:23:23,"b""RT @scifri: Is it ethical to send messages to aliens\xe2\x80\x94or could it needlessly put humanity at risk? On today's #SciFriLive, we discuss the et\xe2\x80\xa6""",California
2018-04-13 14:22:05,"b""RT @scifri: Is it ethical to send messages to aliens\xe2\x80\x94or could it needlessly put humanity at risk? On today's #SciFriLive, we discuss the et\xe2\x80\xa6""",California
2018-04-13 14:20:21,"b""RT @scifri: Is it ethical to send messages to aliens\xe2\x80\x94or could it needlessly put humanity at risk? On today's #SciFriLive, we discuss the et\xe2\x80\xa6""",California
2018-04-13 14:20:15,"b""RT @scifri: Is it ethical to send messages to aliens\xe2\x80\x94or could it needlessly put humanity at risk? On today's #SciFriLive, we discuss the et\xe2\x80\xa6""",California
2018-04-13 14:19:34,"b""RT @scifri: Is it ethical to send messages to aliens\xe2\x80\x94or could it needlessly put humanity at risk? On today's #SciFriLive, we discuss the et\xe2\x80\xa6""",California
2018-04-13 14:17:23,"b""RT @scifri: Is it ethical to send messages to aliens\xe2\x80\x94or could it needlessly put humanity at risk? On today's #SciFriLive, we discuss the et\xe2\x80\xa6""",California
2018-04-13 14:16:11,"b""Is it ethical to send messages to aliens\xe2\x80\x94or could it needlessly put humanity at risk? On today's #SciFriLive, we di\xe2\x80\xa6 https://t.co/lHAWhimJuk""",California
2018-04-13 13:18:54,b'RT @scifri: It\xe2\x80\x99s our favorite day of the week! Here\xe2\x80\x99s what we have in store for you today on #SciFriLive at 2pm ET: \n\xe2\x9c\x85The ethics of ET comm\xe2\x80\xa6',California
2018-04-13 13:06:39,b'RT @scifri: It\xe2\x80\x99s our favorite day of the week! Here\xe2\x80\x99s what we have in store for you today on #SciFriLive at 2pm ET: \n\xe2\x9c\x85The ethics of ET comm\xe2\x80\xa6',California
2018-04-13 12:53:49,b'RT @scifri: It\xe2\x80\x99s our favorite day of the week! Here\xe2\x80\x99s what we have in store for you today on #SciFriLive at 2pm ET: \n\xe2\x9c\x85The ethics of ET comm\xe2\x80\xa6',California
2018-04-13 12:50:31,b'RT @scifri: It\xe2\x80\x99s our favorite day of the week! Here\xe2\x80\x99s what we have in store for you today on #SciFriLive at 2pm ET: \n\xe2\x9c\x85The ethics of ET comm\xe2\x80\xa6',California
2018-04-13 12:49:41,b'RT @scifri: It\xe2\x80\x99s our favorite day of the week! Here\xe2\x80\x99s what we have in store for you today on #SciFriLive at 2pm ET: \n\xe2\x9c\x85The ethics of ET comm\xe2\x80\xa6',California
2018-04-13 12:47:21,b'RT @scifri: It\xe2\x80\x99s our favorite day of the week! Here\xe2\x80\x99s what we have in store for you today on #SciFriLive at 2pm ET: \n\xe2\x9c\x85The ethics of ET comm\xe2\x80\xa6',California
2018-04-13 12:47:00,b'It\xe2\x80\x99s our favorite day of the week! Here\xe2\x80\x99s what we have in store for you today on #SciFriLive at 2pm ET: \n\xe2\x9c\x85The ethic\xe2\x80\xa6 https://t.co/nwNJy3Qb9B',California
2018-04-13 06:26:54,"b' #SciFriLive RT @scifri: When you hear \xf0\x9f\x8e\xb5, do you see colors? Around 4% of the world\xe2\x80\x99s population has some form of synesthesia, a neurological phenomenon\xe2\x80\xa6'",California
2018-04-11 00:02:42,"b'RT @scifri: ""We don\'t have a great answer as to how climate change is affecting flooding on the Mississippi,"" says Sam Munoz on #SciFriLive\xe2\x80\xa6'",California
2018-04-10 17:27:27,"b"" #SciFriLive RT @scifri: Did you know sloths don't fart? Their digestive system reflects their slow-moving lifestyle...and they *breathe* out their meth\xe2\x80\xa6""",California
2018-04-10 15:11:27,b' #SciFriLive RT @scifri: Older brains get a bad rap. But more research finds evidence of new cell growth in aging brains. So why do our minds slow as we\xe2\x80\xa6',California
