2018-04-20 20:13:42,b'RT @UCDFieldHockey: 1 hour until #UCDavisGiveDay begins! \n\nCheck out our latest music video dedicated to #GiveDay! \n\nThe link to give is in\xe2\x80\xa6',California
2018-04-20 20:12:33,"b""#UCDavisGiveDay is underway! You've heard from Madison on why she's giving, now hear from Christine \xf0\x9f\x92\x99\xf0\x9f\x90\xb4\xf0\x9f\x92\x9b\xe2\x80\xa6 https://t.co/hN95SQFWFi""",California
2018-04-20 20:11:24,b'RT @UCDavisMBB: #ucdavisgiveday is here! Donate today &amp; get an assist - link is in our bio @ucdavis @UCDavisAggies #ucdavismbb #everyaggiec\xe2\x80\xa6',California
2018-04-20 20:09:49,b' #UCDavisGiveDay RT @UCDavisBaseball: Aggie Baseball Family:\nIt\xe2\x80\x99s the time of year where you show your support and your love for UC Davis Baseball present &amp;\xe2\x80\xa6',California
2018-04-20 20:09:46,"b'RT @UCDavisBaseball: #UCDavisGiveDay BEGINS TODAY AT NOON! The guys are pumped about it! This year, with 100 donors Justin Andrade will don\xe2\x80\xa6'",California
2018-04-20 20:09:23,b' #UCDavisGiveDay UC Davis Give Day is now Live!  The link to the Athletics Give Day page is here:  https://t.co/RmNDYQ4RBZ\xe2\x80\xa6 https://t.co/ZENYsSeXiN',California
2018-04-20 20:03:30,b' #UCDavisGiveDay The @FarrahFawcettFN established a challenge for UC Davis Give Day to support cancer research for adolescent cancer\xe2\x80\xa6 https://t.co/l6gbmsqFxo',California
2018-04-20 20:02:12,b' #UCDavisGiveDay Watching the totals climb through the great work of the @ucdavis team and all of their amazing donors for\xe2\x80\xa6 https://t.co/Vr6Ftx5mcC',California
2018-04-20 20:01:04,b' #UCDavisGiveDay The Chicanx Latinx Alumni Association has pledged $3k to the Chicanx Latinx Scholarship \xe2\x80\x93 but this money is only re\xe2\x80\xa6 https://t.co/BfwAu4wGs4',California
2018-04-20 20:00:40,"b""RT @ucdavis: This year's #UCDavisGiveDay will officially kick off at 12pm today. Every gift makes an impact, no matter the size. https://t.\xe2\x80\xa6""",California
2018-04-20 19:55:37,"b""RT @ucdavis: This year's #UCDavisGiveDay will officially kick off at 12pm today. Every gift makes an impact, no matter the size. https://t.\xe2\x80\xa6""",California
2018-04-20 19:55:06,"b'RT @UCDavisWBB: #UCDavisGiveDay is now live!\n\nBob and Cathy Kerr have agreed to match every dollar we raise up to $30,000! Our goal is 100\xe2\x80\xa6'",California
2018-04-20 19:53:25,b'How you feel after making your donation to the library on #UCDavisGiveDay #EveryAggieCounts https://t.co/ILOy0A9yNQ https://t.co/6Yzu7rGXHr',California
2018-04-20 19:52:57,"b""RT @ucdavis: This year's #UCDavisGiveDay will officially kick off at 12pm today. Every gift makes an impact, no matter the size. https://t.\xe2\x80\xa6""",California
2018-04-20 19:48:46,"b""RT @ucdavisvetmed: Giddy-up, it's #UCDavisGiveDay! Help us improve the lives our of animal patients and students, and transform the future\xe2\x80\xa6""",California
2018-04-20 19:48:06,b'RT @UCDavis_Nursing: #UCDavisGiveDay is happening right now! Help our students be the health leaders who make the world a better place! htt\xe2\x80\xa6',California
2018-04-20 19:47:48,b' #UCDavisGiveDay RT @UCDavisGym: Head Coach @jjlavallee2 is flipping with excitement for Give Day! The site is live! Donate here: https://t.co/Dr4N1Kt2Aq\xe2\x80\xa6',California
2018-04-20 19:43:28,b'UC Davis Give Day https://t.co/WdsCum7Fes ##UCDavisGiveDay',California
2018-04-20 19:42:38,b'I just donated to #UCDavisGiveDay to the program that funded my undergraduate research and literally changed my lif\xe2\x80\xa6 https://t.co/J0AEVEqGbL',California
2018-04-20 19:40:32,b'#UCDavisGiveDay is live @ https://t.co/6W1sUDeW2C \xf0\x9f\x90\xb4 I just gave &amp; you should too! Every gift counts! @UCDavisWGolf\xe2\x80\xa6 https://t.co/q6LHlfnEVD',California
2018-04-20 19:40:09,b'#UCDavisGiveDay is happening right now! Help our students be the health leaders who make the world a better place!\xe2\x80\xa6 https://t.co/AyDx48Skk7',California
2018-04-20 19:39:58,b'RT @UCDavisMBB: #ucdavisgiveday is here! Donate today &amp; get an assist - link is in our bio @ucdavis @UCDavisAggies #ucdavismbb #everyaggiec\xe2\x80\xa6',California
2018-04-20 19:35:21,b' #UCDavisGiveDay Help us unlock our Give Day challenge. Eight more gifts unlocks $2500 donated by Anh Tran. https://t.co/eNT6XfSOKi\xe2\x80\xa6 https://t.co/i5mA3lGh0T',California
2018-04-20 19:33:36,b' #UCDavisGiveDay RT @UCDavisComply: Excited to participate in @UCDavisGiveDay supporting all our @UCDavisAggies Please considering Giving too! #UCDavisGiveD\xe2\x80\xa6',California
2018-04-20 19:33:20,"b'#UCDavisGiveDay has begun! Support Ecogeomorphology - expedition based learning - with a gift! No matter the size,\xe2\x80\xa6 https://t.co/um0zxwzaU1'",California
2018-04-20 19:32:08,b' #UCDavisGiveDay Excited to participate in @UCDavisGiveDay supporting all our @UCDavisAggies Please considering Giving too!\xe2\x80\xa6 https://t.co/drACdzV8mN',California
2018-04-20 19:31:46,b'RT @UCDavisMBB: #ucdavisgiveday is here! Donate today &amp; get an assist - link is in our bio @ucdavis @UCDavisAggies #ucdavismbb #everyaggiec\xe2\x80\xa6',California
2018-04-20 19:31:21,b'RT @UCDAVISWSOC: Updating our cover photo to reflect an important day for all of us @ucdavis. #UCDavisGiveDay https://t.co/MBqgs7rO8T',California
2018-04-20 19:30:55,b'RT @UCDAVISWSOC: Hear from Head Coach @TwilaKaufman    to start your day \xe2\x98\x80\xef\xb8\x8f. #UCDavisGiveDay https://t.co/DPEESrzd6L',California
2018-04-20 19:30:08,b'#UCDavisGiveDay is coming soon! Show your support for this amazing university and donate! #UCDavis #philanthropy\xe2\x80\xa6 https://t.co/RVFJmTYu8n',California
2018-04-20 19:29:19,b'Give Day has begun! https://t.co/r79Bx7wftE #UCDavisGiveDay #EveryAggieCounts https://t.co/Z0JpVV2f9l',California
2018-04-20 19:26:11,b'RT @UCDavisMBB: #ucdavisgiveday is here! Donate today &amp; get an assist - link is in our bio @ucdavis @UCDavisAggies #ucdavismbb #everyaggiec\xe2\x80\xa6',California
2018-04-20 19:24:36,"b"" #UCDavisGiveDay We've received our first Give Day gift! Thank you @PaulaJHarris for supporting the School of Education!\xe2\x80\xa6 https://t.co/RUDIeDO6eq""",California
2018-04-20 19:23:25,b'RT @UCDFieldHockey: 1 hour until #UCDavisGiveDay begins! \n\nCheck out our latest music video dedicated to #GiveDay! \n\nThe link to give is in\xe2\x80\xa6',California
2018-04-20 19:22:19,b'RT @UCDavisMBB: #ucdavisgiveday is here! Donate today &amp; get an assist - link is in our bio @ucdavis @UCDavisAggies #ucdavismbb #everyaggiec\xe2\x80\xa6',California
2018-04-20 19:22:09,"b'RT @UCDavisWBB: #UCDavisGiveDay is now live!\n\nBob and Cathy Kerr have agreed to match every dollar we raise up to $30,000! Our goal is 100\xe2\x80\xa6'",California
2018-04-20 19:21:50,"b' #UCDavisGiveDay Prof Maisha T. Winn was busy at #AERA18! Presented twice, debuted new book &amp; elected Member-at-Large to Council. No\xe2\x80\xa6 https://t.co/FbSyj12e4a'",California
2018-04-20 19:21:44,b'RT @UCDavisMBB: #ucdavisgiveday is here! Donate today &amp; get an assist - link is in our bio @ucdavis @UCDavisAggies #ucdavismbb #everyaggiec\xe2\x80\xa6',California
2018-04-20 19:20:45,b'UC Davis Give Day https://t.co/NFtrEkpkf6 ##UCDavisGiveDay',California
2018-04-20 19:20:31,b'Looks like @ucdavis Give Day has started off with a bang!! https://t.co/APibgNEjCC #UCDavisGiveDay',California
2018-04-20 19:20:07,"b' #UCDavisGiveDay We\xe2\x80\x99re getting some family gifts too! Thank you to the Denholm Family, and the Pluschkell Family, for continuing to\xe2\x80\xa6 https://t.co/GtCKzXoZ5B'",California
2018-04-20 19:19:03,"b' #UCDavisGiveDay RT @CalAggieAlumni: Over the next 29 hours,  UC Davis will join together for the 2nd annual Give Day. Aggie Parents and Families have pledg\xe2\x80\xa6'",California
2018-04-20 19:18:58,b'Watch out Give Day short film! #GoAgs #EveryAggieCounts #UCDavisGiveDay https://t.co/nXsr7VFqmd',California
2018-04-20 19:17:42,b'RT @UCDavisCoE: Our #UCDavisGiveDay challenges are live! Support the College of Engineering Leadership Faculty &amp; Staff Challenge and the De\xe2\x80\xa6',California
2018-04-20 19:17:20,b'RT @UCDavisMBB: #ucdavisgiveday is here! Donate today &amp; get an assist - link is in our bio @ucdavis @UCDavisAggies #ucdavismbb #everyaggiec\xe2\x80\xa6',California
2018-04-20 19:17:13,"b' #UCDavisGiveDay Matt Kamigawachi with a donation! A HOFer, one of the G.O.A.T.s, still giving back! Thank you Matt! \n\nIf you want t\xe2\x80\xa6 https://t.co/UKhzN0ugME'",California
2018-04-20 19:16:40,"b'#UCDavisGiveDay is here! Support the @UCDavis College of Biological Sciences and your gift, no matter the size, hel\xe2\x80\xa6 https://t.co/oEbk27SHdn'",California
2018-04-20 19:16:28,b' #UCDavisGiveDay RT @UCDbrainhealth: UC Davis Give Day starts now! \n\nSupport the Behavioral Health Center of Excellence and help advance mental health resea\xe2\x80\xa6',California
2018-04-20 19:15:10,"b'Ready, set, GIVE! The 2nd annual #UCDavisGiveDay is underway. Help the GSM take the Battle of the Schools, support\xe2\x80\xa6 https://t.co/YyXRj8wdDL'",California
2018-04-20 19:14:24,b'RT @UCDavisWGolf: #UCDavisGiveDay is now live!!  See why the Aggies are giving to @UCDavisWGolf and why you should too! Please go to https:\xe2\x80\xa6',California
2018-04-20 19:12:35,"b'The #UCDavisGiveDay gifts are already pouring in! We have a gift from a very well known UC Davis Alum, for many dif\xe2\x80\xa6 https://t.co/GglSCj40OY'",California
2018-04-20 19:10:33,b'Our #UCDavisGiveDay challenges are live! Support the College of Engineering Leadership Faculty &amp; Staff Challenge an\xe2\x80\xa6 https://t.co/z79vNmF0Us',California
2018-04-20 19:09:26,b'RT @UCDavisMBB: #ucdavisgiveday is here! Donate today &amp; get an assist - link is in our bio @ucdavis @UCDavisAggies #ucdavismbb #everyaggiec\xe2\x80\xa6',California
2018-04-20 19:09:25,b'RT @UCDavisDateline: Today and tomorrow are our days in the sun: \n\n\xe2\x98\x80\xef\xb8\x8f#UCDavisGIveDay \xe2\x80\x94 https://t.co/op8K2Wq6RN\n\n\xe2\x98\x80\xef\xb8\x8f#PicnicDay104 \xe2\x80\x94\xc2\xa0https://t\xe2\x80\xa6',California
2018-04-20 19:08:49,b'RT @UCDavisMBB: #ucdavisgiveday is here! Donate today &amp; get an assist - link is in our bio @ucdavis @UCDavisAggies #ucdavismbb #everyaggiec\xe2\x80\xa6',California
2018-04-20 19:08:00,b' #UCDavisGiveDay Teams at @UCDMINDINST work tirelessly to improve the quality of life for children and adults affected by\xe2\x80\xa6 https://t.co/toW7718ykc',California
2018-04-20 19:07:18,b'RT @UCDavisMBB: #ucdavisgiveday is here! Donate today &amp; get an assist - link is in our bio @ucdavis @UCDavisAggies #ucdavismbb #everyaggiec\xe2\x80\xa6',California
2018-04-20 19:07:16,b'RT @TheDonnieCC: I gave &amp; so can you! Go Ags. UC Davis Give Day https://t.co/lkFPbrbfnk  #UCDavisGiveDay',California
2018-04-20 19:05:22,"b' #UCDavisGiveDay RT @profpwong: Give Day starts today! Join me in supporting the @ucdavismba and its students. I chose to give to the scholarship fund, but\xe2\x80\xa6'",California
2018-04-20 19:05:09,b'Give Day is here! Go online to support #UCDavisCAES at https://t.co/8hUbwAv2Xm. #UCDavisGiveDay #EveryAggieCounts https://t.co/i4kxrCz5xJ',California
2018-04-20 19:05:00,"b'#UCDavisGiveDay is underway! As a premier academic medical center, @UCDavisHealth is charged with discovering and s\xe2\x80\xa6 https://t.co/ZDPBd0aDOg'",California
2018-04-20 19:03:18,b' #UCDavisGiveDay UC Davis Give Day starts now! \n\nSupport the Behavioral Health Center of Excellence and help advance mental health r\xe2\x80\xa6 https://t.co/T7WAWQnJ17',California
2018-04-20 19:03:05,"b'#UCDavisGiveDay is now live!\n\nBob and Cathy Kerr have agreed to match every dollar we raise up to $30,000! Our goal\xe2\x80\xa6 https://t.co/z92x3Sx3TX'",California
2018-04-20 19:02:50,b'RT @UCDFieldHockey: 1 hour until #UCDavisGiveDay begins! \n\nCheck out our latest music video dedicated to #GiveDay! \n\nThe link to give is in\xe2\x80\xa6',California
2018-04-20 19:02:20,"b' #UCDavisGiveDay RT @CalAggieAlumni: Over the next 29 hours,  UC Davis will join together for the 2nd annual Give Day. Aggie Parents and Families have pledg\xe2\x80\xa6'",California
2018-04-20 19:01:27,"b' #UCDavisGiveDay Over the next 29 hours,  UC Davis will join together for the 2nd annual Give Day. Aggie Parents and Families have p\xe2\x80\xa6 https://t.co/JgPObvSUsr'",California
2018-04-20 19:01:23,b' #UCDavisGiveDay Scholarships transform the lives of our students and allow them to pursue their many passions. Every gift makes a d\xe2\x80\xa6 https://t.co/dSq6au9oHy',California
2018-04-20 19:01:01,b'Support a #CleanEnergy future by supporting @ucdavisenergy this #UCDavisGiveDay: https://t.co/VEDdeeu5QP https://t.co/qGvJj08MfP',California
2018-04-20 19:00:24,b'RT @UCDavisMBB: #ucdavisgiveday is here! Donate today &amp; get an assist - link is in our bio @ucdavis @UCDavisAggies #ucdavismbb #everyaggiec\xe2\x80\xa6',California
2018-04-20 19:00:22,b'#UCDavisGiveDay is now live!!  See why the Aggies are giving to @UCDavisWGolf and why you should too! Please go to\xe2\x80\xa6 https://t.co/sLyq4KKog7',California
2018-04-20 19:00:20,"b' #UCDavisGiveDay UC Davis Give Day starts now! \nSelect the \xe2\x80\x9cCenter for Neuroscience General Support\xe2\x80\x9d fund to support brain research,\xe2\x80\xa6 https://t.co/1EsQO0kpnx'",California
2018-04-20 19:00:06,b' #UCDavisGiveDay RT @UCDavisGym: Head Coach @jjlavallee2 is flipping with excitement for Give Day! The site is live! Donate here: https://t.co/Dr4N1Kt2Aq\xe2\x80\xa6',California
2018-04-20 19:00:00,b'Not sure where to give on #UCDavisGiveDay? Check out the ITS-Davis donor page here https://t.co/NytezicfXx https://t.co/RD8DNbIa5n',California
2018-04-20 19:00:00,b'Give Day starts now! Help support the Internship and Career Center. https://t.co/j0BW6YRgje\n\n#UCDavisGIveDay #EveryAggieCounts',California
2018-04-20 18:59:28,b'#ucdavisgiveday is here! Donate today &amp; get an assist - link is in our bio @ucdavis @UCDavisAggies #ucdavismbb\xe2\x80\xa6 https://t.co/PO6O6AUz0b',California
2018-04-20 18:55:29,"b'RT @UCDavisMedCntr: #UCDavisGiveDay starts tomorrow at 12pm. Your support of @UCDavisHealth, @UCDMINDINST, @UCD_Cancer, @UCDavisMed, @UCDav\xe2\x80\xa6'",California
2018-04-20 18:55:01,b'RT @UCDFieldHockey: #UCDavisGiveDay is here! \n\nThe give button goes live at 12pm. Any donation helps support @UCDFieldHockey! \n\nWe apprecia\xe2\x80\xa6',California
2018-04-20 18:53:24,b'RT @UCDFieldHockey: 1 hour until #UCDavisGiveDay begins! \n\nCheck out our latest music video dedicated to #GiveDay! \n\nThe link to give is in\xe2\x80\xa6',California
2018-04-20 18:53:21,b' #UCDavisGiveDay @UCDVolleyball and @UCDavisBeachVB  please ask that you do what you can to help us out for Give Day 2018! Donate (m\xe2\x80\xa6 https://t.co/Blp2KTnqbz',California
2018-04-20 18:51:47,b'Our captain Everett Maltby with some news! https://t.co/m8LJixP4PU #ucdavisGiveDay #GoAgs https://t.co/IMbvvks9pD',California
2018-04-20 18:51:26,b' #UCDavisGiveDay Head Coach @jjlavallee2 is flipping with excitement for Give Day! The site is live! Donate here:\xe2\x80\xa6 https://t.co/6vnXgbWQN5',California
2018-04-20 18:50:16,b' #UCDavisGiveDay We\xe2\x80\x99ve already got donations coming in! Thank you to Aggie Alum and current @Twins minor leaguer @MCordy34 for conti\xe2\x80\xa6 https://t.co/MsLPxs2bPK',California
2018-04-20 18:49:08,"b'RT @UCDFieldHockey: As we MOOve into #UCDavisGiveDay tomorrow, check out this special interview with our friends!\n\n #THANKMOO #EveryAggieCo\xe2\x80\xa6'",California
2018-04-20 18:49:03,"b'RT @UCDavisBaseball: The boys made a #UCDavisGiveDay video, you can check it out here: https://t.co/sNi1N9Nx24\n\nWe\xe2\x80\x99ve got some great matchi\xe2\x80\xa6'",California
2018-04-20 18:48:56,"b'RT @UCDavisBaseball: The boys made a #UCDavisGiveDay video, you can check it out here: https://t.co/sNi1N9Nx24\n\nWe\xe2\x80\x99ve got some great matchi\xe2\x80\xa6'",California
2018-04-20 18:44:45,"b""RT @ucdavis: This year's #UCDavisGiveDay will officially kick off at 12pm today. Every gift makes an impact, no matter the size. https://t.\xe2\x80\xa6""",California
2018-04-20 18:42:51,"b'The boys made a #UCDavisGiveDay video, you can check it out here: https://t.co/sNi1N9Nx24\n\nWe\xe2\x80\x99ve got some great mat\xe2\x80\xa6 https://t.co/Kppt5mI1PQ'",California
2018-04-20 18:37:56,b'I just contributed to the @ucdavis #McNair Scholars Program for #UCDavisGiveDay! Join me in supporting\xe2\x80\xa6 https://t.co/IEJ2ksuN0J',California
2018-04-20 18:35:43,b'Giveday is live. #EveryAggieCounts #UCDavisGiveDay @UCDavisGiveDay',California
2018-04-20 18:28:25,b'RT @UCDFieldHockey: 1 hour until #UCDavisGiveDay begins! \n\nCheck out our latest music video dedicated to #GiveDay! \n\nThe link to give is in\xe2\x80\xa6',California
2018-04-20 18:27:29,"b'Please help us advance the health of animals, people, and the planet! @ucdavisvetmed @ucdavis #UCDavisGiveDay #pets\xe2\x80\xa6 https://t.co/2THwsc7MwN'",California
2018-04-20 18:26:09,"b'I just gave to Letters &amp; Science, my alma mater! https://t.co/RMhV7YHsav #UCDavisGiveDay #UCDavis #EveryAggieCounts'",California
2018-04-20 18:13:30,b'Today and tomorrow are our days in the sun: \n\n\xe2\x98\x80\xef\xb8\x8f#UCDavisGIveDay \xe2\x80\x94 https://t.co/op8K2Wq6RN\n\n\xe2\x98\x80\xef\xb8\x8f#PicnicDay104 \xe2\x80\x94\xc2\xa0\xe2\x80\xa6 https://t.co/3HebKSlzXt',California
2018-04-20 18:12:35,b'1 hour until #UCDavisGiveDay begins! \n\nCheck out our latest music video dedicated to #GiveDay! \n\nThe link to give i\xe2\x80\xa6 https://t.co/q3Kvz9KyiU',California
2018-04-20 18:12:05,b' #UCDavisGiveDay Give Day starts today! Join me in supporting the @ucdavismba and its students. I chose to give to the scholarship f\xe2\x80\xa6 https://t.co/xPxobEhTBZ',California
2018-04-20 17:47:09,b'I gave &amp; so can you! Go Ags. UC Davis Give Day https://t.co/lkFPbrbfnk  #UCDavisGiveDay',California
2018-04-20 17:45:24,b' #UCDavisGiveDay UC Davis Materials Science and Engineering Department Chair &amp; Professor Jeffery Gibeling kicks off Give Day 2018 wi\xe2\x80\xa6 https://t.co/KNB7zTW9pk',California
2018-04-20 17:39:55,"b' #UCDavisGiveDay https://t.co/CDHospZhnp He\xe2\x80\x99s number 3 on the field and number 1 in our hearts, a HUGE UC Davis supporter, a Give Da\xe2\x80\xa6 https://t.co/OpUCq70YjO'",California
2018-04-20 17:37:48,"b""RT @ucdavisvetmed: Giddy-up, it's #UCDavisGiveDay! Help us improve the lives our of animal patients and students, and transform the future\xe2\x80\xa6""",California
2018-04-20 17:36:29,"b""Giddy-up, it's #UCDavisGiveDay! Help us improve the lives our of animal patients and students, and transform the fu\xe2\x80\xa6 https://t.co/yRfW3qoNiL""",California
2018-04-20 17:34:20,"b'RT @UCDavisBaseball: #UCDavisGiveDay BEGINS TODAY AT NOON! The guys are pumped about it! This year, with 100 donors Justin Andrade will don\xe2\x80\xa6'",California
2018-04-20 17:34:04,"b"" #UCDavisGiveDay Well, it looks like I'm the first person from Iowa to support @ucdavis Give Day.  Let's see if I can find some more\xe2\x80\xa6 https://t.co/uBVoUhTMRd""",California
2018-04-20 17:33:16,"b'#UCDavisGiveDay BEGINS TODAY AT NOON! The guys are pumped about it! This year, with 100 donors Justin Andrade will\xe2\x80\xa6 https://t.co/Bo8jrKP3iL'",California
2018-04-20 17:31:12,b'#UCDavis students aspire to make the world a better place. Join me in supporting them at https://t.co/65YxpxSLDs! #UCDavisGiveDay',California
2018-04-20 17:23:54,b'RT @UCDAVISWSOC: Hear from Head Coach @TwilaKaufman    to start your day \xe2\x98\x80\xef\xb8\x8f. #UCDavisGiveDay https://t.co/DPEESrzd6L',California
2018-04-20 17:21:22,b'UC Davis Give Day https://t.co/kNbTcXaPTH ##UCDavisGiveDay',California
2018-04-20 17:20:38,b' #UCDavisGiveDay RT @shell_belle35: TODAY is UC Davis Give Day! Take 2 seconds and make a gift in ANY amount. It makes a difference and changes lives. Make\xe2\x80\xa6',California
2018-04-20 17:19:11,b' #UCDavisGiveDay TODAY is UC Davis Give Day! Take 2 seconds and make a gift in ANY amount. It makes a difference and changes lives.\xe2\x80\xa6 https://t.co/C3UgfE2jBW',California
2018-04-20 17:18:02,"b""Don't forget, give day starts at noon today! #ucdavisgiveday #everyaggiecounts https://t.co/VCB2WElhUZ""",California
2018-04-20 17:17:06,b'RT @UCDavisGrad: Join Graduate Studies in supporting #gradstudents by participating in #UCDavisGiveDay. Once our #GradSlam challenge hits 2\xe2\x80\xa6',California
2018-04-20 17:11:08,"b""RT @ucdavis: This year's #UCDavisGiveDay will officially kick off at 12pm today. Every gift makes an impact, no matter the size. https://t.\xe2\x80\xa6""",California
2018-04-20 17:06:46,b'Join Graduate Studies in supporting #gradstudents by participating in #UCDavisGiveDay. Once our #GradSlam challenge\xe2\x80\xa6 https://t.co/WRHbXMSVKL',California
2018-04-20 17:03:17,b'Calling all Aggies and friends to hop on and support UC Davis! Give Day starts right now! #UCDavisGiveDay\xe2\x80\xa6 https://t.co/I7z4iK4NYg',California
2018-04-20 17:03:07,"b""RT @ucdavis: This year's #UCDavisGiveDay will officially kick off at 12pm today. Every gift makes an impact, no matter the size. https://t.\xe2\x80\xa6""",California
2018-04-20 17:02:59,"b""RT @ucdavis: This year's #UCDavisGiveDay will officially kick off at 12pm today. Every gift makes an impact, no matter the size. https://t.\xe2\x80\xa6""",California
2018-04-20 17:01:00,"b""This year's #UCDavisGiveDay will officially kick off at 12pm today. Every gift makes an impact, no matter the size.\xe2\x80\xa6 https://t.co/lwoJyKrDtQ""",California
2018-04-20 16:54:06,"b'RT @UCDavisMedCntr: #UCDavisGiveDay starts tomorrow at 12pm. Your support of @UCDavisHealth, @UCDMINDINST, @UCD_Cancer, @UCDavisMed, @UCDav\xe2\x80\xa6'",California
2018-04-20 16:50:06,b' #UCDavisGiveDay Help students apply their in-classroom learning to real-world settings. Join us and make a gift to the College of A\xe2\x80\xa6 https://t.co/GshlNA1Nns',California
2018-04-20 16:47:50,b'RT @sarahok: UC Davis Give Day starts today at noon! The John Muir Institute could use your help! https://t.co/eRskrI0kys ##UCDavisGiveDay',California
2018-04-20 16:47:43,b'RT @UCDChem: #UCDavisGiveDay and @ucdpicnicday are tomorrow! Join us for our Chemistry Show at Rock Hall or consider supporting us by givin\xe2\x80\xa6',California
2018-04-20 16:46:52,b'#UCDavisGiveDay and @ucdpicnicday are tomorrow! Join us for our Chemistry Show at Rock Hall or consider supporting\xe2\x80\xa6 https://t.co/SDf5kKjkYX',California
2018-04-20 16:36:36,b'RT @UCDavisWBB: #UCDavisGiveDay is finally here! \n\nThe link goes live at 12pm and any donation given to our program goes directly to suppor\xe2\x80\xa6',California
2018-04-20 16:31:37,b' #UCDavisGiveDay Give Day kicks off in less than three hours! So many ways to support education\xe2\x80\x94which will you choose?\xe2\x80\xa6 https://t.co/aXpbCCsynJ',California
2018-04-20 16:30:18,b' #UCDavisGiveDay You DONUT want to miss a chance to support the GSM this Give Day -- Krispy Kremes for anyone who contributes! Dean\xe2\x80\xa6 https://t.co/BGzsatzRbP',California
2018-04-20 16:25:58,"b'RT @UcDavisMWP: Right around the corner!\nGiveDay, April 20 - 21. \nGive here: https://t.co/rDYWFW0DJu\xe2\x80\xa6 \n#UCDavisGiveDay #EveryAggieCounts #G\xe2\x80\xa6'",California
2018-04-20 16:24:52,b'Give Day starts at noon today! #UCDavisGiveDay #FridayFeeling\nSupport brain health and help us unlock our challenge\xe2\x80\xa6 https://t.co/ZRepbaYqa0',California
2018-04-20 16:18:44,b'RT @UCDAVISWSOC: Hear from Head Coach @TwilaKaufman    to start your day \xe2\x98\x80\xef\xb8\x8f. #UCDavisGiveDay https://t.co/DPEESrzd6L',California
2018-04-20 16:18:12,b'Hear from Head Coach @TwilaKaufman    to start your day \xe2\x98\x80\xef\xb8\x8f. #UCDavisGiveDay https://t.co/DPEESrzd6L',California
2018-04-20 16:08:15,b'RT @UCDavisGym: Head Coach John Lavallee presents his own Give Day challenge to the Aggie alum! #UCDavisGiveDay #EveryAggieCounts #GoAgs ht\xe2\x80\xa6',California
2018-04-20 16:02:56,b'Mimi Haskell comes through with @UCDAVISWSOC\xe2\x80\x99s first #UCDavisGiveDay donation in honor of Wendi Haskell. #Thankful #Legacy',California
2018-04-20 16:00:00,b'UC Davis Give Day 2018 starts in 3 hours. #UCDavisGIveDay  goes live at 12pm. https://t.co/BtbdhbnMCF\xe2\x80\xa6 https://t.co/lMj8urhDwC',California
2018-04-20 15:45:05,"b'RT @UCDavisMedCntr: #UCDavisGiveDay starts tomorrow at 12pm. Your support of @UCDavisHealth, @UCDMINDINST, @UCD_Cancer, @UCDavisMed, @UCDav\xe2\x80\xa6'",California
2018-04-20 15:44:14,b'RT @JaimeHeppler: It\xe2\x80\x99s UC Davis Give Day! Get up and Give Back! #UCDavisGiveDay #EveryAggieCounts @FarrahFawcettFN @YoloFCU @APMortgageCA h\xe2\x80\xa6',California
2018-04-20 15:36:26,b'RT @UCDFieldHockey: #UCDavisGiveDay is here! \n\nThe give button goes live at 12pm. Any donation helps support @UCDFieldHockey! \n\nWe apprecia\xe2\x80\xa6',California
2018-04-20 15:27:02,"b' #UCDavisGiveDay I didn\'t attend @ucdavis; however, I lived in Davis for 4 years, and consider myself an ""adopted Aggie"".  Even thou\xe2\x80\xa6 https://t.co/a4faGHQ4Xj'",California
2018-04-20 15:03:38,b'RT @UCDAVISWSOC: Updating our cover photo to reflect an important day for all of us @ucdavis. #UCDavisGiveDay https://t.co/MBqgs7rO8T',California
2018-04-20 15:03:21,b'Updating our cover photo to reflect an important day for all of us @ucdavis. #UCDavisGiveDay https://t.co/MBqgs7rO8T',California
2018-04-20 15:03:10,"b'We are 4 hours away from #UCDavisGiveDay going live! Get excited, set your alarm, and go to https://t.co/Jyctl4ncy6\xe2\x80\xa6 https://t.co/ncrmIR8RPd'",California
2018-04-20 14:46:10,b'#UCDavisGiveDay is finally here! \n\nThe link goes live at 12pm and any donation given to our program goes directly t\xe2\x80\xa6 https://t.co/ChapkLTMG1',California
2018-04-20 14:26:59,b'#UCDavisGiveDay is here! \n\nThe give button goes live at 12pm. Any donation helps support @UCDFieldHockey! \n\nWe appr\xe2\x80\xa6 https://t.co/dopSjNVca2',California
2018-04-20 14:16:49,b'RT @sarahok: UC Davis Give Day starts today at noon! The John Muir Institute could use your help! https://t.co/eRskrI0kys ##UCDavisGiveDay',California
2018-04-20 14:13:09,"b' #UCDavisGiveDay RT @UCDavisMTennis: You can support the ideal combination of Division I Athletics, Elite Academics, and Personal Growth by giving to UC Dav\xe2\x80\xa6'",California
2018-04-20 14:11:16,"b' #UCDavisGiveDay RT @UCDavisMTennis: You can support the ideal combination of Division I Athletics, Elite Academics, and Personal Growth by giving to UC Dav\xe2\x80\xa6'",California
2018-04-20 14:07:12,"b""GIVE DAY begins TODAY at 12pm! Click on th link to support Men's Soccer @UCDavisMSOC\nhttps://t.co/zIOE76S5G0 #ucdavisgiveday \n#GoAgs""",California
2018-04-20 13:54:24,b'It\xe2\x80\x99s UC Davis Give Day! Get up and Give Back! #UCDavisGiveDay #EveryAggieCounts @FarrahFawcettFN @YoloFCU\xe2\x80\xa6 https://t.co/aXkm4ALHOY',California
2018-04-20 13:44:17,b'RT @ucdavisCAES: Help students realize their dreams for doctoral studies by supporting the McNairs Scholars Program. #UCDavisGiveDay #Every\xe2\x80\xa6',California
2018-04-20 13:35:11,b'UC Davis Give Day starts today at noon! The John Muir Institute could use your help! https://t.co/eRskrI0kys ##UCDavisGiveDay',California
2018-04-20 13:05:50,b'RT @ucdavisCAES: Help students realize their dreams for doctoral studies by supporting the McNairs Scholars Program. #UCDavisGiveDay #Every\xe2\x80\xa6',California
2018-04-20 12:55:38,"b' #UCDavisGiveDay You can support the ideal combination of Division I Athletics, Elite Academics, and Personal Growth by giving to UC\xe2\x80\xa6 https://t.co/e4VrdOv2DL'",California
2018-04-20 06:02:00,"b'RT @UCDavisMedCntr: #UCDavisGiveDay starts tomorrow at 12pm. Your support of @UCDavisHealth, @UCDMINDINST, @UCD_Cancer, @UCDavisMed, @UCDav\xe2\x80\xa6'",California
2018-04-20 05:58:14,"b"" #UCDavisGiveDay RT @UCDavisGym: We can't beat our fellow student-athletes in their respective sports, but this Give Day IT IS ON! Tomorrow we compete vs. a\xe2\x80\xa6""",California
2018-04-20 05:45:05,b' #UCDavisGiveDay RT @UCDavisBaseball: Aggie Baseball Family:\nIt\xe2\x80\x99s the time of year where you show your support and your love for UC Davis Baseball present &amp;\xe2\x80\xa6',California
2018-04-20 04:54:32,b' #UCDavisGiveDay RT @UCDavisBaseball: Aggie Baseball Family:\nIt\xe2\x80\x99s the time of year where you show your support and your love for UC Davis Baseball present &amp;\xe2\x80\xa6',California
2018-04-20 04:51:46,"b"" #UCDavisGiveDay RT @UCDavisGym: We can't beat our fellow student-athletes in their respective sports, but this Give Day IT IS ON! Tomorrow we compete vs. a\xe2\x80\xa6""",California
2018-04-20 04:32:43,b' #UCDavisGiveDay RT @UCDavisBaseball: Aggie Baseball Family:\nIt\xe2\x80\x99s the time of year where you show your support and your love for UC Davis Baseball present &amp;\xe2\x80\xa6',California
2018-04-20 04:31:51,b' #UCDavisGiveDay RT @UCDavisBaseball: Aggie Baseball Family:\nIt\xe2\x80\x99s the time of year where you show your support and your love for UC Davis Baseball present &amp;\xe2\x80\xa6',California
2018-04-20 04:27:37,"b""RT @UCDavisAggies: #EveryAggieCounts on #UCDavisGiveDay! This year's event begins Friday at noon and runs through Saturday until 5p. Click\xe2\x80\xa6""",California
2018-04-20 04:07:50,"b'RT @UCDFieldHockey: As we MOOve into #UCDavisGiveDay tomorrow, check out this special interview with our friends!\n\n #THANKMOO #EveryAggieCo\xe2\x80\xa6'",California
2018-04-20 04:03:32,b' #UCDavisGiveDay RT @UCDavisBaseball: Aggie Baseball Family:\nIt\xe2\x80\x99s the time of year where you show your support and your love for UC Davis Baseball present &amp;\xe2\x80\xa6',California
2018-04-20 04:03:00,b' #UCDavisGiveDay Aggie Baseball Family:\nIt\xe2\x80\x99s the time of year where you show your support and your love for UC Davis Baseball presen\xe2\x80\xa6 https://t.co/kCvIlTgHjU',California
2018-04-20 03:57:08,"b""RT @UCDavisAggies: #EveryAggieCounts on #UCDavisGiveDay! This year's event begins Friday at noon and runs through Saturday until 5p. Click\xe2\x80\xa6""",California
2018-04-20 03:47:07,b' #UCDavisGiveDay RT @UCDavisBaseball: Aggie Baseball Family:\nIt\xe2\x80\x99s the time of year where you show your support and your love for UC Davis Baseball present a\xe2\x80\xa6',California
2018-04-20 02:59:02,"b"" #UCDavisGiveDay RT @UCDavisGym: We can't beat our fellow student-athletes in their respective sports, but this Give Day IT IS ON! Tomorrow we compete vs. a\xe2\x80\xa6""",California
2018-04-20 02:25:24,b'RT @UCDavisGym: Reaching for 75 donations tomorrow at noon! Help us climb to get there. \xf0\x9f\xa4\x97#UCDavisGiveDay #EveryAggieCounts #GoAgs https://t\xe2\x80\xa6',California
2018-04-20 02:05:04,b'Help students realize their dreams for doctoral studies by supporting the McNairs Scholars Program. #UCDavisGiveDay\xe2\x80\xa6 https://t.co/ssKtrUq5kt',California
2018-04-20 01:43:57,b'Reaching for 75 donations tomorrow at noon! Help us climb to get there. \xf0\x9f\xa4\x97#UCDavisGiveDay #EveryAggieCounts #GoAgs https://t.co/QPqKj27OMq',California
2018-04-20 01:42:33,"b""RT @UCDavisAggies: #EveryAggieCounts on #UCDavisGiveDay! This year's event begins Friday at noon and runs through Saturday until 5p. Click\xe2\x80\xa6""",California
2018-04-20 01:19:43,"b'RT @UCDFieldHockey: As we MOOve into #UCDavisGiveDay tomorrow, check out this special interview with our friends!\n\n #THANKMOO #EveryAggieCo\xe2\x80\xa6'",California
2018-04-20 00:24:12,"b'RT @UCDAVISWSOC: Jessica Lima (Neurobiology, Physiology &amp; Behavior Major) is here with one final reminder about #UCDavisGiveDay. https://t.\xe2\x80\xa6'",California
2018-04-20 00:04:56,"b"" #UCDavisGiveDay RT @UCDavisGym: We can't beat our fellow student-athletes in their respective sports, but this Give Day IT IS ON! Tomorrow we compete vs. a\xe2\x80\xa6""",California
2018-04-20 00:04:53,b'RT @UCDavisGym: Head Coach John Lavallee presents his own Give Day challenge to the Aggie alum! #UCDavisGiveDay #EveryAggieCounts #GoAgs ht\xe2\x80\xa6',California
2018-04-19 23:59:17,b'RT @UCDavisGym: Head Coach John Lavallee presents his own Give Day challenge to the Aggie alum! #UCDavisGiveDay #EveryAggieCounts #GoAgs ht\xe2\x80\xa6',California
2018-04-19 23:58:44,"b"" #UCDavisGiveDay Today is #NationalHighFiveDay  Let's practice for when UC Davis Give Day starts tomorrow at noon!\xe2\x80\xa6 https://t.co/Ay0BZIt0KB""",California
2018-04-19 23:43:38,"b'RT @UCDavisMedCntr: #UCDavisGiveDay starts tomorrow at 12pm. Your support of @UCDavisHealth, @UCDMINDINST, @UCD_Cancer, @UCDavisMed, @UCDav\xe2\x80\xa6'",California
2018-04-19 23:37:28,b'UC Davis Give Day https://t.co/6CrZpPsB8o ##UCDavisGiveDay',California
2018-04-19 23:35:30,b'RT @UCDavisComply: @jjlavallee2 does have fun moves! This is great! \xf0\x9f\xa4\xa3\xf0\x9f\xa4\xa3\xf0\x9f\x91\x8f\xf0\x9f\x91\x8f\xf0\x9f\x99\x8c\xf0\x9f\x99\x8c\n#GoAgs #UCDavisGiveDay #EveryAggieCounts https://t.co/XYu6BTstuz',California
2018-04-19 23:23:19,b'RT @UCDavisGym: Head Coach John Lavallee presents his own Give Day challenge to the Aggie alum! #UCDavisGiveDay #EveryAggieCounts #GoAgs ht\xe2\x80\xa6',California
2018-04-19 23:20:14,b'@jjlavallee2 does have fun moves! This is great! \xf0\x9f\xa4\xa3\xf0\x9f\xa4\xa3\xf0\x9f\x91\x8f\xf0\x9f\x91\x8f\xf0\x9f\x99\x8c\xf0\x9f\x99\x8c\n#GoAgs #UCDavisGiveDay #EveryAggieCounts https://t.co/XYu6BTstuz',California
2018-04-19 23:11:23,"b"" #UCDavisGiveDay RT @UCDavisGym: We can't beat our fellow student-athletes in their respective sports, but this Give Day IT IS ON! Tomorrow we compete vs. a\xe2\x80\xa6""",California
2018-04-19 23:10:28,b'RT @UCDavisGym: Head Coach John Lavallee presents his own Give Day challenge to the Aggie alum! #UCDavisGiveDay #EveryAggieCounts #GoAgs ht\xe2\x80\xa6',California
2018-04-19 23:10:22,"b'RT @UCDavisMedCntr: #UCDavisGiveDay starts tomorrow at 12pm. Your support of @UCDavisHealth, @UCDMINDINST, @UCD_Cancer, @UCDavisMed, @UCDav\xe2\x80\xa6'",California
2018-04-19 23:09:32,b'Head Coach John Lavallee presents his own Give Day challenge to the Aggie alum! #UCDavisGiveDay #EveryAggieCounts\xe2\x80\xa6 https://t.co/UCdDENhxZ4',California
2018-04-19 23:01:25,"b'RT @UCDFieldHockey: As we MOOve into #UCDavisGiveDay tomorrow, check out this special interview with our friends!\n\n #THANKMOO #EveryAggieCo\xe2\x80\xa6'",California
2018-04-19 23:00:00,"b'#UCDavisGiveDay starts tomorrow at 12pm. Your support of @UCDavisHealth, @UCDMINDINST, @UCD_Cancer, @UCDavisMed,\xe2\x80\xa6 https://t.co/waOpGOFSS3'",California
2018-04-19 22:42:29,"b""RT @UCDavisAggies: #EveryAggieCounts on #UCDavisGiveDay! This year's event begins Friday at noon and runs through Saturday until 5p. Click\xe2\x80\xa6""",California
2018-04-19 22:30:13,b' #UCDavisGiveDay Cheers to Charlie Bamforth! The Brewing Science Advisory Board Challenge honors Charlie and this gift will continue\xe2\x80\xa6 https://t.co/c5z0OouNxn',California
2018-04-19 22:23:23,"b""#EveryAggieCounts on #UCDavisGiveDay! This year's event begins Friday at noon and runs through Saturday until 5p. C\xe2\x80\xa6 https://t.co/2bu7hNZ3wh""",California
2018-04-19 21:35:05,"b'RT @UCDFieldHockey: As we MOOve into #UCDavisGiveDay tomorrow, check out this special interview with our friends!\n\n #THANKMOO #EveryAggieCo\xe2\x80\xa6'",California
2018-04-19 21:22:11,"b'RT @UCDavisMed: #UCDavisGiveDay starts at 12pm tomorrow. #DYK: Of the 155 students enrolled in the class of 2022: 65% are women, more than\xe2\x80\xa6'",California
2018-04-19 20:57:20,b' #UCDavisGiveDay Employees have a high-flying celebration at the annual TGFS picnic. Help the college reach new heights by taking pa\xe2\x80\xa6 https://t.co/qnIPN3L242',California
2018-04-19 20:46:06,"b"" #UCDavisGiveDay RT @UCDavisGym: We can't beat our fellow student-athletes in their respective sports, but this Give Day IT IS ON! Tomorrow we compete vs. a\xe2\x80\xa6""",California
2018-04-19 20:27:30,"b'RT @UCDFieldHockey: As we MOOve into #UCDavisGiveDay tomorrow, check out this special interview with our friends!\n\n #THANKMOO #EveryAggieCo\xe2\x80\xa6'",California
2018-04-19 20:22:00,"b'#UCDavisGiveDay starts at 12pm tomorrow. #DYK: Of the 155 students enrolled in the class of 2022: 65% are women, mo\xe2\x80\xa6 https://t.co/bdfB3VbZfi'",California
2018-04-19 20:19:30,"b'As we MOOve into #UCDavisGiveDay tomorrow, check out this special interview with our friends!\n\n #THANKMOO\xe2\x80\xa6 https://t.co/1EbeCHTVjs'",California
2018-04-19 20:04:39,b'Giddy up its almost #UCDavisGiveDay! Don\xe2\x80\x99t forget to make your gift and support a modern library for the Aggies of\xe2\x80\xa6 https://t.co/YQr5jFCmiR',California
2018-04-19 19:54:05,"b"" #UCDavisGiveDay RT @UCDavisGym: We can't beat our fellow student-athletes in their respective sports, but this Give Day IT IS ON! Tomorrow we compete vs. a\xe2\x80\xa6""",California
2018-04-19 19:23:21,"b"" #UCDavisGiveDay RT @UCDavisGym: We can't beat our fellow student-athletes in their respective sports, but this Give Day IT IS ON! Tomorrow we compete vs. a\xe2\x80\xa6""",California
2018-04-19 19:21:56,"b'RT @CalAggieAlumni: #UCDavisGIveDay starts this Friday, April 20 at 12 - learn more at https://t.co/F2HHRc3hjc #EveryAggieCounts https://t.\xe2\x80\xa6'",California
2018-04-19 19:14:46,"b"" #UCDavisGiveDay RT @UCDavisGym: We can't beat our fellow student-athletes in their respective sports, but this Give Day IT IS ON! Tomorrow we compete vs. a\xe2\x80\xa6""",California
2018-04-19 19:12:49,b'RT @UCDavisMBB: BE the player of the game &amp; #give to #ucdavismbb on #ucdavisGiveDay -  @ucdpicnicday @ucdavis - click link in bio! https://\xe2\x80\xa6',California
2018-04-19 19:11:12,"b"" #UCDavisGiveDay RT @UCDavisGym: We can't beat our fellow student-athletes in their respective sports, but this Give Day IT IS ON! Tomorrow we compete vs. a\xe2\x80\xa6""",California
2018-04-19 19:00:03,b'Support research for a low carbon future by giving to #ITSDavis. Join us and @ucdavis for #UCDavisGiveDay 2018 star\xe2\x80\xa6 https://t.co/DExvTjS0dG',California
2018-04-19 18:56:36,"b"" #UCDavisGiveDay RT @UCDavisGym: We can't beat our fellow student-athletes in their respective sports, but this Give Day IT IS ON! Tomorrow we compete vs. a\xe2\x80\xa6""",California
2018-04-19 18:53:47,"b"" #UCDavisGiveDay We can't beat our fellow student-athletes in their respective sports, but this Give Day IT IS ON! Tomorrow we compe\xe2\x80\xa6 https://t.co/NeadiCqzmv""",California
2018-04-19 18:51:43,b'Such a fun way to promote #UCDavisGiveDay! https://t.co/ac2AU8PIjt',California
2018-04-19 18:32:21,b'RT @AnnaRTemple: Tomorrow is #UCDavisGiveDay \xf0\x9f\x8e\x89 Join me in giving to @UCDavisWGolf or whatever your passion @ucdavis may be! #EveryAggieCoun\xe2\x80\xa6',California
2018-04-19 18:20:16,"b""Less than 25 hours til' #UCDavisGiveDay kicks off! Click on the link below if you want to give! Remember, 100% of t\xe2\x80\xa6 https://t.co/ev4aAaWwm7""",California
2018-04-19 18:15:30,"b'RT @UCD_VirtualCare: Tomorrow is #UCDavisGiveDay. Check out the video of @Chancellor_May in our #simulation suite, and don\xe2\x80\x99t forget to dona\xe2\x80\xa6'",California
2018-04-19 18:12:33,"b'Tomorrow is #UCDavisGiveDay. Check out the video of @Chancellor_May in our #simulation suite, and don\xe2\x80\x99t forget to d\xe2\x80\xa6 https://t.co/OdqatvITlg'",California
2018-04-19 18:10:31,b'@UCDavisGiveDay starts Friday at noon. Follow Spock\xe2\x80\x99s advice. #EveryAggieCounts #UCDavisGiveDay @UCDavisBaseball https://t.co/GK1n6iy2C3',California
2018-04-19 17:24:41,b'BE the player of the game &amp; #give to #ucdavismbb on #ucdavisGiveDay -  @ucdpicnicday @ucdavis - click link in bio! https://t.co/CB5LFsUkca',California
2018-04-19 16:42:11,b'UC Davis Give Day https://t.co/PwuxTH17Q3 ##UCDavisGiveDay',California
2018-04-19 16:15:12,b'Tomorrow is #giveday @ucdavis #UCDavisGiveDay #EveryAggieCounts https://t.co/g5Y7v6GLNB',California
2018-04-19 16:00:17,"b'Jessica Lima (Neurobiology, Physiology &amp; Behavior Major) is here with one final reminder about #UCDavisGiveDay. https://t.co/hSfdrAIPNl'",California
2018-04-19 15:37:51,"b"" #UCDavisGiveDay Don't miss the chance to multiply your impact thanks to gift matching opportunities from some of our most generous\xe2\x80\xa6 https://t.co/D5s6Dzh0FF""",California
2018-04-19 15:30:25,b' #UCDavisGiveDay The Ecogeomorphology Challenge supports student\xe2\x80\x99s exploration of the great outdoors. This challenge honor\xe2\x80\x99s the don\xe2\x80\xa6 https://t.co/y73GS19keL',California
2018-04-19 15:06:00,"b' #UCDavisGiveDay #DYK that the @UCDMINDINST is an international research facility providing much needed information, education and o\xe2\x80\xa6 https://t.co/VS3cqmJjw3'",California
2018-04-19 14:32:38,b'Tomorrow is #UCDavisGiveDay \xf0\x9f\x8e\x89 Join me in giving to @UCDavisWGolf or whatever your passion @ucdavis may be!\xe2\x80\xa6 https://t.co/BfZmxJvx1F',California
2018-04-19 14:25:31,"b'Happy #UCDavisGiveDay eve! Our student athletes get the best combination of academics, athletics, and personal grow\xe2\x80\xa6 https://t.co/siUKzXbRZ5'",California
2018-04-19 14:18:36,b'@JaimeHeppler @AnnaRTemple @APMortgageCA @UCDavisStaff Thanks Jaime! We truly appreciate your support this #UCDavisGiveDay',California
2018-04-19 14:07:15,b' #UCDavisGiveDay RT @UCDavisCoE: We are grateful for the many ways Dean Jennifer Curtis invests in the UC Davis College of Engineering. Join @dolorescocurti\xe2\x80\xa6',California
2018-04-19 05:33:34,"b""RT @tinajeoh: Support #UCDavisBAE's #SmartFarm Challenge during #UCDavisGiveDay! https://t.co/7S73ggjQGx""",California
2018-04-19 05:33:25,b' #UCDavisGiveDay RT @UCDavisCoE: We are grateful for the many ways Dean Jennifer Curtis invests in the UC Davis College of Engineering. Join @dolorescocurti\xe2\x80\xa6',California
2018-04-19 05:06:34,b'RT @UCDavisMBB: Dish one to your #aggies for #UCDavisGIveDay . 12pm - Friday #EveryAggieCounts https://t.co/Q3ps8S6qCj',California
2018-04-19 04:29:15,b'RT @UCDFieldHockey: AYE ITS ALMOST GIVE DAY! \n\n#ucdavisgiveday is 2\xef\xb8\x8f\xe2\x83\xa3 days away! \n\n#goags! #EveryAggieCounts https://t.co/eUjxqRsv4L',California
2018-04-19 03:01:04,b'RT @aggielax: Don\xe2\x80\x99t forget to Give to your favorite UC Davis Lacrosse team! #UCDavisGiveDay #GoAgs #EveryAggieCounts https://t.co/njhVzISeyI',California
2018-04-19 02:45:53,b'RT @ucdavis: Our second annual #UCDavisGiveDay kicks off this Friday! https://t.co/SFSBoWVEFC',California
2018-04-19 02:45:46,b' #UCDavisGiveDay RT @JaimeHeppler: I love my job at UC Davis and as a staff member I know how important it is to give back! I am proud to support Head Coach\xe2\x80\xa6',California
2018-04-19 02:45:35,b'RT @ucdavis: Our second annual #UCDavisGiveDay kicks off this Friday! https://t.co/SFSBoWVEFC',California
2018-04-19 02:45:04,b'Our second annual #UCDavisGiveDay kicks off this Friday! https://t.co/SFSBoWVEFC',California
2018-04-19 02:15:05,b' #UCDavisGiveDay Your gift will have global impact when you give to the Research and Innovation Fellowship of Agriculture (\xe2\x80\xa6 https://t.co/X19m8g9aG7',California
2018-04-19 01:32:22,b'#UCDavisGiveDay is almost here. Join us and show your Aggie pride by supporting life sciences: https://t.co/l9ur9UBeWH',California
2018-04-19 01:06:25,b'RT @UCDavisMBB: Dish one to your #aggies for #UCDavisGIveDay . 12pm - Friday #EveryAggieCounts https://t.co/Q3ps8S6qCj',California
2018-04-18 23:57:17,"b'RT @UcDavisMWP: Right around the corner!\nGiveDay, April 20 - 21. \nGive here: https://t.co/rDYWFW0DJu\xe2\x80\xa6 \n#UCDavisGiveDay #EveryAggieCounts #G\xe2\x80\xa6'",California
2018-04-18 23:55:26,b'Dish one to your #aggies for #UCDavisGIveDay . 12pm - Friday #EveryAggieCounts https://t.co/Q3ps8S6qCj',California
2018-04-18 23:34:24,b'RT @UCDAVISWSOC: Captain Ari Zamora reminds us that there are just 2 days left until #UCDavisGiveDay. Ari is a is Biological Sciences Major\xe2\x80\xa6',California
2018-04-18 23:18:01,"b'Right around the corner!\nGiveDay, April 20 - 21. \nGive here: https://t.co/rDYWFW0DJu\xe2\x80\xa6 \n#UCDavisGiveDay\xe2\x80\xa6 https://t.co/0GuQKYNRQB'",California
2018-04-18 23:17:58,"b'RT @CalAggieAlumni: #UCDavisGIveDay starts this Friday, April 20 at 12 - learn more at https://t.co/F2HHRc3hjc #EveryAggieCounts https://t.\xe2\x80\xa6'",California
2018-04-18 23:09:18,"b""RT @UCDavisWBB: 3 days to go til' #UCDavisGiveDay ! Help us reach 100 donations and each donation will be matched Bob &amp; Cathy Kerr up to $3\xe2\x80\xa6""",California
2018-04-18 23:08:20,"b'RT @CalAggieAlumni: #UCDavisGIveDay starts this Friday, April 20 at 12 - learn more at https://t.co/F2HHRc3hjc #EveryAggieCounts https://t.\xe2\x80\xa6'",California
2018-04-18 23:03:36,"b'RT @CalAggieAlumni: #UCDavisGIveDay starts this Friday, April 20 at 12 - learn more at https://t.co/F2HHRc3hjc #EveryAggieCounts https://t.\xe2\x80\xa6'",California
2018-04-18 23:01:25,"b'#UCDavisGIveDay starts this Friday, April 20 at 12 - learn more at https://t.co/F2HHRc3hjc #EveryAggieCounts https://t.co/yP0e2mwb3w'",California
2018-04-18 22:05:06,"b""RT @UCDavisWBB: 3 days to go til' #UCDavisGiveDay ! Help us reach 100 donations and each donation will be matched Bob &amp; Cathy Kerr up to $3\xe2\x80\xa6""",California
2018-04-18 21:58:45,b'https://t.co/lIaqCn1q33 Coach L is getting fired up about Give Day! #UCDavisGiveDay',California
2018-04-18 21:46:16,"b' #UCDavisGiveDay RT @ucdavisCAES: Your gift can multiply when you give to the Managerial Economics Scholarship Challenge. Give to this challenge, sponsored\xe2\x80\xa6'",California
2018-04-18 21:27:13,"b' #UCDavisGiveDay RT @UCDavisFCG: The @FarrahFawcettFN will provide a $13,000 gift to @UCD_Cancer in support of the UC Davis Adolescent and Young Adults (AYA\xe2\x80\xa6'",California
2018-04-18 21:27:09,"b""RT @UCDavisFCG: The 2nd annual #UCDavisGiveDay is almost here &amp; this year we've secured 3 challenge gifts to unlock with support from the a\xe2\x80\xa6""",California
2018-04-18 21:25:03,"b' #UCDavisGiveDay RT @UCDavisFCG: The @FarrahFawcettFN will provide a $13,000 gift to @UCD_Cancer in support of the UC Davis Adolescent and Young Adults (AYA\xe2\x80\xa6'",California
2018-04-18 21:15:45,b' #UCDavisGiveDay I love my job at UC Davis and as a staff member I know how important it is to give back! I am proud to support Head\xe2\x80\xa6 https://t.co/hHW7L1dOwh',California
2018-04-18 21:07:32,b' #UCDavisGiveDay We are grateful for the many ways Dean Jennifer Curtis invests in the UC Davis College of Engineering. Join\xe2\x80\xa6 https://t.co/Z5qN8K12Ls',California
2018-04-18 21:06:04,b'RT @UCDFieldHockey: AYE ITS ALMOST GIVE DAY! \n\n#ucdavisgiveday is 2\xef\xb8\x8f\xe2\x83\xa3 days away! \n\n#goags! #EveryAggieCounts https://t.co/eUjxqRsv4L',California
2018-04-18 21:00:49,"b'RT @UCDavisComply: Very impressive, @UCDavisGym!! \xf0\x9f\x98\x80\xf0\x9f\x91\x8f\xf0\x9f\x91\x8f\nAre there any fun moves @jjlavallee2 can do?!\n#GoAgs #UCDavisGiveDay #EveryAggieCount\xe2\x80\xa6'",California
2018-04-18 20:57:07,"b""Support #UCDavisBAE's #SmartFarm Challenge during #UCDavisGiveDay! https://t.co/7S73ggjQGx""",California
2018-04-18 20:23:19,b'RT @UCDAVISWSOC: Captain Ari Zamora reminds us that there are just 2 days left until #UCDavisGiveDay. Ari is a is Biological Sciences Major\xe2\x80\xa6',California
2018-04-18 20:08:50,b' #UCDavisGiveDay Where does health innovation soar? @UCDavisHealth of course! Give Day is coming! Help @UCDavisHealth reach its goal\xe2\x80\xa6 https://t.co/oatc2Y89y7',California
2018-04-18 19:47:44,b'RT @UCDFieldHockey: AYE ITS ALMOST GIVE DAY! \n\n#ucdavisgiveday is 2\xef\xb8\x8f\xe2\x83\xa3 days away! \n\n#goags! #EveryAggieCounts https://t.co/eUjxqRsv4L',California
2018-04-18 19:43:04,"b'RT @UCDavisMedCntr: This #UCDavisGiveDay, you can support @UCDavisHealth. Our doctors, nurses and caregivers work day and night to treat an\xe2\x80\xa6'",California
2018-04-18 19:08:06,b'RT @UCDFieldHockey: AYE ITS ALMOST GIVE DAY! \n\n#ucdavisgiveday is 2\xef\xb8\x8f\xe2\x83\xa3 days away! \n\n#goags! #EveryAggieCounts https://t.co/eUjxqRsv4L',California
2018-04-18 18:54:59,b'AYE ITS ALMOST GIVE DAY! \n\n#ucdavisgiveday is 2\xef\xb8\x8f\xe2\x83\xa3 days away! \n\n#goags! #EveryAggieCounts https://t.co/eUjxqRsv4L',California
2018-04-18 18:30:20,"b' #UCDavisGiveDay Your gift can multiply when you give to the Managerial Economics Scholarship Challenge. Give to this challenge, spo\xe2\x80\xa6 https://t.co/IYtl9yr1oV'",California
2018-04-18 18:04:49,"b""3 days to go til' #UCDavisGiveDay ! Help us reach 100 donations and each donation will be matched Bob &amp; Cathy Kerr\xe2\x80\xa6 https://t.co/DP330O6jNF""",California
2018-04-18 17:56:43,b' #UCDavisGiveDay RT @UCDavis_LandS: The Shinkoskey free noon concerts bring music from artists of all genres to campus such as tar player Samandar Dehghani\xe2\x80\xa6',California
2018-04-18 17:52:25,"b"" #UCDavisGiveDay Check out this awesome challenge benefiting your @aggielax student-athletes! Be sure to donate to Aggie Women's Lac\xe2\x80\xa6 https://t.co/cizyZyk3G9""",California
2018-04-18 17:29:43,b' #UCDavisGiveDay RT @jklnewlin: Let\xe2\x80\x99s go @UCDAVISWSOC alum! My mom (the ultimate soccer mom) would have been so proud of us supporting this amazing program\xe2\x80\xa6',California
2018-04-18 17:26:15,b'#UCDavisGiveDay 12pm 4/20/18 to 5pm 4/21/18 #EveryAggieCounts @UCDavisBaseball https://t.co/nuJja0QVCx',California
2018-04-18 17:23:02,"b'#UCDavisGiveDay kicks off this Friday, April 20! Your gift, no matter the size, can have a tremendous influence on\xe2\x80\xa6 https://t.co/Hld03yLSVS'",California
2018-04-18 17:21:24,b' #UCDavisGiveDay The Shinkoskey free noon concerts bring music from artists of all genres to campus such as tar player Samandar Dehg\xe2\x80\xa6 https://t.co/ZfWgpusyAg',California
2018-04-18 16:53:14,b' #UCDavisGiveDay RT @jklnewlin: Let\xe2\x80\x99s go @UCDAVISWSOC alum! My mom (the ultimate soccer mom) would have been so proud of us supporting this amazing program\xe2\x80\xa6',California
2018-04-18 16:53:10,b'RT @UCDAVISWSOC: Captain Ari Zamora reminds us that there are just 2 days left until #UCDavisGiveDay. Ari is a is Biological Sciences Major\xe2\x80\xa6',California
2018-04-18 16:46:59,"b' #UCDavisGiveDay RT @UCDavisFCG: The @FarrahFawcettFN will provide a $13,000 gift to @UCD_Cancer in support of the UC Davis Adolescent and Young Adults (AYA\xe2\x80\xa6'",California
2018-04-18 16:10:06,"b' #UCDavisGiveDay If 100 #UCDavis staff &amp; faculty members give to any program on Give Day, a $10,000 gift from American Pacific Mortg\xe2\x80\xa6 https://t.co/V6f393MMct'",California
2018-04-18 16:00:42,b'Captain Ari Zamora reminds us that there are just 2 days left until #UCDavisGiveDay. Ari is a is Biological Science\xe2\x80\xa6 https://t.co/IgNmN1Voxu',California
2018-04-18 15:51:40,"b"" #UCDavisGiveDay GIVE DAY 2018 is just a couple days away.  This April 20-21 please consider supporting UC Davis Men's Soccer! Your\xe2\x80\xa6 https://t.co/4o7zfNzIgu""",California
2018-04-18 15:39:14,"b' #UCDavisGiveDay The Managerial Economics Scholarship Challenge by Yolo Federal Credit Union will unlock a $5,000 Scholarship if 20\xe2\x80\xa6 https://t.co/T0LG36N6Qx'",California
2018-04-18 15:14:13,"b' #UCDavisGiveDay The @FarrahFawcettFN will provide a $13,000 gift to @UCD_Cancer in support of the UC Davis Adolescent and Young Adu\xe2\x80\xa6 https://t.co/fZ9h160yYF'",California
2018-04-18 15:14:00,"b'Very impressive, @UCDavisGym!! \xf0\x9f\x98\x80\xf0\x9f\x91\x8f\xf0\x9f\x91\x8f\nAre there any fun moves @jjlavallee2 can do?!\n#GoAgs #UCDavisGiveDay\xe2\x80\xa6 https://t.co/dckhyqOw7S'",California
2018-04-18 14:55:06,"b""The 2nd annual #UCDavisGiveDay is almost here &amp; this year we've secured 3 challenge gifts to unlock with support fr\xe2\x80\xa6 https://t.co/CDD1FsCK6L""",California
2018-04-18 14:39:56,b'RT @stegabos: Show some Aggie love for UC Davis on Give Day!\n#everyaggiecounts #ucdavisgiveday https://t.co/3fbMSZDrNP',California
2018-04-18 14:39:39,b'Show some Aggie love for UC Davis on Give Day!\n#everyaggiecounts #ucdavisgiveday https://t.co/3fbMSZDrNP',California
2018-04-18 05:03:34,b'RT @UCDavisCoE: Support the #UCDavisEngineering cause that matters to you. Join us for #UCDavisGiveDay 2018 starting this Friday 4/20 throu\xe2\x80\xa6',California
2018-04-18 04:53:00,b' #UCDavisGiveDay RT @UCDAVISWSOC: Thanks to Aggie Alum @jklnewlin for challenging our donor community \xe2\x80\x93 when women\xe2\x80\x99s soccer receives 50 donations on Give Da\xe2\x80\xa6',California
2018-04-18 04:51:05,b' #UCDavisGiveDay RT @jklnewlin: Let\xe2\x80\x99s go @UCDAVISWSOC alum! My mom (the ultimate soccer mom) would have been so proud of us supporting this amazing program\xe2\x80\xa6',California
2018-04-18 04:35:33,b' #UCDavisGiveDay Let\xe2\x80\x99s go @UCDAVISWSOC alum! My mom (the ultimate soccer mom) would have been so proud of us supporting this amazing\xe2\x80\xa6 https://t.co/rcPDDVSrOw',California
2018-04-18 04:20:49,b' #UCDavisGiveDay RT @UCDavisGym: These student-athletes are imPRESSive. Help us take the Aggies to the next level this Friday on Give Day! A generous alum w\xe2\x80\xa6',California
2018-04-18 03:56:52,b' #UCDavisGiveDay RT @UCDavisBaseball: Aggie Baseball Family:\nIt\xe2\x80\x99s the time of year where you show your support and your love for UC Davis Baseball present a\xe2\x80\xa6',California
2018-04-18 03:48:05,"b'This #UCDavisGiveDay, you can support @UCDavisHealth. Our doctors, nurses and caregivers work day and night to trea\xe2\x80\xa6 https://t.co/7BVkC3Kq6s'",California
2018-04-18 03:45:23,b'RT @UCDVolleyball: Happy (or not) Tax Day! We have a few suggestions for you...\n#UCDavisGiveDay #EveryAggieCounts #GoAgs https://t.co/dMITG\xe2\x80\xa6',California
2018-04-18 03:21:46,b' #UCDavisGiveDay RT @UCDavisBaseball: Aggie Baseball Family:\nIt\xe2\x80\x99s the time of year where you show your support and your love for UC Davis Baseball present a\xe2\x80\xa6',California
2018-04-18 03:18:16,b'RT @UCDAVISWSOC: #UCDavisGiveDay is almost here. Courtney Van Winkle is a Civil Engineering Major and @UCDAVISWSOC Midfielder. To support C\xe2\x80\xa6',California
2018-04-18 03:14:44,"b'RT @UCDFieldHockey: \xf0\x9f\x92\xa5HEY\xf0\x9f\x92\xa5\n\n#UCDavisGiveDay is only a few days away!\n\nThese ladies are ready to go, are you!?\n\n#whowillbefirst #EveryAggieCo\xe2\x80\xa6'",California
2018-04-18 02:43:21,"b'This Friday and Saturday, from April 20th at 12pm to the 21st at 5pm, is #UCDavisGiveDay. If just 10 people partici\xe2\x80\xa6 https://t.co/lISR46V9e7'",California
2018-04-18 02:03:35,b'RT @aggielax: Don\xe2\x80\x99t forget to Give to your favorite UC Davis Lacrosse team! #UCDavisGiveDay #GoAgs #EveryAggieCounts https://t.co/njhVzISeyI',California
2018-04-18 01:41:13,"b'\xf0\x9f\x92\xa5HEY\xf0\x9f\x92\xa5\n\n#UCDavisGiveDay is only a few days away!\n\nThese ladies are ready to go, are you!?\n\n#whowillbefirst\xe2\x80\xa6 https://t.co/zjXFCPBPSH'",California
2018-04-18 01:33:36,b' #UCDavisGiveDay Guess who is the #1 Credit Union serving Yolo County for 17 straight years? Answer: @YoloFCU Support the UC Davis M\xe2\x80\xa6 https://t.co/VVgISt1v3b',California
2018-04-18 01:33:08,b' #UCDavisGiveDay RT @UCDAVISWSOC: Thanks to Aggie Alum @jklnewlin for challenging our donor community \xe2\x80\x93 when women\xe2\x80\x99s soccer receives 50 donations on Give Da\xe2\x80\xa6',California
2018-04-18 00:08:53,b'RT @aggielax: Don\xe2\x80\x99t forget to Give to your favorite UC Davis Lacrosse team! #UCDavisGiveDay #GoAgs #EveryAggieCounts https://t.co/njhVzISeyI',California
2018-04-18 00:08:07,b'RT @aggielax: Don\xe2\x80\x99t forget to Give to your favorite UC Davis Lacrosse team! #UCDavisGiveDay #GoAgs #EveryAggieCounts https://t.co/njhVzISeyI',California
2018-04-18 00:07:55,"b""RT @UCD_Development: We're only 2 days, 19 hours and 55 minutes away from #UCDavisGiveDay where #EveryAggieCounts. Combined, we can change\xe2\x80\xa6""",California
2018-04-18 00:05:37,"b""RT @UCD_Development: We're only 2 days, 19 hours and 55 minutes away from #UCDavisGiveDay where #EveryAggieCounts. Combined, we can change\xe2\x80\xa6""",California
2018-04-18 00:01:31,b' #UCDavisGiveDay RT @UCDAVISWSOC: Thanks to Aggie Alum @jklnewlin for challenging our donor community \xe2\x80\x93 when women\xe2\x80\x99s soccer receives 50 donations on Give Da\xe2\x80\xa6',California
2018-04-17 23:55:06,b'RT @aggielax: Don\xe2\x80\x99t forget to Give to your favorite UC Davis Lacrosse team! #UCDavisGiveDay #GoAgs #EveryAggieCounts https://t.co/njhVzISeyI',California
2018-04-17 23:39:36,b' #UCDavisGiveDay RT @UCDavisGym: These student-athletes are imPRESSive. Help us take the Aggies to the next level this Friday on Give Day! A generous alum w\xe2\x80\xa6',California
2018-04-17 23:30:46,"b' #UCDavisGiveDay UC Davis Give Day starts this Friday at noon, but you can give a gift today through our college\xe2\x80\x99s website. Every gi\xe2\x80\xa6 https://t.co/glGtOoH9es'",California
2018-04-17 23:08:00,"b""We're only 2 days, 19 hours and 55 minutes away from #UCDavisGiveDay where #EveryAggieCounts. Combined, we can chan\xe2\x80\xa6 https://t.co/hrikr5az5m""",California
2018-04-17 23:03:24,b' #UCDavisGiveDay RT @UCDavisGym: These student-athletes are imPRESSive. Help us take the Aggies to the next level this Friday on Give Day! A generous alum w\xe2\x80\xa6',California
2018-04-17 22:53:55,b' #UCDavisGiveDay Thanks to Aggie Alum @jklnewlin for challenging our donor community \xe2\x80\x93 when women\xe2\x80\x99s soccer receives 50 donations on\xe2\x80\xa6 https://t.co/DgNfuXDNve',California
2018-04-17 22:24:40,"b"" #UCDavisGiveDay RT @UCDavisWBB: UC Davis Give Day is only 4 days away! 100% of donations given in our programs name go to our women's basketball program! #\xe2\x80\xa6""",California
2018-04-17 22:00:43,"b' #UCDavisGiveDay Our vision is that all students, from kindergarten to college, can have a quality education regardless of where the\xe2\x80\xa6 https://t.co/yls48OOCiE'",California
2018-04-17 21:49:53,b'Happy (or not) Tax Day! We have a few suggestions for you...\n#UCDavisGiveDay #EveryAggieCounts #GoAgs https://t.co/dMITG1f5Km',California
2018-04-17 21:48:33,b'RT @UCDavisMBB: Drop some dimes for #ucdavisgiveday &amp; it will be a game changer for your #ucdavismbb #aggies @ucdavis https://t.co/Rhix13Rk\xe2\x80\xa6',California
2018-04-17 21:27:06,b'RT @aggielax: Don\xe2\x80\x99t forget to Give to your favorite UC Davis Lacrosse team! #UCDavisGiveDay #GoAgs #EveryAggieCounts https://t.co/njhVzISeyI',California
2018-04-17 21:12:04,b'Don\xe2\x80\x99t forget to Give to your favorite UC Davis Lacrosse team! #UCDavisGiveDay #GoAgs #EveryAggieCounts https://t.co/njhVzISeyI',California
2018-04-17 21:01:20,b'Drop some dimes for #ucdavisgiveday &amp; it will be a game changer for your #ucdavismbb #aggies @ucdavis https://t.co/Rhix13RkQg',California
2018-04-17 21:00:32,b' #UCDavisGiveDay RT @UCDavisGym: These student-athletes are imPRESSive. Help us take the Aggies to the next level this Friday on Give Day! A generous alum w\xe2\x80\xa6',California
2018-04-17 20:33:53,b' #UCDavisGiveDay RT @UCDavisGym: These student-athletes are imPRESSive. Help us take the Aggies to the next level this Friday on Give Day! A generous alum w\xe2\x80\xa6',California
2018-04-17 20:30:18,b' #UCDavisGiveDay RT @UCDavisGym: These student-athletes are imPRESSive. Help us take the Aggies to the next level this Friday on Give Day! A generous alum w\xe2\x80\xa6',California
2018-04-17 20:20:19,"b' #UCDavisGiveDay RT @UcDavisMWP: Our student athletes benefit directly from your contribution on #GiveDay, April 20 - 21. \nGive here: https://t.co/BC11iJjZB\xe2\x80\xa6'",California
2018-04-17 19:56:37,"b' #UCDavisGiveDay Our student athletes benefit directly from your contribution on #GiveDay, April 20 - 21. \nGive here:\xe2\x80\xa6 https://t.co/QsZWueK1AF'",California
2018-04-17 19:49:43,b' #UCDavisGiveDay These student-athletes are imPRESSive. Help us take the Aggies to the next level this Friday on Give Day! A generou\xe2\x80\xa6 https://t.co/bvpuNku90G',California
2018-04-17 19:38:56,"b' #UCDavisGiveDay RT @JaimeHeppler: Did you know #farrahfawcett died of anal cancer, and that the CDC has found that high-risk human papilloma viruses (HPV)\xe2\x80\xa6'",California
2018-04-17 19:36:28,"b"" #UCDavisGiveDay UC Davis Give Day is only 4 days away! 100% of donations given in our programs name go to our women's basketball pr\xe2\x80\xa6 https://t.co/yTGJQBqrKC""",California
2018-04-17 18:59:14,b'Anyone looking for something to do with that tax refund?? #UCDavisGiveDay #FundAggieChem #EveryAggieCounts\xe2\x80\xa6 https://t.co/i7YVTR1uIN',California
2018-04-17 18:50:00,"b'This Friday, you can join #UCDavisGiveDay and support @UCD_Cancer. Your gift supports critical research, effective\xe2\x80\xa6 https://t.co/Mg8UJrLQdV'",California
2018-04-17 16:23:53,b'RT @UCDavisCoE: Support the #UCDavisEngineering cause that matters to you. Join us for #UCDavisGiveDay 2018 starting this Friday 4/20 throu\xe2\x80\xa6',California
2018-04-17 16:22:02,b'Support the #UCDavisEngineering cause that matters to you. Join us for #UCDavisGiveDay 2018 starting this Friday 4/\xe2\x80\xa6 https://t.co/87kf7YMwkT',California
2018-04-17 16:00:55,b'#UCDavisGiveDay is almost here. Courtney Van Winkle is a Civil Engineering Major and @UCDAVISWSOC Midfielder. To su\xe2\x80\xa6 https://t.co/AVc2iK51cv',California
2018-04-17 16:00:31,b'#UCDavisGiveDay is in 3 DAYS coinciding with @ucdpicnicday! Help raise funds for chemistry in 2 ways: Chemistry Und\xe2\x80\xa6 https://t.co/0V3HVBL451',California
2018-04-17 04:21:18,b'RT @UCDavisMBB: Give @ucdavismbb an assist for #ucdavisgiveday 2018 #EveryAggieCounts #GoAgs  https://t.co/YUOxZTRCMk https://t.co/5jmsR5Gd\xe2\x80\xa6',California
2018-04-17 04:01:10,b'RT @UCDavisMBB: Give @ucdavismbb an assist for #ucdavisgiveday 2018 #EveryAggieCounts #GoAgs  https://t.co/YUOxZTRCMk https://t.co/5jmsR5Gd\xe2\x80\xa6',California
2018-04-17 03:58:25,b'RT @DavidCookeMD: #UCDavisGiveDay 2018 Is coming up!  You can help support our innovative @UCDavisHealth Thoracic Surgery Residency by clic\xe2\x80\xa6',California
2018-04-17 03:34:16,b' #UCDavisGiveDay Looking for your dream home? Support UC Davis Give Day and the @AmericanPacMTG Employee Giving Challenge by visitin\xe2\x80\xa6 https://t.co/wh5hmi0SRV',California
2018-04-17 03:33:33,"b' #UCDavisGiveDay RT @UCDFieldHockey: Check out our latest pledge! Big thanks to our Alumni Casey! \n\nGive day is 4 days away, who will be next!? \n\nRead Casey\xe2\x80\xa6'",California
2018-04-17 03:33:22,b'RT @UCDFieldHockey: Inspired to participate in #UCDavisGiveDay? #EveryAggieCounts! Here is the link. The countdown will become a simple don\xe2\x80\xa6',California
2018-04-17 02:37:40,b'RT @UCDFieldHockey: Inspired to participate in #UCDavisGiveDay? #EveryAggieCounts! Here is the link. The countdown will become a simple don\xe2\x80\xa6',California
2018-04-17 02:37:12,b'Inspired to participate in #UCDavisGiveDay? #EveryAggieCounts! Here is the link. The countdown will become a simple\xe2\x80\xa6 https://t.co/wzkjhbk6aN',California
2018-04-17 02:18:05,"b' #UCDavisGiveDay RT @UCDFieldHockey: Check out our latest pledge! Big thanks to our Alumni Casey! \n\nGive day is 4 days away, who will be next!? \n\nRead Casey\xe2\x80\xa6'",California
2018-04-17 01:26:24,b'RT @UCDavisMBB: Give @ucdavismbb an assist for #ucdavisgiveday 2018 #EveryAggieCounts #GoAgs  https://t.co/YUOxZTRCMk https://t.co/5jmsR5Gd\xe2\x80\xa6',California
2018-04-17 01:05:20,b'RT @UCDavisMBB: Give @ucdavismbb an assist for #ucdavisgiveday 2018 #EveryAggieCounts #GoAgs  https://t.co/YUOxZTRCMk https://t.co/5jmsR5Gd\xe2\x80\xa6',California
2018-04-17 00:48:25,b'RT @UCDavisMBB: Give @ucdavismbb an assist for #ucdavisgiveday 2018 #EveryAggieCounts #GoAgs  https://t.co/YUOxZTRCMk https://t.co/5jmsR5Gd\xe2\x80\xa6',California
2018-04-17 00:26:26,b'Give @ucdavismbb an assist for #ucdavisgiveday 2018 #EveryAggieCounts #GoAgs  https://t.co/YUOxZTRCMk https://t.co/5jmsR5GdBk',California
2018-04-17 00:16:35,"b""RT @UCDavisWBB: 5 days to go til' Give Day! Stay tuned as the week goes on for more details! #UCDavisGiveDay #EveryAggieCounts #GoAgs https\xe2\x80\xa6""",California
2018-04-17 00:06:06,"b' #UCDavisGiveDay Check out our latest pledge! Big thanks to our Alumni Casey! \n\nGive day is 4 days away, who will be next!? \n\nRead C\xe2\x80\xa6 https://t.co/Rk9ht2vV9M'",California
2018-04-16 23:39:31,b' #UCDavisGiveDay RT @UCDavisBaseball: Aggie Baseball Family:\nIt\xe2\x80\x99s the time of year where you show your support and your love for UC Davis Baseball present a\xe2\x80\xa6',California
2018-04-16 23:23:11,b'RT @UCDavisWGolf: 5 days until #UCDavisGiveDay \xf0\x9f\x8e\x89 Join us in making a gift on Friday/Saturday at https://t.co/Jyctl4ncy6\n#EveryAggieCounts #\xe2\x80\xa6',California
2018-04-16 22:56:02,b'The second annual #UCDavisGiveDay happens this Friday-Saturday! Your donation to @UCDavisMed helps support future p\xe2\x80\xa6 https://t.co/fUBxAR6gJh',California
2018-04-16 22:48:35,b' #UCDavisGiveDay RT @UCDavisBaseball: Aggie Baseball Family:\nIt\xe2\x80\x99s the time of year where you show your support and your love for UC Davis Baseball present a\xe2\x80\xa6',California
2018-04-16 22:45:51,b' #UCDavisGiveDay Aggie Baseball Family:\nIt\xe2\x80\x99s the time of year where you show your support and your love for UC Davis Baseball presen\xe2\x80\xa6 https://t.co/tDfKNNsVN7',California
2018-04-16 22:29:59,"b' #UCDavisGiveDay RT @JaimeHeppler: Did you know #farrahfawcett died of anal cancer, and that the CDC has found that high-risk human papilloma viruses (HPV)\xe2\x80\xa6'",California
2018-04-16 21:50:23,"b""5 days to go til' Give Day! Stay tuned as the week goes on for more details! #UCDavisGiveDay #EveryAggieCounts\xe2\x80\xa6 https://t.co/j9EBwshZNQ""",California
2018-04-16 19:55:16,"b""Can't wait for Give Day!  #UCDavisGiveDay #everyaggiecounts #goags April 20 https://t.co/vh3g5UJH43""",California
2018-04-16 18:54:25,b' #UCDavisGiveDay RT @UCDAVISWSOC: Alexis Smith is a record holding @UCDAVISWSOC GK who is majoring in Materials Science &amp; Engineering. She is here to remind\xe2\x80\xa6',California
2018-04-16 18:20:37,"b' #UCDavisGiveDay Did you know #farrahfawcett died of anal cancer, and that the CDC has found that high-risk human papilloma viruses\xe2\x80\xa6 https://t.co/tfJ7fGWJQz'",California
2018-04-16 17:54:23,"b'Our graduate programs are phenomenal. Proud to support these incredible students on #ucdavisgiveday, especially the\xe2\x80\xa6 https://t.co/l7VycmppzP'",California
2018-04-16 17:51:08,b'#UCDavisGiveDay #EveryAggieCounts What are you passionate about? What areas do you want to help make a difference i\xe2\x80\xa6 https://t.co/7vFss8SSyf',California
2018-04-16 17:42:04,"b' #UCDavisGiveDay Did you know about 70,000 Adolescent and Young Adults ranging from ages 15-39 are diagnosed with cancer each year i\xe2\x80\xa6 https://t.co/iFKSydu3EF'",California
2018-04-16 17:40:09,b'RT @DavidCookeMD: #UCDavisGiveDay 2018 Is coming up!  You can help support our innovative @UCDavisHealth Thoracic Surgery Residency by clic\xe2\x80\xa6',California
2018-04-16 17:16:45,b'RT @DavidCookeMD: #UCDavisGiveDay 2018 Is coming up!  You can help support our innovative @UCDavisHealth Thoracic Surgery Residency by clic\xe2\x80\xa6',California
2018-04-16 16:15:25,b' #UCDavisGiveDay The UC Natural Reserve System (NRS) is the largest and most diverse network of university field stations in the wor\xe2\x80\xa6 https://t.co/rpIwx9LyBg',California
2018-04-16 16:00:10,b' #UCDavisGiveDay Alexis Smith is a record holding @UCDAVISWSOC GK who is majoring in Materials Science &amp; Engineering. She is here to\xe2\x80\xa6 https://t.co/ekGjrL83ht',California
2018-04-16 15:58:43,b'RT @DavidCookeMD: #UCDavisGiveDay 2018 Is coming up!  You can help support our innovative @UCDavisHealth Thoracic Surgery Residency by clic\xe2\x80\xa6',California
2018-04-16 15:26:05,b'RT @ucdavis: We are less than a week away from #UCDavisGiveDay! Together Aggies can make a difference. https://t.co/zl77jDsaJn https://t.co\xe2\x80\xa6',California
2018-04-16 14:41:50,b'Twitter Friends! Trade in that cup of coffee Friday &amp; make a gift this Fri/Sat to @UCDavisWGolf on #UCDavisGiveDay\xe2\x80\xa6 https://t.co/no9yWq8pHx',California
2018-04-16 14:29:19,b'5 days until #UCDavisGiveDay \xf0\x9f\x8e\x89 Join us in making a gift on Friday/Saturday at https://t.co/Jyctl4ncy6\xe2\x80\xa6 https://t.co/LTYkfqkAxj',California
2018-04-16 13:58:37,b' #UCDavisGiveDay RT @jklnewlin: 5 days until the alumni game!! Please don\xe2\x80\x99t let me be the oldest alum out there- this pillow is older than the current playe\xe2\x80\xa6',California
2018-04-16 13:36:58,b' #UCDavisGiveDay 5 days until the alumni game!! Please don\xe2\x80\x99t let me be the oldest alum out there- this pillow is older than the curr\xe2\x80\xa6 https://t.co/GHUmbJ1Rp2',California
2018-04-16 04:15:32,b'RT @DavidCookeMD: #UCDavisGiveDay 2018 Is coming soon! You can help support our innovative @UCDavis Thoracic #Surgery Residency by clicking\xe2\x80\xa6',California
2018-04-16 04:04:38,b'#UCDavisGiveDay 2018 Is coming soon! You can help support our innovative @UCDavis Thoracic #Surgery Residency by cl\xe2\x80\xa6 https://t.co/f7EK1cHqrr',California
2018-04-16 03:07:30,b'RT @sarahok: #UCDavisGiveDay starts this Friday! Please consider donating to the Natural Reserves https://t.co/0pI33nM87X',California
2018-04-16 02:23:49,b'#UCDavisGiveDay starts this Friday! Please consider donating to the Natural Reserves https://t.co/0pI33nM87X',California
2018-04-15 20:41:56,b'#UCDavisGiveDay 2018 Is coming up!  You can help support our innovative @UCDavisHealth Thoracic Surgery Residency b\xe2\x80\xa6 https://t.co/wHjQgbKCKG',California
2018-04-15 17:57:03,b'RT @ucdavis: We are less than a week away from #UCDavisGiveDay! Together Aggies can make a difference. https://t.co/zl77jDsaJn https://t.co\xe2\x80\xa6',California
2018-04-15 17:55:47,b'RT @ucdavis: We are less than a week away from #UCDavisGiveDay! Together Aggies can make a difference. https://t.co/zl77jDsaJn https://t.co\xe2\x80\xa6',California
2018-04-15 17:28:22,b'RT @ucdavis: We are less than a week away from #UCDavisGiveDay! Together Aggies can make a difference. https://t.co/zl77jDsaJn https://t.co\xe2\x80\xa6',California
2018-04-15 17:19:57,b'RT @ucdavis: We are less than a week away from #UCDavisGiveDay! Together Aggies can make a difference. https://t.co/zl77jDsaJn https://t.co\xe2\x80\xa6',California
2018-04-15 17:15:10,b'We are less than a week away from #UCDavisGiveDay! Together Aggies can make a difference. https://t.co/zl77jDsaJn https://t.co/ieXIoGPyFQ',California
2018-04-15 17:09:11,b' #UCDavisGiveDay RT @jklnewlin: Reflecting on how much soccer at UCD impacted my life- then and now. Looking forward to picnic day and alumni game! @UCDAVIS\xe2\x80\xa6',California
2018-04-15 17:07:28,b' #UCDavisGiveDay RT @jklnewlin: Reflecting on how much soccer at UCD impacted my life- then and now. Looking forward to picnic day and alumni game! @UCDAVIS\xe2\x80\xa6',California
2018-04-15 16:44:35,"b' #UCDavisGiveDay RT @UCDAVISWSOC: *Aggie Alert* Here is a message from @UCDAVISWSOC Biomedical Engineering Major, Hailey Rittershofer. There are six days re\xe2\x80\xa6'",California
2018-04-15 16:40:01,b' #UCDavisGiveDay Reflecting on how much soccer at UCD impacted my life- then and now. Looking forward to picnic day and alumni game!\xe2\x80\xa6 https://t.co/u8r5IcAj19',California
2018-04-15 06:18:44,b'RT @UCDFieldHockey: UCDFH Alum @HANSrae24 pledging to give on #UCDavisGiveDay!\n\nWho will be the next pledge?! \n\nCheck out her post down bel\xe2\x80\xa6',California
2018-04-14 23:35:45,b'RT @UCDFieldHockey: UCDFH Alum @HANSrae24 pledging to give on #UCDavisGiveDay!\n\nWho will be the next pledge?! \n\nCheck out her post down bel\xe2\x80\xa6',California
2018-04-14 23:35:20,b'RT @UCDFieldHockey: UCDFH Alum @HANSrae24 pledging to give on #UCDavisGiveDay!\n\nWho will be the next pledge?! \n\nCheck out her post down bel\xe2\x80\xa6',California
2018-04-14 23:20:50,b'UCDFH Alum @HANSrae24 pledging to give on #UCDavisGiveDay!\n\nWho will be the next pledge?! \n\nCheck out her post down\xe2\x80\xa6 https://t.co/jHa6au0jc3',California
2018-04-14 20:31:29,"b' #UCDavisGiveDay RT @UCDAVISWSOC: *Aggie Alert* Here is a message from @UCDAVISWSOC Biomedical Engineering Major, Hailey Rittershofer. There are six days re\xe2\x80\xa6'",California
2018-04-14 16:08:47,"b' #UCDavisGiveDay RT @UCDAVISWSOC: *Aggie Alert* Here is a message from @UCDAVISWSOC Biomedical Engineering Major, Hailey Rittershofer. There are six days re\xe2\x80\xa6'",California
2018-04-14 16:00:43,"b' #UCDavisGiveDay *Aggie Alert* Here is a message from @UCDAVISWSOC Biomedical Engineering Major, Hailey Rittershofer. There are six\xe2\x80\xa6 https://t.co/c09kgt24dv'",California
2018-04-14 15:17:54,b'RT @UCDavisWGolf: We are less than 1 week away from #UCDavisGiveDay \xf0\x9f\x92\x99\xf0\x9f\x90\xb4\xf0\x9f\x92\x9b\nYour support to makes a huge difference in our ability to provide a\xe2\x80\xa6',California
2018-04-14 15:13:58,b'We are less than 1 week away from #UCDavisGiveDay \xf0\x9f\x92\x99\xf0\x9f\x90\xb4\xf0\x9f\x92\x9b\nYour support to makes a huge difference in our ability to pro\xe2\x80\xa6 https://t.co/B0Hes1MNPc',California
2018-04-14 15:07:24,b'RT @UCDFieldHockey: GIVE DAY IS 1 WEEK AWAY!!! #UCDavisGiveDay #EveryAggieCounts https://t.co/iYgAgGb3H8',California
2018-04-14 14:18:20,b'RT @UCDFieldHockey: GIVE DAY IS 1 WEEK AWAY!!! #UCDavisGiveDay #EveryAggieCounts https://t.co/iYgAgGb3H8',California
2018-04-14 03:10:58,b'RT @UCDFieldHockey: GIVE DAY IS 1 WEEK AWAY!!! #UCDavisGiveDay #EveryAggieCounts https://t.co/iYgAgGb3H8',California
2018-04-14 00:41:05,b'RT @UCDAVISWSOC: #UCDavisGiveDay begins in one week. To learn more about it please visit: https://t.co/bAUMxN1KwZ #GoAgs.\n- Caitlin Hedde (\xe2\x80\xa6',California
2018-04-13 23:59:37,"b' #UCDavisGiveDay RT @UCDavisCNS: UC Davis Give is April 20-21, but you don\xe2\x80\x99t have to wait! Support the Center for Neuroscience now and be counted! #UCDavisG\xe2\x80\xa6'",California
2018-04-13 22:00:26,b'Give Day is one week away - learn more a https://t.co/F2HHRckSHM #EveryAggieCounts #UCDavisGiveDay https://t.co/4DdClzlZZu',California
2018-04-13 20:02:58,b'RT @UCDFieldHockey: GIVE DAY IS 1 WEEK AWAY!!! #UCDavisGiveDay #EveryAggieCounts https://t.co/iYgAgGb3H8',California
2018-04-13 19:00:41,b'#UCDavisGiveDay begins in one week. To learn more about it please visit: https://t.co/bAUMxN1KwZ #GoAgs.\n- Caitlin\xe2\x80\xa6 https://t.co/UHIeCd7uEj',California
2018-04-13 19:00:14,"b' #UCDavisGiveDay UC Davis Give is April 20-21, but you don\xe2\x80\x99t have to wait! Support the Center for Neuroscience now and be counted!\xe2\x80\xa6 https://t.co/8InrRAWWlr'",California
2018-04-13 18:30:02,b'GIVE DAY IS 1 WEEK AWAY!!! #UCDavisGiveDay #EveryAggieCounts https://t.co/iYgAgGb3H8',California
2018-04-13 17:35:49,"b'RT @UCDMINDINST: This #UCDavisGiveDay, you can support the @UCDMINDINST. The team works tirelessly to improve the quality of life for child\xe2\x80\xa6'",California
2018-04-13 17:35:00,"b'This #UCDavisGiveDay, you can support the @UCDMINDINST. The team works tirelessly to improve the quality of life fo\xe2\x80\xa6 https://t.co/Hnkgkn8cmh'",California
2018-04-13 16:32:00,"b'#UCDavisGiveDay begins on April 20 and @UCD_Cancer is participating with a special challenge from @FarrahFawcettFN,\xe2\x80\xa6 https://t.co/UxgHrthegU'",California
2018-04-13 02:09:35,b' #UCDavisGiveDay Happy to lend videographer skills to this talented duo from @UcDavisMWP! Please support any and all @UCDavisAggies\xe2\x80\xa6 https://t.co/67BQf2zktP',California
2018-04-13 00:24:14,b'RT @UCDFieldHockey: Aggies with a message about Give Day! #UCDavisGiveDay #EveryAggieCounts https://t.co/UqgfHKc7kW',California
2018-04-12 23:13:22,b'RT @UCDFieldHockey: Aggies with a message about Give Day! #UCDavisGiveDay #EveryAggieCounts https://t.co/UqgfHKc7kW',California
2018-04-12 22:55:38,b'@dleyson raising the bar for his fellow coaches a week prior to #UCDavisGiveDay. Want to see @CoachHawkinsUCD chann\xe2\x80\xa6 https://t.co/5zfzQAYAQ6',California
2018-04-12 22:44:05,b'RT @UCDAVISWSOC: 8 is great! 8 days until #UCDavisGiveDay. To donate directly to @UCDAVISWSOC please go to: https://t.co/85lYbFgOFz. #GoAgs\xe2\x80\xa6',California
2018-04-12 18:51:25,b'Aggies with a message about Give Day! #UCDavisGiveDay #EveryAggieCounts https://t.co/UqgfHKc7kW',California
2018-04-12 17:14:40,b'RT @UCDAVISWSOC: 8 is great! 8 days until #UCDavisGiveDay. To donate directly to @UCDAVISWSOC please go to: https://t.co/85lYbFgOFz. #GoAgs\xe2\x80\xa6',California
2018-04-12 17:03:37,b'RT @UCDAVISWSOC: 8 is great! 8 days until #UCDavisGiveDay. To donate directly to @UCDAVISWSOC please go to: https://t.co/85lYbFgOFz. #GoAgs\xe2\x80\xa6',California
2018-04-12 16:00:57,b'8 is great! 8 days until #UCDavisGiveDay. To donate directly to @UCDAVISWSOC please go to: https://t.co/85lYbFgOFz.\xe2\x80\xa6 https://t.co/5h0iT8VMGA',California
2018-04-12 12:35:49,b' #UCDavisGiveDay Do you want to visit the global leader in veterinary sciences? There is an App for that! @ucdavisvetmed #veterinary\xe2\x80\xa6 https://t.co/BsUVVuMKta',California
2018-04-12 04:25:20,b'RT @UCDFieldHockey: Who wants to make the first pledge for #UCDavisGiveDay for @UCDFieldHockey Who will lead us???\n\xe2\x80\x9cI pledge to give $__ on\xe2\x80\xa6',California
2018-04-12 04:24:54,b'Who wants to make the first pledge for #UCDavisGiveDay for @UCDFieldHockey Who will lead us???\n\xe2\x80\x9cI pledge to give $_\xe2\x80\xa6 https://t.co/Gltrzi54Z7',California
2018-04-11 23:06:42,b'T-9 Days until #UCDavisGiveDay! #EveryAggieCounts  \nhttps://t.co/tUw3wWwl10',California
2018-04-11 19:59:01,b' #UCDavisGiveDay RT @AmyGGiants: Let\xe2\x80\x99s make this happen @ucdavis Aggies!\nGive Day starts at Noon on April 20 and ends at 5pm on April 21.\nhttps://t.co/x3SI0\xe2\x80\xa6',California
2018-04-11 18:58:33,b'RT @UCDAVISWSOC: #UCDavisGiveDay starts in 9 days. https://t.co/85lYbFgOFz\n-Olivia Jones (Managerial Economics Major) https://t.co/ALb9yqWg\xe2\x80\xa6',California
2018-04-11 18:38:59,b'#UCDavisGiveDay is 9 days away! Donor support has a HUGE impact on @UCDavisWPolo Student-Athletes! #GoAgs',California
2018-04-11 18:34:07,b' #UCDavisGiveDay Let\xe2\x80\x99s make this happen @ucdavis Aggies!\nGive Day starts at Noon on April 20 and ends at 5pm on April 21.\xe2\x80\xa6 https://t.co/6UgKGJFAyc',California
2018-04-11 16:00:40,b'#UCDavisGiveDay starts in 9 days. https://t.co/85lYbFgOFz\n-Olivia Jones (Managerial Economics Major) https://t.co/ALb9yqWg6b',California
2018-04-11 00:41:31,b' #UCDavisGiveDay This university saved a bear burned in the North Bay wildfires by attaching fish skin to his burnt paws \xf0\x9f\x90\xbe Amazing!\xe2\x80\xa6 https://t.co/JMB1ZzCeOt',California
2018-04-10 21:31:46,"b"" #UCDavisGiveDay Give Day is just around the corner! Join @UCDavis alumnus Ernesto Sandoval and make an impact in students' lives!\xe2\x80\xa6 https://t.co/x3VwhxiEPI""",California
2018-04-10 17:54:02,b'RT @UCDAVISWSOC: There are just 10 more days until #UCDavisGiveDay. Haileigh Rose is here to remind you that #EveryAggieCounts. To give to\xe2\x80\xa6',California
2018-04-10 17:22:08,b'RT @UCDAVISWSOC: There are just 10 more days until #UCDavisGiveDay. Haileigh Rose is here to remind you that #EveryAggieCounts. To give to\xe2\x80\xa6',California
2018-04-10 16:00:41,b'There are just 10 more days until #UCDavisGiveDay. Haileigh Rose is here to remind you that #EveryAggieCounts. To g\xe2\x80\xa6 https://t.co/DNaURJEoPJ',California
