2018-04-20 20:23:47,b'RT @BBCRadio3: #BBCYoungMusician podcast sees real young musicians link up with established young pros - many of them former winners of @bb\xe2\x80\xa6',London
2018-04-20 20:23:20,b'RT @BBCRadio3: #BBCYoungMusician podcast sees real young musicians link up with established young pros - many of them former winners of @bb\xe2\x80\xa6',London
2018-04-20 20:22:55,b'RT @BBCRadio3: #BBCYoungMusician podcast sees real young musicians link up with established young pros - many of them former winners of @bb\xe2\x80\xa6',London
2018-04-20 20:21:04,b'RT @BBCRadio3: #BBCYoungMusician podcast sees real young musicians link up with established young pros - many of them former winners of @bb\xe2\x80\xa6',London
2018-04-20 20:18:11,b'RT @BBCYoungMus: Our third #bbcyoungmusician  Semi-Finalist is confirmed - congratulations to Robert Burton on an incredible saxophone show\xe2\x80\xa6',London
2018-04-20 20:17:43,b'#BBCYoungMusician offers some compelling reasons to keep believing. We need a government to invest now in music edu\xe2\x80\xa6 https://t.co/GqKBJH52ry',London
2018-04-20 20:16:29,b'RT @BBCRadio3: #BBCYoungMusician podcast sees real young musicians link up with established young pros - many of them former winners of @bb\xe2\x80\xa6',London
2018-04-20 20:15:13,b'RT @BBCRadio3: #BBCYoungMusician podcast sees real young musicians link up with established young pros - many of them former winners of @bb\xe2\x80\xa6',London
2018-04-20 20:14:55,b'RT @BBCYoungMus: Our third #bbcyoungmusician  Semi-Finalist is confirmed - congratulations to Robert Burton on an incredible saxophone show\xe2\x80\xa6',London
2018-04-20 20:14:25,b' #bbcyoungmusician RT @BobAndersson: Another wonderful group of @BBCYoungMus performances this evening but I can\xe2\x80\x99t help being disappointed that we won\xe2\x80\x99t hear\xe2\x80\xa6',London
2018-04-20 20:14:06,b' #bbcyoungmusician RT @thebeercolonel: This compeititon is the best possible advert for why music education should be a priority for both the state and indepe\xe2\x80\xa6',London
2018-04-20 20:13:59,b'RT @gosdena: I really want to hear that amazing recorder player again.  Fantastic musician and communicator. #BBCYoungMusician',London
2018-04-20 20:13:11,b' #bbcyoungmusician RT @natalARTte: @BBCYoungMus I remember learning the recorder at primary school. I never knew it could make such amazing sounds when in the\xe2\x80\xa6',London
2018-04-20 20:11:39,b'RT @BBCRadio3: #BBCYoungMusician podcast sees real young musicians link up with established young pros - many of them former winners of @bb\xe2\x80\xa6',London
2018-04-20 20:11:03,b'#BBCYoungMusician podcast sees real young musicians link up with established young pros - many of them former winne\xe2\x80\xa6 https://t.co/ON1CU6X0pR',London
2018-04-20 20:09:19,"b""RT @karenlb: Lovely to see the recorder featuring on #bbcyoungmusician.  It's a much maligned instrument but it can be really beautiful. Lo\xe2\x80\xa6""",London
2018-04-20 20:06:06,b'RT @BBCYoungMus: Our third #bbcyoungmusician  Semi-Finalist is confirmed - congratulations to Robert Burton on an incredible saxophone show\xe2\x80\xa6',London
2018-04-20 20:05:00,b'Our third #bbcyoungmusician  Semi-Finalist is confirmed - congratulations to Robert Burton on an incredible saxopho\xe2\x80\xa6 https://t.co/B1UquWiCIz',London
2018-04-20 20:04:58,b' #bbcyoungmusician Another wonderful group of @BBCYoungMus performances this evening but I can\xe2\x80\x99t help being disappointed that we won\xe2\x80\x99t\xe2\x80\xa6 https://t.co/QYPMQTSTto',London
2018-04-20 20:02:03,"b""#bbcyoungmusician Stunning level of performances in the woodwind final. Would've loved the bassoon to get the nod -\xe2\x80\xa6 https://t.co/44lzDN60D1""",London
2018-04-20 20:01:44,b'RT @KatyAshman: \xe2\x9c\xa8\xf0\x9f\x8e\x89\xf0\x9f\x91\xaf\xe2\x80\x8d\xe2\x99\x80\xef\xb8\x8f\xf0\x9f\x8e\x89\xe2\x9c\xa8 Congratulations on a stunning #Bassoon performance to Francis from BassoonHQ! #BBCYoungMusician https://t.co/6qnca\xe2\x80\xa6',London
2018-04-20 19:59:20,b'I really want to hear that amazing recorder player again.  Fantastic musician and communicator. #BBCYoungMusician',London
2018-04-20 19:57:36,b'Well done Robert!  #bbcyoungmusician all amazing performances',London
2018-04-20 19:56:32,b'\xe2\x9c\xa8\xf0\x9f\x8e\x89\xf0\x9f\x91\xaf\xe2\x80\x8d\xe2\x99\x80\xef\xb8\x8f\xf0\x9f\x8e\x89\xe2\x9c\xa8 Congratulations on a stunning #Bassoon performance to Francis from BassoonHQ! #BBCYoungMusician https://t.co/6qncawt5vr',London
2018-04-20 19:54:09,b'#bbcyoungmusician how can you decide? - all amazing musicians',London
2018-04-20 19:53:23,b'RT @scales_Dan: Who knew the bassoon could do such things #BBCYoungMusician',London
2018-04-20 19:53:14,b'RT @lastwolf5: @JessGillamSax #BBCYoungMusician \nThey should have the balls to say NO! None of you are good enough',London
2018-04-20 19:53:00,b'Wow. Those musicians were all brilliant! Who to choose? #bbcyoungmusician.',London
2018-04-20 19:52:47,b'RT @lastwolf5: @JessGillamSax #BBCYoungMusician \nThey should have the balls to say NO! None of you are good enough',London
2018-04-20 19:52:00,b'@JessGillamSax #BBCYoungMusician \nThey should have the balls to say NO! None of you are good enough',London
2018-04-20 19:50:55,b'Amazing young talent on #BBCYoungMusician showing what dedication and hard work can achieve.',London
2018-04-20 19:50:46,b'RT @scales_Dan: Who knew the bassoon could do such things #BBCYoungMusician',London
2018-04-20 19:49:59,"b' #bbcyoungmusician @JessGillamSax set the bar so high last time, she didn\xe2\x80\x99t need to win - already the complete package\xe2\x80\xa6 https://t.co/TPsho6XI6k'",London
2018-04-20 19:46:13,b'The talent on #BBCYoungMusician semi final is phenomenal... I\xe2\x80\x99m in awe! @BBCYoungMus \xf0\x9f\x99\x8c\xf0\x9f\x8f\xbe',London
2018-04-20 19:46:10,"b"" #bbcyoungmusician RT @BBCYoungMus: Don't miss tonight's Woodwind Final, 7:30 @BBCFOUR Enjoy an evening of dazzling performances from 5 exceptional players al\xe2\x80\xa6""",London
2018-04-20 19:45:02,b'RT @officialronnies: Some amazing jazz-inspired performances on #BBCYoungMusician tonight! \xf0\x9f\x8c\x9f\xf0\x9f\x8e\xb5',London
2018-04-20 19:44:31,"b""#Recorders and avant garde just shouldn't cross over \xf0\x9f\x98\x91 but enjoyed her renaissance piece \xf0\x9f\x91\x8c #bassoon or #clarinet to win! #BBCYoungMusician""",London
2018-04-20 19:44:23,b'RT @lastwolf5: #BBCYoungMusician none of them come close to Jess Gillam 2006',London
2018-04-20 19:43:51,b'RT @lastwolf5: #BBCYoungMusician none of them come close to Jess Gillam 2006',London
2018-04-20 19:43:29,b'#BBCYoungMusician none of them come close to Jess Gillam 2006',London
2018-04-20 19:43:17,b'RT @scales_Dan: Who knew the bassoon could do such things #BBCYoungMusician',London
2018-04-20 19:42:55,"b'RT @PurcellSchool: Very best wishes to Purcell School student, Eliza Haskins in the @BBCYoungMus #woodwind final tonight! #bbcyoungmusician\xe2\x80\xa6'",London
2018-04-20 19:42:40,b' #bbcyoungmusician Obviously I\xe2\x80\x99m going to love the Clarinet but Eliza Haskins performances were incredible. Who knew a recorder was ca\xe2\x80\xa6 https://t.co/XGGgvhHBT3',London
2018-04-20 19:41:39,"b'Fantastic recorder playing from Eliza Haskins #bbcyoungmusician. I thought I was good when I was 14, but....no comparison.'",London
2018-04-20 19:40:59,b'RT @lastwolf5: #BBCYoungMusician this is the weakest of the gtojps so far',London
2018-04-20 19:40:26,b'#BBCYoungMusician this is the weakest of the gtojps so far',London
2018-04-20 19:39:54,b'RT @ruin_lust: #bbcyoungmusician Loving Eliza Haskins from @PurcellSchool impressive playing and choices',London
2018-04-20 19:38:54,"b'Two recorders at once. Take that, suckers!\n#bbcyoungmusician'",London
2018-04-20 19:38:29,b'RT @lastwolf5: #BBCYoungMusician that recorder music really upset my cats \xf0\x9f\x90\xb1\xf0\x9f\x90\xb1\xf0\x9f\x90\xb1',London
2018-04-20 19:38:10,"b' #bbcyoungmusician ""What I love about music is that sense of teamwork and coming together"". So naturally I\'m entering a needless indiv\xe2\x80\xa6 https://t.co/zSMNeiXaMz'",London
2018-04-20 19:37:51,b'#BBCYoungMusician that recorder music really upset my cats \xf0\x9f\x90\xb1\xf0\x9f\x90\xb1\xf0\x9f\x90\xb1',London
2018-04-20 19:37:18,"b""Hard to believe she's only 14 #bbcyoungmusician""",London
2018-04-20 19:36:09,"b'#bbcyoungmusician Mind you, that recorder was amazing! The standard in this final is phenomenal. Perhaps the best so far.'",London
2018-04-20 19:35:47,"b""RT @AprilMunday: She's really very good #bbcyoungmusician""",London
2018-04-20 19:35:28,b'I\xe2\x80\x99m watching #bbcyoungmusician and there\xe2\x80\x99s a girl playing two recorders at once. #madness',London
2018-04-20 19:35:21,"b""She's now playing two recorders! Maybe it's the ros\xc3\xa9, but my mind is a bit blown #bbcyoungmusician""",London
2018-04-20 19:34:55,b'RT @BDRSoc: Marvellous to hear the Bassoon of Francis Bushell on #bbcyoungmusician (and @AmyHarmanBsn). Tansmann terrific.',London
2018-04-20 19:34:43,b'Sounds like the Clangers have banged loads of acid and they\xe2\x80\x99re having a house party #bbcyoungmusician',London
2018-04-20 19:34:09,b'A Roland Kirk on recorders! #bbcyoungmusician',London
2018-04-20 19:34:02,"b""I'm quite impressed by the boy / girl duo on #bbcyoungmusician #bbc4""",London
2018-04-20 19:34:01,b'#bbcyoungmusician Loving Eliza Haskins from @PurcellSchool impressive playing and choices',London
2018-04-20 19:33:32,"b""She's really very good #bbcyoungmusician""",London
2018-04-20 19:31:58,"b""Lovely to see the recorder featuring on #bbcyoungmusician.  It's a much maligned instrument but it can be really be\xe2\x80\xa6 https://t.co/m0rHThxEFV""",London
2018-04-20 19:31:44,b'Absolutely incredible talent on @BBCYoungMus of the year. My 8 year old and I are watching open mouthed! #bbcyoungmusician',London
2018-04-20 19:31:30,b' #bbcyoungmusician @BBCYoungMus I remember learning the recorder at primary school. I never knew it could make such amazing sounds whe\xe2\x80\xa6 https://t.co/xzCRnLDrOB',London
2018-04-20 19:31:23,b'This is stunning! #Corelli  #bbcyoungmusician @BBCYoungMus',London
2018-04-20 19:31:19,b'OK so when I played the recorder it definitely didn\xe2\x80\x99t sound like that.   #bbcyoungmusician',London
2018-04-20 19:30:32,b'RT @HelenJNaylor: Totally stunning recorder playing #bbcyoungmusician',London
2018-04-20 19:29:47,b'Totally stunning recorder playing #bbcyoungmusician',London
2018-04-20 19:28:28,b'RT @BDRSoc: Marvellous to hear the Bassoon of Francis Bushell on #bbcyoungmusician (and @AmyHarmanBsn). Tansmann terrific.',London
2018-04-20 19:24:17,b' #bbcyoungmusician It is a bit of a hurdle but I guess the idea is that it\xe2\x80\x99s a competition about musicianship so grouping them as they\xe2\x80\xa6 https://t.co/nl1tnrsu64',London
2018-04-20 19:22:40,b'RT @scales_Dan: Who knew the bassoon could do such things #BBCYoungMusician',London
2018-04-20 19:21:09,b'RT @officialronnies: Some amazing jazz-inspired performances on #BBCYoungMusician tonight! \xf0\x9f\x8c\x9f\xf0\x9f\x8e\xb5',London
2018-04-20 19:20:59,b'#bbcyoungmusician The bassoon!! Wow!',London
2018-04-20 19:20:51,b'Who knew the bassoon could do such things #BBCYoungMusician',London
2018-04-20 19:20:40,b'Marvellous to hear the Bassoon of Francis Bushell on #bbcyoungmusician (and @AmyHarmanBsn). Tansmann terrific.',London
2018-04-20 19:19:04,"b'Does it really make sense to compare a flute player, with a bassoonist,  with saxophonist, etc. on #bbcyoungmusician  ?'",London
2018-04-20 19:18:55,"b'Wow, the #bassoon on #bbcyoungmusician'",London
2018-04-20 19:18:09,b'RT @MJBartlettPiano: So thrilled to be returning to the @bbcproms this summer! #BBCYoungMusician #anniversary #royalalberthall https://t.co\xe2\x80\xa6',London
2018-04-20 19:17:09,b'Some amazing jazz-inspired performances on #BBCYoungMusician tonight! \xf0\x9f\x8c\x9f\xf0\x9f\x8e\xb5',London
2018-04-20 19:15:00,"b""BBC getting a lot of flak at the moment, so in its defence I'll just say it's investment in music is worthy of praise #bbcyoungmusician""",London
2018-04-20 19:11:34,b'It\xe2\x80\x99s that time of year where I watch #BBCYoungMusician and make a mental note to myself to practice my instruments more. So much talent!',London
2018-04-20 19:08:24,b'Blatant plagiarism on #bbcyoungmusician. Ron Burgundy must be spinning in a glass case of emotion somewhere #jazzflute',London
2018-04-20 19:05:36,b'So thrilled to be returning to the @bbcproms this summer! #BBCYoungMusician #anniversary #royalalberthall https://t.co/v07MLOKoBN',London
2018-04-20 19:04:29,"b"" #bbcyoungmusician RT @BBCYoungMus: Don't miss tonight's Woodwind Final, 7:30 @BBCFOUR Enjoy an evening of dazzling performances from 5 exceptional players al\xe2\x80\xa6""",London
2018-04-20 19:03:02,b'Great to see @AmyHarmanBsn &amp; @juliettebausor from @Ensemble_360 involved in #bbcyoungmusician. Tough choices ahead',London
2018-04-20 18:59:34,b' #bbcyoungmusician Retweeted BBC Singers (@BBCSingers):\n\nTune in tonight @bbcfour as five outstanding woodwind players get ready to co\xe2\x80\xa6 https://t.co/wsv0uzMUcz',London
2018-04-20 18:57:18,"b'Just remember this was on, Its the Woodwind Category Final #bbcyoungmusician @BBCYoungMus #bbc4'",London
2018-04-20 18:55:14,"b'RT @Cambridge_Sax: Thrilled to hear my former student Rob Burton on #bbcyoungmusician - in two years of teaching, I never heard him speak a\xe2\x80\xa6'",London
2018-04-20 18:53:27,"b'Thrilled to hear my former student Rob Burton on #bbcyoungmusician - in two years of teaching, I never heard him sp\xe2\x80\xa6 https://t.co/3eEpGOTphW'",London
2018-04-20 18:49:48,b' #bbcyoungmusician How is it possible that people who are so young have had enough hours in their lives to get themselves to these ama\xe2\x80\xa6 https://t.co/NUjTYywzNV',London
2018-04-20 18:47:43,b'Watching #bbcyoungmusician loving the talent!',London
2018-04-20 18:47:28,b' #bbcyoungmusician The sheer talent of all the young musicians competing for the title of BBC Young Musician Of The Year is absolutely\xe2\x80\xa6 https://t.co/TqkH0XC8c1',London
2018-04-20 18:46:28,b'I am new to the sax and this is really inspiring. #bbcyoungmusician',London
2018-04-20 18:43:07,"b"" #bbcyoungmusician RT @BBCYoungMus: Don't miss tonight's Woodwind Final, 7:30 @BBCFOUR Enjoy an evening of dazzling performances from 5 exceptional players al\xe2\x80\xa6""",London
2018-04-20 18:40:24,b'#bbcyoungmusician Let the woodwind wonders begin!',London
2018-04-20 18:38:05,b'No disrespect to the player but my money wouldn\xe2\x80\x99t be on a recorder getting through. #bbcyoungmusician',London
2018-04-20 18:35:26,"b"" #bbcyoungmusician RT @BBCYoungMus: Don't miss tonight's Woodwind Final, 7:30 @BBCFOUR Enjoy an evening of dazzling performances from 5 exceptional players al\xe2\x80\xa6""",London
2018-04-20 18:12:22,b'RT @KESBath: The moment when you have both @bathphil AND #bbcyoungmusician finalist @JessGillamSax playing alongside KES Senior Orchestra d\xe2\x80\xa6',London
2018-04-20 17:48:27,"b'RT @BBCYoungMus: The search for the next #bbcyoungmusician begins this Friday with 5 incredible strings finalists@BBCFOUR,7.30. Missed our\xe2\x80\xa6'",London
2018-04-20 17:23:39,"b"" #bbcyoungmusician RT @BBCYoungMus: Don't miss tonight's Woodwind Final, 7:30 @BBCFOUR Enjoy an evening of dazzling performances from 5 exceptional players al\xe2\x80\xa6""",London
2018-04-20 17:11:29,b' #bbcyoungmusician RT @BBCRadio3: Remember the DJ! DJ! DJ! function on classroom keyboards? @MarkSimpson_88 definitely does. Ep 3 of @BBCYoungMus podcast is l\xe2\x80\xa6',London
2018-04-20 17:08:40,"b"" #bbcyoungmusician RT @BBCYoungMus: Don't miss tonight's Woodwind Final, 7:30 @BBCFOUR Enjoy an evening of dazzling performances from 5 exceptional players al\xe2\x80\xa6""",London
2018-04-20 16:55:08,b'RT @BBCSingers: Tune in tonight @bbcfour as five outstanding woodwind players get ready to compete for a spot in the  #bbcyoungmusician Sem\xe2\x80\xa6',London
2018-04-20 16:53:31,b'RT @BBCSingers: Tune in tonight @bbcfour as five outstanding woodwind players get ready to compete for a spot in the  #bbcyoungmusician Sem\xe2\x80\xa6',London
2018-04-20 16:16:34,b' #bbcyoungmusician RT @BBCRadio3: Remember the DJ! DJ! DJ! function on classroom keyboards? @MarkSimpson_88 definitely does. Ep 3 of @BBCYoungMus podcast is l\xe2\x80\xa6',London
2018-04-20 16:15:48,"b"" #bbcyoungmusician RT @BBCYoungMus: Don't miss tonight's Woodwind Final, 7:30 @BBCFOUR Enjoy an evening of dazzling performances from 5 exceptional players al\xe2\x80\xa6""",London
2018-04-20 16:15:00,b' #bbcyoungmusician Tune in tonight @bbcfour as five outstanding woodwind players get ready to compete for a spot in the\xe2\x80\xa6 https://t.co/vhof9VbZC7',London
2018-04-20 16:12:48,"b"" #bbcyoungmusician RT @BBCYoungMus: Don't miss tonight's Woodwind Final, 7:30 @BBCFOUR Enjoy an evening of dazzling performances from 5 exceptional players al\xe2\x80\xa6""",London
2018-04-20 15:07:47,"b' #bbcyoungmusician RT @BBCYoungMus: TICKET ALERT: @THSHBirmingham will be releasing more tickets TOMORROW 10AM for the Grand Final (Sun 13th May, 4-7pm)\nhttps\xe2\x80\xa6'",London
2018-04-20 15:07:33,"b"" #bbcyoungmusician RT @BBCYoungMus: Don't miss tonight's Woodwind Final, 7:30 @BBCFOUR Enjoy an evening of dazzling performances from 5 exceptional players al\xe2\x80\xa6""",London
2018-04-20 14:15:19,"b"" #bbcyoungmusician RT @BBCYoungMus: Don't miss tonight's Woodwind Final, 7:30 @BBCFOUR Enjoy an evening of dazzling performances from 5 exceptional players al\xe2\x80\xa6""",London
2018-04-20 14:10:00,b' #bbcyoungmusician Tune in tonight @bbcfour as five outstanding woodwind players get ready to compete for a spot in the\xe2\x80\xa6 https://t.co/WnRCytpUjK',London
2018-04-20 14:04:01,b'RT @KESBath: What a truly inspiring few days KES musicians have had in the company of #bbcyoungmusician finalist @JessGillamSax and @bathph\xe2\x80\xa6',London
2018-04-20 14:01:48,"b' #bbcyoungmusician RT StrettonFest ""RT BBCYoungMus: Don\'t miss tonight\'s Woodwind Final, 7:30 BBCFOUR Enjoy an evening of dazzling per\xe2\x80\xa6 https://t.co/A3eEBbigIL'",London
2018-04-20 14:00:10,"b"" #bbcyoungmusician RT @BBCYoungMus: Don't miss tonight's Woodwind Final, 7:30 @BBCFOUR Enjoy an evening of dazzling performances from 5 exceptional players al\xe2\x80\xa6""",London
2018-04-20 13:57:33,"b"" #bbcyoungmusician RT @BBCYoungMus: Don't miss tonight's Woodwind Final, 7:30 @BBCFOUR Enjoy an evening of dazzling performances from 5 exceptional players al\xe2\x80\xa6""",London
2018-04-20 13:54:08,b' #bbcyoungmusician RT @BBCRadio3: Remember the DJ! DJ! DJ! function on classroom keyboards? @MarkSimpson_88 definitely does. Ep 3 of @BBCYoungMus podcast is l\xe2\x80\xa6',London
2018-04-20 13:53:23,b'RT @KESBath: What a truly inspiring few days KES musicians have had in the company of #bbcyoungmusician finalist @JessGillamSax and @bathph\xe2\x80\xa6',London
2018-04-20 13:52:38,b' #bbcyoungmusician RT @BBCRadio3: Remember the DJ! DJ! DJ! function on classroom keyboards? @MarkSimpson_88 definitely does. Ep 3 of @BBCYoungMus podcast is l\xe2\x80\xa6',London
2018-04-20 13:51:41,"b"" #bbcyoungmusician RT @BBCYoungMus: Don't miss tonight's Woodwind Final, 7:30 @BBCFOUR Enjoy an evening of dazzling performances from 5 exceptional players al\xe2\x80\xa6""",London
2018-04-20 13:27:01,b'What a truly inspiring few days KES musicians have had in the company of #bbcyoungmusician finalist @JessGillamSax\xe2\x80\xa6 https://t.co/H5OZvUnM4n',London
2018-04-20 13:12:34,"b"" #bbcyoungmusician RT @BBCYoungMus: Don't miss tonight's Woodwind Final, 7:30 @BBCFOUR Enjoy an evening of dazzling performances from 5 exceptional players al\xe2\x80\xa6""",London
2018-04-20 13:09:15,b' #bbcyoungmusician Remember the DJ! DJ! DJ! function on classroom keyboards? @MarkSimpson_88 definitely does. Ep 3 of @BBCYoungMus pod\xe2\x80\xa6 https://t.co/SmJ8baMDOd',London
2018-04-20 12:57:44,b'RT @BBCCO: Tune in tonight @bbcfour as five outstanding woodwind players get ready to compete for a spot in the  #bbcyoungmusician Semi-Fin\xe2\x80\xa6',London
2018-04-20 12:53:40,"b'RT @PurcellSchool: Very best wishes to Purcell School student, Eliza Haskins in the @BBCYoungMus #woodwind final tonight! #bbcyoungmusician\xe2\x80\xa6'",London
2018-04-20 12:47:27,"b' #bbcyoungmusician RT @worldofmusicBBC: Memories of Proms in the Park 2016 @ShekuKM - this brilliant young cellist\'s new album ""Inspiration""  to be released J\xe2\x80\xa6'",London
2018-04-20 12:46:57,"b'RT @BBCYoungMus: The search for the next #bbcyoungmusician begins this Friday with 5 incredible strings finalists@BBCFOUR,7.30. Missed our\xe2\x80\xa6'",London
2018-04-20 12:46:06,"b"" #bbcyoungmusician RT @BBCYoungMus: Get ready to be wowed! In just 1 hour it's the turn of our percussion finalists \xf0\x9f\x8e\xb6\xe2\x9c\xa8 Join us tonight at 7.30 @BBCFOUR for 5\xe2\x80\xa6""",London
2018-04-20 12:46:01,"b' #bbcyoungmusician RT @BBCYoungMus: An exhilarating performance by Matthew Brett earns him a place in the Semi-Final. Bravo, Matthew! Missed it? You can watch\xe2\x80\xa6'",London
2018-04-20 12:45:51,"b"" #bbcyoungmusician RT @BBCYoungMus: This Friday it's the turn of five outstanding woodwind musicians to take centre stage all hoping to win the third place in\xe2\x80\xa6""",London
2018-04-20 12:45:48,"b' #bbcyoungmusician RT @BBCYoungMus: TICKET ALERT: @THSHBirmingham will be releasing more tickets TOMORROW 10AM for the Grand Final (Sun 13th May, 4-7pm)\nhttps\xe2\x80\xa6'",London
2018-04-20 12:45:23,"b"" #bbcyoungmusician RT @BBCYoungMus: Don't miss tonight's Woodwind Final, 7:30 @BBCFOUR Enjoy an evening of dazzling performances from 5 exceptional players al\xe2\x80\xa6""",London
2018-04-20 12:45:00,b' #bbcyoungmusician Tune in tonight @bbcfour as five outstanding woodwind players get ready to compete for a spot in the\xe2\x80\xa6 https://t.co/3lfPajJ6q6',London
2018-04-20 12:44:57,"b"" #bbcyoungmusician RT @BBCYoungMus: Don't miss tonight's Woodwind Final, 7:30 @BBCFOUR Enjoy an evening of dazzling performances from 5 exceptional players al\xe2\x80\xa6""",London
2018-04-20 12:44:37,"b' #bbcyoungmusician Very best wishes to Purcell School student, Eliza Haskins in the @BBCYoungMus #woodwind final tonight!\xe2\x80\xa6 https://t.co/cwoqH2q23b'",London
2018-04-20 12:22:17,"b"" #bbcyoungmusician RT @BBCYoungMus: Don't miss tonight's Woodwind Final, 7:30 @BBCFOUR Enjoy an evening of dazzling performances from 5 exceptional players al\xe2\x80\xa6""",London
2018-04-20 12:11:34,"b"" #bbcyoungmusician RT @BBCYoungMus: Don't miss tonight's Woodwind Final, 7:30 @BBCFOUR Enjoy an evening of dazzling performances from 5 exceptional players al\xe2\x80\xa6""",London
2018-04-20 12:03:31,"b"" #bbcyoungmusician RT @BBCYoungMus: Don't miss tonight's Woodwind Final, 7:30 @BBCFOUR Enjoy an evening of dazzling performances from 5 exceptional players al\xe2\x80\xa6""",London
2018-04-20 12:01:46,"b'RT @KESBath: Fantastic opportunity for KES musicians today, one-to-one masterclasses with #bbcyoungmusician finalist @JessGillamSax https:/\xe2\x80\xa6'",London
2018-04-20 11:35:10,"b"" #bbcyoungmusician RT @BBCYoungMus: Don't miss tonight's Woodwind Final, 7:30 @BBCFOUR Enjoy an evening of dazzling performances from 5 exceptional players al\xe2\x80\xa6""",London
2018-04-20 11:34:22,"b"" #bbcyoungmusician RT @BBCYoungMus: Don't miss tonight's Woodwind Final, 7:30 @BBCFOUR Enjoy an evening of dazzling performances from 5 exceptional players al\xe2\x80\xa6""",London
2018-04-20 11:27:49,"b"" #bbcyoungmusician Don't miss tonight's Woodwind Final, 7:30 @BBCFOUR Enjoy an evening of dazzling performances from 5 exceptional pla\xe2\x80\xa6 https://t.co/st5usYExqe""",London
2018-04-20 10:49:59,b'And tonight it\xe2\x80\x99s woodwind - a Friday treat! #bbcyoungmusician  https://t.co/9hCrryqroN',London
2018-04-20 10:16:00,"b' #bbcyoungmusician RT @BBCYoungMus: TICKET ALERT: @THSHBirmingham will be releasing more tickets TOMORROW 10AM for the Grand Final (Sun 13th May, 4-7pm)\nhttps\xe2\x80\xa6'",London
2018-04-20 09:54:58,"b' #bbcyoungmusician RT @BBCYoungMus: An exhilarating performance by Matthew Brett earns him a place in the Semi-Final. Bravo, Matthew! Missed it? You can watch\xe2\x80\xa6'",London
2018-04-20 09:54:29,"b' #bbcyoungmusician RT @BBCYoungMus: TICKET ALERT: @THSHBirmingham will be releasing more tickets TOMORROW 10AM for the Grand Final (Sun 13th May, 4-7pm)\nhttps\xe2\x80\xa6'",London
2018-04-20 09:36:52,"b'Fantastic opportunity for KES musicians today, one-to-one masterclasses with #bbcyoungmusician finalist\xe2\x80\xa6 https://t.co/gc2VjvlRSh'",London
2018-04-19 23:12:37,"b' #bbcyoungmusician RT @BBCYoungMus: An exhilarating performance by Matthew Brett earns him a place in the Semi-Final. Bravo, Matthew! Missed it? You can watch\xe2\x80\xa6'",London
2018-04-19 21:13:36,b'RT @KESBath: The moment when you have both @bathphil AND #bbcyoungmusician finalist @JessGillamSax playing alongside KES Senior Orchestra d\xe2\x80\xa6',London
2018-04-19 19:00:22,b'Tune in tomorrow as five outstanding woodwind players get ready to compete for a spot in the #bbcyoungmusician Semi\xe2\x80\xa6 https://t.co/I4QthvkNQk',London
2018-04-19 18:20:47,b'RT @KESBath: The moment when you have both @bathphil AND #bbcyoungmusician finalist @JessGillamSax playing alongside KES Senior Orchestra d\xe2\x80\xa6',London
2018-04-19 10:47:30,"b"" #bbcyoungmusician RT @BBCYoungMus: This Friday it's the turn of five outstanding woodwind musicians to take centre stage all hoping to win the third place in\xe2\x80\xa6""",London
2018-04-19 09:04:27,"b"" #bbcyoungmusician RT @BBCYoungMus: This Friday it's the turn of five outstanding woodwind musicians to take centre stage all hoping to win the third place in\xe2\x80\xa6""",London
2018-04-19 08:54:03,"b"" #bbcyoungmusician RT @BBCYoungMus: This Friday it's the turn of five outstanding woodwind musicians to take centre stage all hoping to win the third place in\xe2\x80\xa6""",London
2018-04-19 08:41:34,"b"" #bbcyoungmusician RT @BBCYoungMus: This Friday it's the turn of five outstanding woodwind musicians to take centre stage all hoping to win the third place in\xe2\x80\xa6""",London
2018-04-19 07:29:30,b' #bbcyoungmusician RT @THSHBirmingham: FURTHER SEATS RELEASED for the @BBCYoungMus Grand Final on Sunday 13 May. They have made it through four competitive ro\xe2\x80\xa6',London
2018-04-19 05:55:40,b'RT @KESBath: The moment when you have both @bathphil AND #bbcyoungmusician finalist @JessGillamSax playing alongside KES Senior Orchestra d\xe2\x80\xa6',London
2018-04-18 23:03:08,"b"" #bbcyoungmusician RT @BBCYoungMus: This Friday it's the turn of five outstanding woodwind musicians to take centre stage all hoping to win the third place in\xe2\x80\xa6""",London
2018-04-18 22:00:40,b' #bbcyoungmusician RT @THSHBirmingham: FURTHER SEATS RELEASED for the @BBCYoungMus Grand Final on Sunday 13 May. They have made it through four competitive ro\xe2\x80\xa6',London
2018-04-18 22:00:25,b'RT @KESBath: The moment when you have both @bathphil AND #bbcyoungmusician finalist @JessGillamSax playing alongside KES Senior Orchestra d\xe2\x80\xa6',London
2018-04-18 21:33:07,b'RT @KESBath: The moment when you have both @bathphil AND #bbcyoungmusician finalist @JessGillamSax playing alongside KES Senior Orchestra d\xe2\x80\xa6',London
2018-04-18 21:26:31,"b"" #bbcyoungmusician RT @BBCYoungMus: This Friday it's the turn of five outstanding woodwind musicians to take centre stage all hoping to win the third place in\xe2\x80\xa6""",London
2018-04-18 18:43:23,"b"" #bbcyoungmusician RT @BBCYoungMus: This Friday it's the turn of five outstanding woodwind musicians to take centre stage all hoping to win the third place in\xe2\x80\xa6""",London
2018-04-18 18:40:20,"b"" #bbcyoungmusician RT @BBCYoungMus: This Friday it's the turn of five outstanding woodwind musicians to take centre stage all hoping to win the third place in\xe2\x80\xa6""",London
2018-04-18 18:09:17,"b"" #bbcyoungmusician RT @BBCYoungMus: This Friday it's the turn of five outstanding woodwind musicians to take centre stage all hoping to win the third place in\xe2\x80\xa6""",London
2018-04-18 18:07:46,b'RT @KESBath: The moment when you have both @bathphil AND #bbcyoungmusician finalist @JessGillamSax playing alongside KES Senior Orchestra d\xe2\x80\xa6',London
2018-04-18 15:58:05,b'The moment when you have both @bathphil AND #bbcyoungmusician finalist @JessGillamSax playing alongside KES Senior\xe2\x80\xa6 https://t.co/5jBP1GLODR',London
2018-04-18 15:11:06,"b' #bbcyoungmusician RT @BBCYoungMus: TICKET ALERT: @THSHBirmingham will be releasing more tickets TOMORROW 10AM for the Grand Final (Sun 13th May, 4-7pm)\nhttps\xe2\x80\xa6'",London
2018-04-18 15:09:57,"b' #bbcyoungmusician RT @BBCYoungMus: TICKET ALERT: @THSHBirmingham will be releasing more tickets TOMORROW 10AM for the Grand Final (Sun 13th May, 4-7pm)\nhttps\xe2\x80\xa6'",London
2018-04-18 15:01:44,b'RT @KESBath: Local primary schools and KES musicians set to take part in an orchestral workshop with @bathphil &amp; #BBCyoungmusician finalist\xe2\x80\xa6',London
2018-04-18 13:52:40,b'RT @KESBath: Local primary schools and KES musicians set to take part in an orchestral workshop with @bathphil &amp; #BBCyoungmusician finalist\xe2\x80\xa6',London
2018-04-18 12:45:44,"b' #bbcyoungmusician RT @BBCYoungMus: TICKET ALERT: @THSHBirmingham will be releasing more tickets TOMORROW 10AM for the Grand Final (Sun 13th May, 4-7pm)\nhttps\xe2\x80\xa6'",London
2018-04-18 12:20:51,"b' #bbcyoungmusician RT @BBCYoungMus: TICKET ALERT: @THSHBirmingham will be releasing more tickets TOMORROW 10AM for the Grand Final (Sun 13th May, 4-7pm)\nhttps\xe2\x80\xa6'",London
2018-04-18 10:33:38,"b"" #bbcyoungmusician RT @BBCYoungMus: This Friday it's the turn of five outstanding woodwind musicians to take centre stage all hoping to win the third place in\xe2\x80\xa6""",London
2018-04-18 10:15:31,"b"" #bbcyoungmusician RT @BBCYoungMus: This Friday it's the turn of five outstanding woodwind musicians to take centre stage all hoping to win the third place in\xe2\x80\xa6""",London
2018-04-18 09:09:16,b' #bbcyoungmusician RT @THSHBirmingham: FURTHER SEATS RELEASED for the @BBCYoungMus Grand Final on Sunday 13 May. They have made it through four competitive ro\xe2\x80\xa6',London
2018-04-18 09:07:20,"b"" #bbcyoungmusician RT @BBCYoungMus: This Friday it's the turn of five outstanding woodwind musicians to take centre stage all hoping to win the third place in\xe2\x80\xa6""",London
2018-04-18 09:07:11,b' #bbcyoungmusician RT @THSHBirmingham: FURTHER SEATS RELEASED for the @BBCYoungMus Grand Final on Sunday 13 May. They have made it through four competitive ro\xe2\x80\xa6',London
2018-04-18 09:06:47,b' #bbcyoungmusician RT @THSHBirmingham: FURTHER SEATS RELEASED for the @BBCYoungMus Grand Final on Sunday 13 May. They have made it through four competitive ro\xe2\x80\xa6',London
2018-04-18 09:02:10,b' #bbcyoungmusician RT @THSHBirmingham: FURTHER SEATS RELEASED for the @BBCYoungMus Grand Final on Sunday 13 May. They have made it through four competitive ro\xe2\x80\xa6',London
2018-04-18 09:00:09,b' #bbcyoungmusician FURTHER SEATS RELEASED for the @BBCYoungMus Grand Final on Sunday 13 May. They have made it through four competitiv\xe2\x80\xa6 https://t.co/A4voYz7SuZ',London
2018-04-18 08:36:17,"b"" #bbcyoungmusician RT @BBCYoungMus: This Friday it's the turn of five outstanding woodwind musicians to take centre stage all hoping to win the third place in\xe2\x80\xa6""",London
2018-04-18 08:18:29,"b"" #bbcyoungmusician RT @BBCYoungMus: This Friday it's the turn of five outstanding woodwind musicians to take centre stage all hoping to win the third place in\xe2\x80\xa6""",London
2018-04-18 06:29:41,"b' #bbcyoungmusician RT @BBCRadio3: \xe2\x80\x9cPeople want you to do well. They actually want to see the performance, and that includes all the little things that might g\xe2\x80\xa6'",London
2018-04-18 06:12:23,"b"" #bbcyoungmusician RT @BBCYoungMus: This Friday it's the turn of five outstanding woodwind musicians to take centre stage all hoping to win the third place in\xe2\x80\xa6""",London
2018-04-17 22:47:55,b'RT @KESBath: Local primary schools and KES musicians set to take part in an orchestral workshop with @bathphil &amp; #BBCyoungmusician finalist\xe2\x80\xa6',London
2018-04-17 22:13:00,"b"" #bbcyoungmusician RT @BBCYoungMus: This Friday it's the turn of five outstanding woodwind musicians to take centre stage all hoping to win the third place in\xe2\x80\xa6""",London
2018-04-17 21:35:35,"b' #bbcyoungmusician RT @BBCYoungMus: TICKET ALERT: @THSHBirmingham will be releasing more tickets TOMORROW 10AM for the Grand Final (Sun 13th May, 4-7pm)\nhttps\xe2\x80\xa6'",London
2018-04-17 21:35:26,"b"" #bbcyoungmusician RT @BBCYoungMus: This Friday it's the turn of five outstanding woodwind musicians to take centre stage all hoping to win the third place in\xe2\x80\xa6""",London
2018-04-17 21:31:23,"b' #bbcyoungmusician RT @BBCYoungMus: TICKET ALERT: @THSHBirmingham will be releasing more tickets TOMORROW 10AM for the Grand Final (Sun 13th May, 4-7pm)\nhttps\xe2\x80\xa6'",London
2018-04-17 21:23:23,"b' #bbcyoungmusician RT @BBCYoungMus: TICKET ALERT: @THSHBirmingham will be releasing more tickets TOMORROW 10AM for the Grand Final (Sun 13th May, 4-7pm)\nhttps\xe2\x80\xa6'",London
2018-04-17 21:21:54,"b"" #bbcyoungmusician RT @BBCYoungMus: This Friday it's the turn of five outstanding woodwind musicians to take centre stage all hoping to win the third place in\xe2\x80\xa6""",London
2018-04-17 21:20:56,"b' #bbcyoungmusician RT @BBCYoungMus: TICKET ALERT: @THSHBirmingham will be releasing more tickets TOMORROW 10AM for the Grand Final (Sun 13th May, 4-7pm)\nhttps\xe2\x80\xa6'",London
2018-04-17 21:12:52,"b"" #bbcyoungmusician RT @BBCYoungMus: This Friday it's the turn of five outstanding woodwind musicians to take centre stage all hoping to win the third place in\xe2\x80\xa6""",London
2018-04-17 21:10:13,"b"" #bbcyoungmusician RT @BBCYoungMus: This Friday it's the turn of five outstanding woodwind musicians to take centre stage all hoping to win the third place in\xe2\x80\xa6""",London
2018-04-17 21:04:18,"b"" #bbcyoungmusician RT @BBCYoungMus: This Friday it's the turn of five outstanding woodwind musicians to take centre stage all hoping to win the third place in\xe2\x80\xa6""",London
2018-04-17 20:46:09,"b""#BBCYoungMusician and here's Torrin Williams on the guitar... \xf0\x9f\x99\x82\nhttps://t.co/tDJPkeEkGr""",London
2018-04-17 20:33:42,"b"" #bbcyoungmusician RT @BBCYoungMus: This Friday it's the turn of five outstanding woodwind musicians to take centre stage all hoping to win the third place in\xe2\x80\xa6""",London
2018-04-17 20:16:55,"b"" #bbcyoungmusician RT @BBCYoungMus: This Friday it's the turn of five outstanding woodwind musicians to take centre stage all hoping to win the third place in\xe2\x80\xa6""",London
2018-04-17 20:16:22,"b"" #bbcyoungmusician RT @BBCYoungMus: This Friday it's the turn of five outstanding woodwind musicians to take centre stage all hoping to win the third place in\xe2\x80\xa6""",London
2018-04-17 20:13:15,"b"" #bbcyoungmusician RT @BBCYoungMus: This Friday it's the turn of five outstanding woodwind musicians to take centre stage all hoping to win the third place in\xe2\x80\xa6""",London
2018-04-17 20:07:01,"b' #bbcyoungmusician RT @BBCRadio3: Tips from bona fide young musicians on how to get past the ""Nooooooooooo I don\'t wanna practise"" hurdle. We\'ve all been ther\xe2\x80\xa6'",London
2018-04-17 20:05:10,"b""RT @BBCFOUR: How do you cope with stage fright when you're working at music's top level? Listen to the new #BBCYoungMusician podcast with @\xe2\x80\xa6""",London
2018-04-17 20:01:06,"b"" #bbcyoungmusician RT @BBCYoungMus: This Friday it's the turn of five outstanding woodwind musicians to take centre stage all hoping to win the third place in\xe2\x80\xa6""",London
2018-04-17 19:24:50,b'#ClassicalNews #BBCYoungMusician\n\nBBC Young Musician wins #percussion Matthew Brett\n@BBCYoungMus  \n\nhttps://t.co/8ShUq6EN1b',London
2018-04-17 18:53:36,"b"" #bbcyoungmusician RT @BBCYoungMus: This Friday it's the turn of five outstanding woodwind musicians to take centre stage all hoping to win the third place in\xe2\x80\xa6""",London
2018-04-17 18:45:29,"b"" #bbcyoungmusician RT @BBCYoungMus: This Friday it's the turn of five outstanding woodwind musicians to take centre stage all hoping to win the third place in\xe2\x80\xa6""",London
2018-04-17 18:39:34,"b"" #bbcyoungmusician RT @BBCYoungMus: This Friday it's the turn of five outstanding woodwind musicians to take centre stage all hoping to win the third place in\xe2\x80\xa6""",London
2018-04-17 18:26:00,b'RT @KESBath: Local primary schools and KES musicians set to take part in an orchestral workshop with @bathphil &amp; #BBCyoungmusician finalist\xe2\x80\xa6',London
2018-04-17 18:12:50,"b"" #bbcyoungmusician RT @BBCYoungMus: This Friday it's the turn of five outstanding woodwind musicians to take centre stage all hoping to win the third place in\xe2\x80\xa6""",London
2018-04-17 17:57:37,"b'#BBCYoungMusician well, this was certainly very fine... \xf0\x9f\x99\x82\nhttps://t.co/EdFL9AY8af (check from 13:45)'",London
2018-04-17 17:32:05,b'RT @KESBath: Local primary schools and KES musicians set to take part in an orchestral workshop with @bathphil &amp; #BBCyoungmusician finalist\xe2\x80\xa6',London
2018-04-17 17:29:11,"b"" #bbcyoungmusician RT @BBCYoungMus: This Friday it's the turn of five outstanding woodwind musicians to take centre stage all hoping to win the third place in\xe2\x80\xa6""",London
2018-04-17 17:02:43,"b"" #bbcyoungmusician RT @BBCYoungMus: This Friday it's the turn of five outstanding woodwind musicians to take centre stage all hoping to win the third place in\xe2\x80\xa6""",London
2018-04-17 17:01:45,b'RT @KESBath: Local primary schools and KES musicians set to take part in an orchestral workshop with @bathphil &amp; #BBCyoungmusician finalist\xe2\x80\xa6',London
2018-04-17 16:27:07,"b"" #bbcyoungmusician RT @BBCYoungMus: This Friday it's the turn of five outstanding woodwind musicians to take centre stage all hoping to win the third place in\xe2\x80\xa6""",London
2018-04-17 16:17:34,"b"" #bbcyoungmusician RT @BBCYoungMus: This Friday it's the turn of five outstanding woodwind musicians to take centre stage all hoping to win the third place in\xe2\x80\xa6""",London
2018-04-17 16:14:49,b'RT @KESBath: Local primary schools and KES musicians set to take part in an orchestral workshop with @bathphil &amp; #BBCyoungmusician finalist\xe2\x80\xa6',London
2018-04-17 16:11:28,"b' #bbcyoungmusician RT @BBCYoungMus: TICKET ALERT: @THSHBirmingham will be releasing more tickets TOMORROW 10AM for the Grand Final (Sun 13th May, 4-7pm)\nhttps\xe2\x80\xa6'",London
2018-04-17 16:10:45,b'RT @LloydRColeman: GO TEAM WOODWIND! #bbcyoungmusician https://t.co/0rCdamnQ9t',London
2018-04-17 16:06:03,"b"" #bbcyoungmusician RT @BBCYoungMus: This Friday it's the turn of five outstanding woodwind musicians to take centre stage all hoping to win the third place in\xe2\x80\xa6""",London
2018-04-17 15:57:16,"b' #bbcyoungmusician RT @BBCYoungMus: TICKET ALERT: @THSHBirmingham will be releasing more tickets TOMORROW 10AM for the Grand Final (Sun 13th May, 4-7pm)\nhttps\xe2\x80\xa6'",London
2018-04-17 15:50:34,"b' #bbcyoungmusician RT @BBCYoungMus: TICKET ALERT: @THSHBirmingham will be releasing more tickets TOMORROW 10AM for the Grand Final (Sun 13th May, 4-7pm)\nhttps\xe2\x80\xa6'",London
2018-04-17 15:42:18,"b' #bbcyoungmusician RT @BBCYoungMus: TICKET ALERT: @THSHBirmingham will be releasing more tickets TOMORROW 10AM for the Grand Final (Sun 13th May, 4-7pm)\nhttps\xe2\x80\xa6'",London
2018-04-17 15:41:38,"b' #bbcyoungmusician TICKET ALERT: @THSHBirmingham will be releasing more tickets TOMORROW 10AM for the Grand Final (Sun 13th May, 4-7pm\xe2\x80\xa6 https://t.co/RmihXdq9fW'",London
2018-04-17 15:14:43,"b"" #bbcyoungmusician RT @BBCYoungMus: This Friday it's the turn of five outstanding woodwind musicians to take centre stage all hoping to win the third place in\xe2\x80\xa6""",London
2018-04-17 15:11:54,b'RT @KESBath: Local primary schools and KES musicians set to take part in an orchestral workshop with @bathphil &amp; #BBCyoungmusician finalist\xe2\x80\xa6',London
2018-04-17 15:08:23,"b"" #bbcyoungmusician RT @BBCYoungMus: This Friday it's the turn of five outstanding woodwind musicians to take centre stage all hoping to win the third place in\xe2\x80\xa6""",London
2018-04-17 14:59:57,b'GO TEAM WOODWIND! #bbcyoungmusician https://t.co/0rCdamnQ9t',London
2018-04-17 14:50:56,b' #bbcyoungmusician Local primary schools and KES musicians set to take part in an orchestral workshop with @bathphil &amp;\xe2\x80\xa6 https://t.co/7N4roBjESR',London
2018-04-17 14:33:30,"b"" #bbcyoungmusician This Friday it's the turn of five outstanding woodwind musicians to take centre stage all hoping to win the third p\xe2\x80\xa6 https://t.co/m6txmjSu1h""",London
2018-04-17 13:37:10,"b""RT @BBCRadio3: What's the key to staying motivated when you're learning or practising an instrument? Ask the #BBCYoungMusician podcast team\xe2\x80\xa6""",London
2018-04-17 12:53:17,"b""RT @BBCRadio3: What's the key to staying motivated when you're learning or practising an instrument? Ask the #BBCYoungMusician podcast team\xe2\x80\xa6""",London
2018-04-17 10:42:25,b' #bbcyoungmusician RT @thebeercolonel: This compeititon is the best possible advert for why music education should be a priority for both the state and indepe\xe2\x80\xa6',London
2018-04-17 08:58:20,"b""RT @BBCRadio3: What's the key to staying motivated when you're learning or practising an instrument? Ask the #BBCYoungMusician podcast team\xe2\x80\xa6""",London
2018-04-17 08:36:33,"b""RT @BBCRadio3: What's the key to staying motivated when you're learning or practising an instrument? Ask the #BBCYoungMusician podcast team\xe2\x80\xa6""",London
2018-04-17 08:12:06,"b""RT @BBCRadio3: What's the key to staying motivated when you're learning or practising an instrument? Ask the #BBCYoungMusician podcast team\xe2\x80\xa6""",London
2018-04-17 07:58:00,"b""What's the key to staying motivated when you're learning or practising an instrument? Ask the #BBCYoungMusician pod\xe2\x80\xa6 https://t.co/NSEt2gDqlB""",London
2018-04-16 16:54:07,"b' #bbcyoungmusician RT @BBCYoungMus: An exhilarating performance by Matthew Brett earns him a place in the Semi-Final. Bravo, Matthew! Missed it? You can watch\xe2\x80\xa6'",London
2018-04-16 12:40:07,b'Well done Mathew Brett on winning the Percussion final #bbcyoungmusician #Percussion',London
2018-04-16 09:38:33,b'Wonderful percussion players in #BBCYoungMusician and happily accompanists as well as teachers are starting to get a mention.',London
2018-04-16 08:58:06,"b""RT @BBCRadio3: If you've ever sung in the shower, you'll know exactly why the #BBCYoungMusician podcast team are fans of practicing in the\xe2\x80\xa6""",London
2018-04-16 07:15:00,"b""If you've ever sung in the shower, you'll know exactly why the #BBCYoungMusician podcast team are fans of practicin\xe2\x80\xa6 https://t.co/jzBq9NyJlH""",London
2018-04-15 19:38:52,"b"" #bbcyoungmusician RT @BBCRadio3: On a moving train?\nIn the loo?\nWhat's the strangest place you've ever had a practice session?\nhttps://t.co/zn4bBquJ9G #BBCYo\xe2\x80\xa6""",London
2018-04-15 18:38:47,b'RT @HalleYouthChoir: And he\xe2\x80\x99s won!! Hall\xc3\xa9 Youth Orchestra\xe2\x80\x99s percussionist has won #bbcyoungmusician percussion final! \nWELL DONE Matthew Br\xe2\x80\xa6',London
2018-04-15 15:33:46,"b"" #bbcyoungmusician RT @BBCYoungMus: Get ready to be wowed! In just 1 hour it's the turn of our percussion finalists \xf0\x9f\x8e\xb6\xe2\x9c\xa8 Join us tonight at 7.30 @BBCFOUR for 5\xe2\x80\xa6""",London
2018-04-15 11:28:54,"b' #bbcyoungmusician RT @BBCRadio3: Tips from bona fide young musicians on how to get past the ""Nooooooooooo I don\'t wanna practise"" hurdle. We\'ve all been ther\xe2\x80\xa6'",London
2018-04-15 11:11:00,"b"" #bbcyoungmusician On a moving train?\nIn the loo?\nWhat's the strangest place you've ever had a practice session?\xe2\x80\xa6 https://t.co/yvMdSxjqDm""",London
2018-04-15 10:31:38,b'RT @kj_funk: Congrats to Matthew for winning the #bbcyoungmusician Percussion Final! https://t.co/R38lfccFSo',London
2018-04-15 08:32:55,"b"" #bbcyoungmusician RT @BBCYoungMus: Get ready to be wowed! In just 1 hour it's the turn of our percussion finalists \xf0\x9f\x8e\xb6\xe2\x9c\xa8 Join us tonight at 7.30 @BBCFOUR for 5\xe2\x80\xa6""",London
2018-04-14 23:28:41,"b' #bbcyoungmusician RT @BBCYoungMus: An exhilarating performance by Matthew Brett earns him a place in the Semi-Final. Bravo, Matthew! Missed it? You can watch\xe2\x80\xa6'",London
2018-04-14 23:03:03,"b' #bbcyoungmusician RT @BBCRadio3: Tips from bona fide young musicians on how to get past the ""Nooooooooooo I don\'t wanna practise"" hurdle. We\'ve all been ther\xe2\x80\xa6'",London
2018-04-14 22:42:02,"b"" #bbcyoungmusician RT @BBCYoungMus: Get ready to be wowed! In just 1 hour it's the turn of our percussion finalists \xf0\x9f\x8e\xb6\xe2\x9c\xa8 Join us tonight at 7.30 @BBCFOUR for 5\xe2\x80\xa6""",London
2018-04-14 22:41:16,"b' #bbcyoungmusician RT @BBCYoungMus: An exhilarating performance by Matthew Brett earns him a place in the Semi-Final. Bravo, Matthew! Missed it? You can watch\xe2\x80\xa6'",London
2018-04-14 22:32:51,"b' #bbcyoungmusician RT @BBCYoungMus: An exhilarating performance by Matthew Brett earns him a place in the Semi-Final. Bravo, Matthew! Missed it? You can watch\xe2\x80\xa6'",London
2018-04-14 22:31:51,b'RT @kj_funk: Congrats to Matthew for winning the #bbcyoungmusician Percussion Final! https://t.co/R38lfccFSo',London
2018-04-14 21:38:07,"b' #bbcyoungmusician RT @BBCYoungMus: An exhilarating performance by Matthew Brett earns him a place in the Semi-Final. Bravo, Matthew! Missed it? You can watch\xe2\x80\xa6'",London
2018-04-14 20:53:28,"b""RT @BBCRadio3: Musicians - what's the strangest place you've ever had a practice session?\n#BBCYoungMusician https://t.co/zn4bBqMkyg https:/\xe2\x80\xa6""",London
2018-04-14 20:52:36,"b' #bbcyoungmusician RT @BBCYoungMus: An exhilarating performance by Matthew Brett earns him a place in the Semi-Final. Bravo, Matthew! Missed it? You can watch\xe2\x80\xa6'",London
2018-04-14 20:35:07,"b' #bbcyoungmusician RT @BBCRadio3: ""My mum bought me a bracelet for a competition, and I was convinced that it was cursed."" Not that @JessGillamSax has ever le\xe2\x80\xa6'",London
2018-04-14 20:13:40,"b""RT @BBCRadio3: Musicians - what's the strangest place you've ever had a practice session?\n#BBCYoungMusician https://t.co/zn4bBqMkyg https:/\xe2\x80\xa6""",London
2018-04-14 20:12:42,"b""RT @BBCRadio3: Musicians - what's the strangest place you've ever had a practice session?\n#BBCYoungMusician https://t.co/zn4bBqMkyg https:/\xe2\x80\xa6""",London
2018-04-14 20:10:00,"b""Musicians - what's the strangest place you've ever had a practice session?\n#BBCYoungMusician https://t.co/zn4bBqMkyg https://t.co/9HnWFwIP8H""",London
2018-04-14 20:08:43,"b""Was half watching #bbcyoungmusician percussion until  #MeadowBrooks came on. Utterly mesmerising.\xf0\x9f\x98\x8e She'd better win or I'll be after judges.""",London
2018-04-14 19:35:59,"b' #bbcyoungmusician RT @BBCYoungMus: An exhilarating performance by Matthew Brett earns him a place in the Semi-Final. Bravo, Matthew! Missed it? You can watch\xe2\x80\xa6'",London
2018-04-14 19:19:15,"b' #bbcyoungmusician RT @BBCYoungMus: An exhilarating performance by Matthew Brett earns him a place in the Semi-Final. Bravo, Matthew! Missed it? You can watch\xe2\x80\xa6'",London
2018-04-14 18:27:19,"b' #bbcyoungmusician RT @BBCRadio3: Tips from bona fide young musicians on how to get past the ""Nooooooooooo I don\'t wanna practise"" hurdle. We\'ve all been ther\xe2\x80\xa6'",London
2018-04-14 17:42:47,b'RT @kj_funk: Congrats to Matthew for winning the #bbcyoungmusician Percussion Final! https://t.co/R38lfccFSo',London
2018-04-14 17:00:34,"b' #bbcyoungmusician RT @BBCYoungMus: An exhilarating performance by Matthew Brett earns him a place in the Semi-Final. Bravo, Matthew! Missed it? You can watch\xe2\x80\xa6'",London
2018-04-14 16:49:34,"b'RT @BBCYoungMus: The search for the next #bbcyoungmusician begins this Friday with 5 incredible strings finalists@BBCFOUR,7.30. Missed our\xe2\x80\xa6'",London
2018-04-14 15:15:32,b'RT @HalleYouthChoir: And he\xe2\x80\x99s won!! Hall\xc3\xa9 Youth Orchestra\xe2\x80\x99s percussionist has won #bbcyoungmusician percussion final! \nWELL DONE Matthew Br\xe2\x80\xa6',London
2018-04-14 14:58:35,"b' #bbcyoungmusician RT @BBCYoungMus: An exhilarating performance by Matthew Brett earns him a place in the Semi-Final. Bravo, Matthew! Missed it? You can watch\xe2\x80\xa6'",London
2018-04-14 13:54:05,"b' #bbcyoungmusician RT @BBCRadio3: Tips from bona fide young musicians on how to get past the ""Nooooooooooo I don\'t wanna practise"" hurdle. We\'ve all been ther\xe2\x80\xa6'",London
2018-04-14 13:45:35,"b' #bbcyoungmusician RT @BBCRadio3: Tips from bona fide young musicians on how to get past the ""Nooooooooooo I don\'t wanna practise"" hurdle. We\'ve all been ther\xe2\x80\xa6'",London
2018-04-14 13:39:30,"b' #bbcyoungmusician RT @BBCRadio3: Tips from bona fide young musicians on how to get past the ""Nooooooooooo I don\'t wanna practise"" hurdle. We\'ve all been ther\xe2\x80\xa6'",London
2018-04-14 13:13:03,"b' #bbcyoungmusician RT @BBCRadio3: Tips from bona fide young musicians on how to get past the ""Nooooooooooo I don\'t wanna practise"" hurdle. We\'ve all been ther\xe2\x80\xa6'",London
2018-04-14 13:11:32,"b' #bbcyoungmusician Tips from bona fide young musicians on how to get past the ""Nooooooooooo I don\'t wanna practise"" hurdle. We\'ve all\xe2\x80\xa6 https://t.co/76pzbVF9GA'",London
2018-04-14 11:52:48,b'RT @HalleYouthChoir: And he\xe2\x80\x99s won!! Hall\xc3\xa9 Youth Orchestra\xe2\x80\x99s percussionist has won #bbcyoungmusician percussion final! \nWELL DONE Matthew Br\xe2\x80\xa6',London
2018-04-14 10:19:19,"b"" #bbcyoungmusician RT @BBCYoungMus: What's the strangest place you've ever practiced? \xf0\x9f\x9a\xbd \xf0\x9f\x8e\xb6 @JessGillamSax and the gang reveal their most bizarre practice sessi\xe2\x80\xa6""",London
2018-04-14 09:44:37,b'RT @HalleYouthChoir: And he\xe2\x80\x99s won!! Hall\xc3\xa9 Youth Orchestra\xe2\x80\x99s percussionist has won #bbcyoungmusician percussion final! \nWELL DONE Matthew Br\xe2\x80\xa6',London
2018-04-14 09:44:04,b'RT @HalleYouthChoir: And he\xe2\x80\x99s won!! Hall\xc3\xa9 Youth Orchestra\xe2\x80\x99s percussionist has won #bbcyoungmusician percussion final! \nWELL DONE Matthew Br\xe2\x80\xa6',London
2018-04-14 09:40:18,"b' #bbcyoungmusician RT @BBCYoungMus: An exhilarating performance by Matthew Brett earns him a place in the Semi-Final. Bravo, Matthew! Missed it? You can watch\xe2\x80\xa6'",London
2018-04-14 09:24:40,"b"" #bbcyoungmusician RT @BBCYoungMus: Get ready to be wowed! In just 1 hour it's the turn of our percussion finalists \xf0\x9f\x8e\xb6\xe2\x9c\xa8 Join us tonight at 7.30 @BBCFOUR for 5\xe2\x80\xa6""",London
2018-04-14 09:23:40,b'RT @HalleYouthChoir: And he\xe2\x80\x99s won!! Hall\xc3\xa9 Youth Orchestra\xe2\x80\x99s percussionist has won #bbcyoungmusician percussion final! \nWELL DONE Matthew Br\xe2\x80\xa6',London
2018-04-14 08:57:54,"b' #bbcyoungmusician RT @BBCYoungMus: An exhilarating performance by Matthew Brett earns him a place in the Semi-Final. Bravo, Matthew! Missed it? You can watch\xe2\x80\xa6'",London
2018-04-14 08:03:25,"b' #bbcyoungmusician RT @BBCYoungMus: An exhilarating performance by Matthew Brett earns him a place in the Semi-Final. Bravo, Matthew! Missed it? You can watch\xe2\x80\xa6'",London
2018-04-14 07:36:37,"b"" #bbcyoungmusician RT @BBCYoungMus: Get ready to be wowed! In just 1 hour it's the turn of our percussion finalists \xf0\x9f\x8e\xb6\xe2\x9c\xa8 Join us tonight at 7.30 @BBCFOUR for 5\xe2\x80\xa6""",London
2018-04-14 07:11:40,b'RT @HalleYouthChoir: And he\xe2\x80\x99s won!! Hall\xc3\xa9 Youth Orchestra\xe2\x80\x99s percussionist has won #bbcyoungmusician percussion final! \nWELL DONE Matthew Br\xe2\x80\xa6',London
2018-04-14 06:49:54,b'RT @HalleYouthChoir: And he\xe2\x80\x99s won!! Hall\xc3\xa9 Youth Orchestra\xe2\x80\x99s percussionist has won #bbcyoungmusician percussion final! \nWELL DONE Matthew Br\xe2\x80\xa6',London
2018-04-14 06:34:10,"b'RT @BBCYoungMus: Drum roll please! The #bbcyoungmusician search continues as 5 exciting percussionists take to the stage, with plenty of hi\xe2\x80\xa6'",London
2018-04-14 06:16:00,b'RT @HalleYouthChoir: And he\xe2\x80\x99s won!! Hall\xc3\xa9 Youth Orchestra\xe2\x80\x99s percussionist has won #bbcyoungmusician percussion final! \nWELL DONE Matthew Br\xe2\x80\xa6',London
2018-04-14 05:43:50,"b' #bbcyoungmusician RT @BBCYoungMus: An exhilarating performance by Matthew Brett earns him a place in the Semi-Final. Bravo, Matthew! Missed it? You can watch\xe2\x80\xa6'",London
2018-04-14 05:36:14,"b"" #bbcyoungmusician RT @BBCYoungMus: Get ready to be wowed! In just 1 hour it's the turn of our percussion finalists \xf0\x9f\x8e\xb6\xe2\x9c\xa8 Join us tonight at 7.30 @BBCFOUR for 5\xe2\x80\xa6""",London
2018-04-14 05:25:02,"b"" #bbcyoungmusician RT @BBCYoungMus: Get ready to be wowed! In just 1 hour it's the turn of our percussion finalists \xf0\x9f\x8e\xb6\xe2\x9c\xa8 Join us tonight at 7.30 @BBCFOUR for 5\xe2\x80\xa6""",London
2018-04-14 05:10:42,"b'RT @HalleYouthChoir: We hope you\xe2\x80\x99re watching, #matthewbrett #bbcyoungmusician Amazing talent!! \xf0\x9f\x8e\xbc\xf0\x9f\xa5\x81 https://t.co/9fzOPis2Ox'",London
2018-04-14 01:40:41,b'RT @HalleYouthChoir: And he\xe2\x80\x99s won!! Hall\xc3\xa9 Youth Orchestra\xe2\x80\x99s percussionist has won #bbcyoungmusician percussion final! \nWELL DONE Matthew Br\xe2\x80\xa6',London
2018-04-14 00:14:09,"b"" #bbcyoungmusician RT @BBCYoungMus: Get ready to be wowed! In just 1 hour it's the turn of our percussion finalists \xf0\x9f\x8e\xb6\xe2\x9c\xa8 Join us tonight at 7.30 @BBCFOUR for 5\xe2\x80\xa6""",London
2018-04-13 23:46:45,"b"" #bbcyoungmusician RT @BBCYoungMus: Get ready to be wowed! In just 1 hour it's the turn of our percussion finalists \xf0\x9f\x8e\xb6\xe2\x9c\xa8 Join us tonight at 7.30 @BBCFOUR for 5\xe2\x80\xa6""",London
2018-04-13 22:53:24,"b"" #bbcyoungmusician RT @JessGillamSax: My most common practice location revealed in this week's  BBC Young Musician Podcast available now on BBC YM website!! \xf0\x9f\x98\x82\xe2\x80\xa6""",London
2018-04-13 22:28:02,b'RT @kj_funk: Congrats to Matthew for winning the #bbcyoungmusician Percussion Final! https://t.co/R38lfccFSo',London
2018-04-13 22:21:59,"b""RT @kj_funk: It was all about Owen Gunnell's rock hands on tonight's @BBCYoungMus \xf0\x9f\xa4\x98 #bbcyoungmusician \xf0\x9f\xa4\x98#percussion https://t.co/AkE7MEc7MG""",London
2018-04-13 22:20:54,"b""It was all about Owen Gunnell's rock hands on tonight's @BBCYoungMus \xf0\x9f\xa4\x98 #bbcyoungmusician \xf0\x9f\xa4\x98#percussion https://t.co/AkE7MEc7MG""",London
2018-04-13 22:16:50,"b' #bbcyoungmusician RT @BBCYoungMus: An exhilarating performance by Matthew Brett earns him a place in the Semi-Final. Bravo, Matthew! Missed it? You can watch\xe2\x80\xa6'",London
2018-04-13 22:14:58,b'RT @kj_funk: Congrats to Matthew for winning the #bbcyoungmusician Percussion Final! https://t.co/R38lfccFSo',London
2018-04-13 22:11:13,b'RT @kj_funk: Congrats to Matthew for winning the #bbcyoungmusician Percussion Final! https://t.co/R38lfccFSo',London
2018-04-13 22:09:44,"b' #bbcyoungmusician RT @BBCYoungMus: An exhilarating performance by Matthew Brett earns him a place in the Semi-Final. Bravo, Matthew! Missed it? You can watch\xe2\x80\xa6'",London
2018-04-13 22:01:55,b'@kj_funk  Fab to see you on my telly box this eve. I shouted with glee. #bbcyoungmusician',London
2018-04-13 21:59:35,"b' #bbcyoungmusician RT @BBCYoungMus: An exhilarating performance by Matthew Brett earns him a place in the Semi-Final. Bravo, Matthew! Missed it? You can watch\xe2\x80\xa6'",London
2018-04-13 21:58:46,"b"" #bbcyoungmusician RT @BBCYoungMus: Get ready to be wowed! In just 1 hour it's the turn of our percussion finalists \xf0\x9f\x8e\xb6\xe2\x9c\xa8 Join us tonight at 7.30 @BBCFOUR for 5\xe2\x80\xa6""",London
2018-04-13 21:58:39,"b""RT @facey2604: Was so thrilled to watch this evenings percussion final of #BBCYoungMusician live in Birmingham and it's a treat to re live\xe2\x80\xa6""",London
2018-04-13 21:40:30,b'Really impressive percussion final of #bbcyoungmusician - what a gifted and exciting next generation of musicians!',London
2018-04-13 21:24:56,"b' #bbcyoungmusician RT @BBCYoungMus: An exhilarating performance by Matthew Brett earns him a place in the Semi-Final. Bravo, Matthew! Missed it? You can watch\xe2\x80\xa6'",London
2018-04-13 21:22:14,"b' #bbcyoungmusician RT @BBCYoungMus: An exhilarating performance by Matthew Brett earns him a place in the Semi-Final. Bravo, Matthew! Missed it? You can watch\xe2\x80\xa6'",London
2018-04-13 21:10:44,"b"" #bbcyoungmusician RT @BBCYoungMus: What's the strangest place you've ever practiced? \xf0\x9f\x9a\xbd \xf0\x9f\x8e\xb6 @JessGillamSax and the gang reveal their most bizarre practice sessi\xe2\x80\xa6""",London
2018-04-13 21:10:24,"b"" #bbcyoungmusician RT @BBCYoungMus: Get ready to be wowed! In just 1 hour it's the turn of our percussion finalists \xf0\x9f\x8e\xb6\xe2\x9c\xa8 Join us tonight at 7.30 @BBCFOUR for 5\xe2\x80\xa6""",London
2018-04-13 20:58:54,"b' #bbcyoungmusician RT @BBCYoungMus: An exhilarating performance by Matthew Brett earns him a place in the Semi-Final. Bravo, Matthew! Missed it? You can watch\xe2\x80\xa6'",London
2018-04-13 20:57:11,"b' #bbcyoungmusician RT @BBCYoungMus: An exhilarating performance by Matthew Brett earns him a place in the Semi-Final. Bravo, Matthew! Missed it? You can watch\xe2\x80\xa6'",London
2018-04-13 20:56:10,"b' #bbcyoungmusician RT @BBCYoungMus: An exhilarating performance by Matthew Brett earns him a place in the Semi-Final. Bravo, Matthew! Missed it? You can watch\xe2\x80\xa6'",London
2018-04-13 20:52:33,b'RT @HalleYouthChoir: And he\xe2\x80\x99s won!! Hall\xc3\xa9 Youth Orchestra\xe2\x80\x99s percussionist has won #bbcyoungmusician percussion final! \nWELL DONE Matthew Br\xe2\x80\xa6',London
2018-04-13 20:49:10,"b' #bbcyoungmusician RT @BBCYoungMus: An exhilarating performance by Matthew Brett earns him a place in the Semi-Final. Bravo, Matthew! Missed it? You can watch\xe2\x80\xa6'",London
2018-04-13 20:46:30,"b' #bbcyoungmusician RT @BBCYoungMus: An exhilarating performance by Matthew Brett earns him a place in the Semi-Final. Bravo, Matthew! Missed it? You can watch\xe2\x80\xa6'",London
2018-04-13 20:42:06,b'Well done Mathew Brett on winning the percussion final.#bbcyoungmusician #percussion',London
2018-04-13 20:41:46,"b' #bbcyoungmusician RT @BBCYoungMus: An exhilarating performance by Matthew Brett earns him a place in the Semi-Final. Bravo, Matthew! Missed it? You can watch\xe2\x80\xa6'",London
2018-04-13 20:39:46,b'RT @kj_funk: Congrats to Matthew for winning the #bbcyoungmusician Percussion Final! https://t.co/R38lfccFSo',London
2018-04-13 20:35:45,"b'RT @BBCFOUR: ""How do people get this impression that great music is not for them?\xe2\x80\x9d #BBCYoungMusician https://t.co/6ep0pDMPMu'",London
2018-04-13 20:35:05,b'Congrats to Matthew for winning the #bbcyoungmusician Percussion Final! https://t.co/R38lfccFSo',London
2018-04-13 20:30:13,"b' #bbcyoungmusician RT @BBCYoungMus: An exhilarating performance by Matthew Brett earns him a place in the Semi-Final. Bravo, Matthew! Missed it? You can watch\xe2\x80\xa6'",London
2018-04-13 20:23:53,b'RT @HalleYouthChoir: And he\xe2\x80\x99s won!! Hall\xc3\xa9 Youth Orchestra\xe2\x80\x99s percussionist has won #bbcyoungmusician percussion final! \nWELL DONE Matthew Br\xe2\x80\xa6',London
2018-04-13 20:11:52,"b"" #bbcyoungmusician RT @BBCYoungMus: Get ready to be wowed! In just 1 hour it's the turn of our percussion finalists \xf0\x9f\x8e\xb6\xe2\x9c\xa8 Join us tonight at 7.30 @BBCFOUR for 5\xe2\x80\xa6""",London
2018-04-13 20:11:43,"b' #bbcyoungmusician RT @BBCYoungMus: An exhilarating performance by Matthew Brett earns him a place in the Semi-Final. Bravo, Matthew! Missed it? You can watch\xe2\x80\xa6'",London
2018-04-13 20:08:53,"b' #bbcyoungmusician RT @BBCYoungMus: An exhilarating performance by Matthew Brett earns him a place in the Semi-Final. Bravo, Matthew! Missed it? You can watch\xe2\x80\xa6'",London
2018-04-13 20:06:45,b'RT @Take7Edu: Wow well done Matthew Brett! Amazing young musicians performing tonight #Percussion @BBCYoungMus @bbcmusic #BBCYoungMusician\xe2\x80\xa6',London
2018-04-13 20:06:40,b'RT @HalleYouthChoir: And he\xe2\x80\x99s won!! Hall\xc3\xa9 Youth Orchestra\xe2\x80\x99s percussionist has won #bbcyoungmusician percussion final! \nWELL DONE Matthew Br\xe2\x80\xa6',London
2018-04-13 20:06:16,"b' #bbcyoungmusician RT @BBCYoungMus: An exhilarating performance by Matthew Brett earns him a place in the Semi-Final. Bravo, Matthew! Missed it? You can watch\xe2\x80\xa6'",London
2018-04-13 20:05:00,"b' #bbcyoungmusician An exhilarating performance by Matthew Brett earns him a place in the Semi-Final. Bravo, Matthew! Missed it? You ca\xe2\x80\xa6 https://t.co/kS876g2cbq'",London
2018-04-13 20:01:03,b'Well done Matthew- loved that final drum piece #BBCYoungMusician',London
2018-04-13 20:00:08,b'RT @HalleYouthChoir: And he\xe2\x80\x99s won!! Hall\xc3\xa9 Youth Orchestra\xe2\x80\x99s percussionist has won #bbcyoungmusician percussion final! \nWELL DONE Matthew Br\xe2\x80\xa6',London
2018-04-13 19:59:42,"b'Dear young people, stop being so bloody talented and amazing would you. #bbcyoungmusician'",London
2018-04-13 19:59:07,b'And he\xe2\x80\x99s won!! Hall\xc3\xa9 Youth Orchestra\xe2\x80\x99s percussionist has won #bbcyoungmusician percussion final! \nWELL DONE Matthew Brett \xf0\x9f\x8f\x85\xf0\x9f\x8f\x86\xf0\x9f\xa5\x87\xf0\x9f\xa5\x81\xf0\x9f\x8e\xbc\xe2\xad\x90\xef\xb8\x8f\xf0\x9f\x91\x8d',London
2018-04-13 19:58:43,b' #bbcyoungmusician Wow well done Matthew Brett! Amazing young musicians performing tonight #Percussion @BBCYoungMus @bbcmusic\xe2\x80\xa6 https://t.co/oTMSV0k05O',London
2018-04-13 19:58:10,b'So pleased he won but all the percussion finalists were amazingly talented. #bbcyoungmusician https://t.co/kPw2S15akG',London
2018-04-13 19:56:55,"b'RT @facey2604: What a groove in ""Crossover"" by Jan Bradley! Cannot wait for the sheet music for that to become available!  #BBCYoungMusician'",London
2018-04-13 19:55:49,"b' #bbcyoungmusician I agree with joby , all 5 percussionists were so good , the hours of practice they put in ! It was all brilliant .\xe2\x80\xa6 https://t.co/SFdktoiKCV'",London
2018-04-13 19:55:31,"b"" #bbcyoungmusician Well, definitely between Alexander and Matthew here, I'd go for Alexander just but you'd not complain if either of\xe2\x80\xa6 https://t.co/dEgzgoCIG2""",London
2018-04-13 19:55:18,b'Final piece by Matthew Brett was a stunner! Demonstrated the versatility of the drums and theatricality so well. #BBCYoungMusician',London
2018-04-13 19:53:58,"b""I agree with the analysis, was really surprised just how much of each player's personality came through in their pieces. #bbcyoungmusician""",London
2018-04-13 19:53:37,b'#bbcyoungmusician  Hell fire.  What magnificent performances from all percussionists - thank you for sharing your t\xe2\x80\xa6 https://t.co/TxYl09lNqO',London
2018-04-13 19:53:04,"b'What a groove in ""Crossover"" by Jan Bradley! Cannot wait for the sheet music for that to become available!  #BBCYoungMusician'",London
2018-04-13 19:52:26,b' #bbcyoungmusician Good day talking #GDPR with colleagues; looking forward to The #Bernstein Beat concert tomorrow @StollerHall - but\xe2\x80\xa6 https://t.co/T494V6sw9C',London
2018-04-13 19:51:48,b'Wow! What a variety of pieces and phenomenal playing on #bbcyoungmusician tonight.',London
2018-04-13 19:50:15,b'Percussion is a revelation #bbcyoungmusician',London
2018-04-13 19:48:20,b'This drummer is sick \xf0\x9f\x99\x8c\xf0\x9f\x8f\xbb #bbcyoungmusician',London
2018-04-13 19:48:11,b'Nice to hear a bit of Xenakis on @BBCFOUR \n#BBCyoungmusician',London
2018-04-13 19:47:48,b' #bbcyoungmusician Oh my what a travesty! Why edit out basically that whole piece! Odessa is amazing and we only saw about 29 seconds\xe2\x80\xa6 https://t.co/CQDz9QE45h',London
2018-04-13 19:44:56,"b"" #bbcyoungmusician RT @BBCYoungMus: Get ready to be wowed! In just 1 hour it's the turn of our percussion finalists \xf0\x9f\x8e\xb6\xe2\x9c\xa8 Join us tonight at 7.30 @BBCFOUR for 5\xe2\x80\xa6""",London
2018-04-13 19:43:23,"b'We hope you\xe2\x80\x99re watching, #matthewbrett #bbcyoungmusician Amazing talent!! \xf0\x9f\x8e\xbc\xf0\x9f\xa5\x81 https://t.co/9fzOPis2Ox'",London
2018-04-13 19:40:09,"b""Loving Alex Pullen's programme &amp; compelling performance \n#bbcyoungmusician""",London
2018-04-13 19:38:49,"b'@fem_fatales Ditto, missed opportunity! #lovepersussion Hope one of them wins this year! #BBCYOUNGMUSICIAN'",London
2018-04-13 19:38:10,b'Absolutely mesmerised watching #BBCYoungMusician \xf0\x9f\xa4\xaf mind is blown by these percussionists! So talented!',London
2018-04-13 19:38:04,b'That Sejourne is gold!!  #BBCYoungMusician',London
2018-04-13 19:37:59,b'Glad he enjoyed it. #bbcyoungmusician',London
2018-04-13 19:37:35,"b""Watching this now, I'd just like to apologies to my music teachers for being quite so knee trembingly awful and amusical.  #bbcyoungmusician""",London
2018-04-13 19:37:22,"b""Oooh! I enjoyed that! He's only 15!! Fabulous stuff. #bbcyoungmusician""",London
2018-04-13 19:34:17,b'Loving Alexander\xe2\x80\x99s programme so far #bbcyoungmusician',London
2018-04-13 19:33:47,b' #bbcyoungmusician The technical standard of the young percussionists these days is incredible. But part of me also wants to hear them\xe2\x80\xa6 https://t.co/EFbSPOyQK5',London
2018-04-13 19:32:07,"b'The percussion round on #bbcyoungmusician is always my favourite, I wish I was cool enough to have picked a percussion instrument...'",London
2018-04-13 19:29:49,"b'This is properly gripping stuff, some top notch drumming here. #BBCYoungMusician'",London
2018-04-13 19:24:32,b'RT @lisastevens2: #bbcyoungmusician \xf0\x9f\xa5\x81\xf0\x9f\x8e\xbc\xf0\x9f\x8e\xb6\xf0\x9f\x8e\xb6 Wow... Meadow Brooks is superb!  Such fabulous co-ordination and musicality.',London
2018-04-13 19:23:21,"b'RT @facey2604: Experimental Sounds, pushing boundaries of Music and art from such young players is amazing!  #BBCYoungMusician'",London
2018-04-13 19:22:48,"b""If you're not watching #bbcyoungmusician percussion final, then why not? Some amazing skills on show tonight.""",London
2018-04-13 19:22:16,b'Meadow was sick. #BBCYoungMusician',London
2018-04-13 19:22:10,b'Watching some serious musical talent on BBC Young Musician 2018 on @BBCFOUR #BBCYoungMusician',London
2018-04-13 19:22:04,b'The percussion heat of #BBCyoungmusician is always the best. Brilliant talent and really interesting music choices. Loving it.',London
2018-04-13 19:22:03,"b' #bbcyoungmusician An amazing performance by meadow , loved all three pieces and that drum piece on 13 drums was fab .\xe2\x80\xa6 https://t.co/lAn9Fb2Kea'",London
2018-04-13 19:21:27,b'#bbcyoungmusician \xf0\x9f\xa5\x81\xf0\x9f\x8e\xbc\xf0\x9f\x8e\xb6\xf0\x9f\x8e\xb6 Wow... Meadow Brooks is superb!  Such fabulous co-ordination and musicality.',London
2018-04-13 19:20:36,"b""RT @BBCFOUR: #BBCYoungMusician is back, and this time, it's brought the multi-instrumentalists. Percussion Category Final. Tonight, 7.30pm,\xe2\x80\xa6""",London
2018-04-13 19:20:11,"b""I think I could listen to Burritt's, Caritas all day! \xf0\x9f\x98\x8d\xf0\x9f\x98\x8d #BBCYoungMusician""",London
2018-04-13 19:17:31,b' #bbcyoungmusician This compeititon is the best possible advert for why music education should be a priority for both the state and in\xe2\x80\xa6 https://t.co/6BqXM25rqE',London
2018-04-13 19:16:07,"b'Experimental Sounds, pushing boundaries of Music and art from such young players is amazing!  #BBCYoungMusician'",London
2018-04-13 19:12:41,"b"" #bbcyoungmusician RT @BBCYoungMus: Get ready to be wowed! In just 1 hour it's the turn of our percussion finalists \xf0\x9f\x8e\xb6\xe2\x9c\xa8 Join us tonight at 7.30 @BBCFOUR for 5\xe2\x80\xa6""",London
2018-04-13 19:11:57,"b'RT @thebeercolonel: OK, electric Ms word voice and drums not quite my thing, this is dashed peculiar. #BBCYoungMusician'",London
2018-04-13 19:11:31,"b"" #bbcyoungmusician RT @BBCYoungMus: Get ready to be wowed! In just 1 hour it's the turn of our percussion finalists \xf0\x9f\x8e\xb6\xe2\x9c\xa8 Join us tonight at 7.30 @BBCFOUR for 5\xe2\x80\xa6""",London
2018-04-13 19:09:25,"b"" #bbcyoungmusician RT @BBCYoungMus: Get ready to be wowed! In just 1 hour it's the turn of our percussion finalists \xf0\x9f\x8e\xb6\xe2\x9c\xa8 Join us tonight at 7.30 @BBCFOUR for 5\xe2\x80\xa6""",London
2018-04-13 19:07:25,"b""Was so thrilled to watch this evenings percussion final of #BBCYoungMusician live in Birmingham and it's a treat to re live it again!""",London
2018-04-13 19:07:03,"b"" #bbcyoungmusician RT @BBCYoungMus: Get ready to be wowed! In just 1 hour it's the turn of our percussion finalists \xf0\x9f\x8e\xb6\xe2\x9c\xa8 Join us tonight at 7.30 @BBCFOUR for 5\xe2\x80\xa6""",London
2018-04-13 19:05:57,b'The second piece was much better. #BBCYoungMusician',London
2018-04-13 19:02:07,b'Well this is a rather fine piece. #BBCYoungMusician',London
2018-04-13 19:01:55,"b'Almost forgot it was #bbcyoungmusician tonight, but really pleased to catch the last bit of that amazing percussion piece with voice.'",London
2018-04-13 18:57:49,"b""I like this young lad. I just can't stand this piece of music. The digital voice is just irritating. #BBCYoungMusician""",London
2018-04-13 18:56:47,"b'OK, electric Ms word voice and drums not quite my thing, this is dashed peculiar. #BBCYoungMusician'",London
2018-04-13 18:53:43,"b""RT @the_halle: Tonight, we'll be cheering on @HalleYouthOrch member Matthew Brett in the percussion finals of #bbcyoungmusician https://t.c\xe2\x80\xa6""",London
2018-04-13 18:47:17,"b"" #bbcyoungmusician RT @BBCYoungMus: Get ready to be wowed! In just 1 hour it's the turn of our percussion finalists \xf0\x9f\x8e\xb6\xe2\x9c\xa8 Join us tonight at 7.30 @BBCFOUR for 5\xe2\x80\xa6""",London
2018-04-13 18:45:05,"b""RT @BBCFOUR: #BBCYoungMusician is back, and this time, it's brought the multi-instrumentalists. Percussion Category Final. Tonight, 7.30pm,\xe2\x80\xa6""",London
2018-04-13 18:44:20,"b"" #bbcyoungmusician RT @BBCYoungMus: Get ready to be wowed! In just 1 hour it's the turn of our percussion finalists \xf0\x9f\x8e\xb6\xe2\x9c\xa8 Join us tonight at 7.30 @BBCFOUR for 5\xe2\x80\xa6""",London
2018-04-13 18:43:29,b'Lovely music in this could be in the background of what ever you doing tonight #bbcyoungmusician',London
2018-04-13 18:42:59,"b'Not certain I can take an evening of solo percussion on #BBCYoungMusician, though the marimba does make a lovely sound.'",London
2018-04-13 18:39:23,b'RT @BBCArtsPR: The search for the next #bbcyoungmusician continues as five exciting percussionists take to the stage to compete for a place\xe2\x80\xa6',London
2018-04-13 18:38:15,"b'Excellent, #BBCYoungMusician time. \xf0\x9f\x8e\xb5'",London
2018-04-13 18:38:10,"b"" #bbcyoungmusician RT @BBCYoungMus: Get ready to be wowed! In just 1 hour it's the turn of our percussion finalists \xf0\x9f\x8e\xb6\xe2\x9c\xa8 Join us tonight at 7.30 @BBCFOUR for 5\xe2\x80\xa6""",London
2018-04-13 18:34:14,"b"" #bbcyoungmusician RT @BBCYoungMus: Get ready to be wowed! In just 1 hour it's the turn of our percussion finalists \xf0\x9f\x8e\xb6\xe2\x9c\xa8 Join us tonight at 7.30 @BBCFOUR for 5\xe2\x80\xa6""",London
2018-04-13 18:29:53,b'RT @BBCArtsPR: The search for the next #bbcyoungmusician continues as five exciting percussionists take to the stage to compete for a place\xe2\x80\xa6',London
2018-04-13 18:29:46,"b"" #bbcyoungmusician RT @BBCYoungMus: Get ready to be wowed! In just 1 hour it's the turn of our percussion finalists \xf0\x9f\x8e\xb6\xe2\x9c\xa8 Join us tonight at 7.30 @BBCFOUR for 5\xe2\x80\xa6""",London
2018-04-13 18:27:28,"b'If you\xe2\x80\x99re not watching, you need to be! Starting in a couple of mins! #bbcyoungmusician https://t.co/11IEtDXLrB'",London
2018-04-13 18:27:05,"b"" #bbcyoungmusician RT @BBCYoungMus: Get ready to be wowed! In just 1 hour it's the turn of our percussion finalists \xf0\x9f\x8e\xb6\xe2\x9c\xa8 Join us tonight at 7.30 @BBCFOUR for 5\xe2\x80\xa6""",London
2018-04-13 18:06:26,"b"" #bbcyoungmusician RT @BBCYoungMus: Get ready to be wowed! In just 1 hour it's the turn of our percussion finalists \xf0\x9f\x8e\xb6\xe2\x9c\xa8 Join us tonight at 7.30 @BBCFOUR for 5\xe2\x80\xa6""",London
2018-04-13 18:05:57,"b"" #bbcyoungmusician RT @BBCYoungMus: Get ready to be wowed! In just 1 hour it's the turn of our percussion finalists \xf0\x9f\x8e\xb6\xe2\x9c\xa8 Join us tonight at 7.30 @BBCFOUR for 5\xe2\x80\xa6""",London
2018-04-13 17:54:48,"b"" #bbcyoungmusician RT @BBCYoungMus: Get ready to be wowed! In just 1 hour it's the turn of our percussion finalists \xf0\x9f\x8e\xb6\xe2\x9c\xa8 Join us tonight at 7.30 @BBCFOUR for 5\xe2\x80\xa6""",London
2018-04-13 17:52:54,"b"" #bbcyoungmusician RT @BBCYoungMus: Get ready to be wowed! In just 1 hour it's the turn of our percussion finalists \xf0\x9f\x8e\xb6\xe2\x9c\xa8 Join us tonight at 7.30 @BBCFOUR for 5\xe2\x80\xa6""",London
2018-04-13 17:30:02,"b"" #bbcyoungmusician Get ready to be wowed! In just 1 hour it's the turn of our percussion finalists \xf0\x9f\x8e\xb6\xe2\x9c\xa8 Join us tonight at 7.30 @BBCFOUR\xe2\x80\xa6 https://t.co/9u90o9tTv1""",London
2018-04-13 17:20:38,b'The search for the next #bbcyoungmusician continues as five exciting percussionists take to the stage to compete fo\xe2\x80\xa6 https://t.co/kQuYsgI3kg',London
2018-04-13 17:17:32,"b'RT @BBCYoungMus: The search for the next #bbcyoungmusician begins this Friday with 5 incredible strings finalists@BBCFOUR,7.30. Missed our\xe2\x80\xa6'",London
2018-04-13 17:16:31,"b' #bbcyoungmusician RT @JobyBurgess: 5 more super talented young musicians on your TV box this evening. Brilliant programme, check it out ... \n\n#percussion #ta\xe2\x80\xa6'",London
2018-04-13 17:10:46,"b' #bbcyoungmusician 5 more super talented young musicians on your TV box this evening. Brilliant programme, check it out ...\xe2\x80\xa6 https://t.co/7RWMwt4Acw'",London
2018-04-13 17:04:30,"b""RT @BBCFOUR: #BBCYoungMusician is back, and this time, it's brought the multi-instrumentalists. Percussion Category Final. Tonight, 7.30pm,\xe2\x80\xa6""",London
2018-04-13 16:53:43,"b"" #bbcyoungmusician RT @BBCYoungMus: What's the strangest place you've ever practiced? \xf0\x9f\x9a\xbd \xf0\x9f\x8e\xb6 @JessGillamSax and the gang reveal their most bizarre practice sessi\xe2\x80\xa6""",London
2018-04-13 16:41:39,b'Me watching #bbcyoungmusician https://t.co/rRy89pq57l',London
2018-04-13 16:35:46,"b'Also, so excited about the #chinekeorchestra connection with #bbcyoungmusician this year! Simply in awe of everyone \xf0\x9f\x8e\xb8\xf0\x9f\x8e\xbb\xf0\x9f\x8e\xbc\xf0\x9f\x8f\x86'",London
2018-04-13 16:26:20,"b""Just caught Will Duerden giving Maxim Calver that massive bro hug at the end of last week's #bbcyoungmusician and i\xe2\x80\xa6 https://t.co/bdOPQI0Jgr""",London
2018-04-13 16:13:04,"b'RT @BBCYoungMus: Drum roll please! The #bbcyoungmusician search continues as 5 exciting percussionists take to the stage, with plenty of hi\xe2\x80\xa6'",London
2018-04-13 16:12:39,b'RT @bbcmusic: The search for the next #BBCYoungMusician continues as five exciting percussionists take to the stage to compete for a place\xe2\x80\xa6',London
2018-04-13 16:12:25,"b""RT @BBCFOUR: #BBCYoungMusician is back, and this time, it's brought the multi-instrumentalists. Percussion Category Final. Tonight, 7.30pm,\xe2\x80\xa6""",London
2018-04-13 16:11:53,"b"" #bbcyoungmusician RT @BBCYoungMus: What's the strangest place you've ever practiced? \xf0\x9f\x9a\xbd \xf0\x9f\x8e\xb6 @JessGillamSax and the gang reveal their most bizarre practice sessi\xe2\x80\xa6""",London
2018-04-13 14:57:39,"b"" #bbcyoungmusician My most common practice location revealed in this week's  BBC Young Musician Podcast available now on BBC YM websit\xe2\x80\xa6 https://t.co/EiM8We2PVq""",London
2018-04-13 14:26:21,"b""RT @kj_funk: TONIGHT! The percussionists go head to head in #bbcyoungmusician. I'm judging with Owen Gunnell and Daniella Ganeva, plus @Job\xe2\x80\xa6""",London
2018-04-13 12:52:25,"b"" #bbcyoungmusician RT @BBCYoungMus: What's the strangest place you've ever practiced? \xf0\x9f\x9a\xbd \xf0\x9f\x8e\xb6 @JessGillamSax and the gang reveal their most bizarre practice sessi\xe2\x80\xa6""",London
2018-04-13 12:50:52,"b"" #bbcyoungmusician RT @BBCYoungMus: What's the strangest place you've ever practiced? \xf0\x9f\x9a\xbd \xf0\x9f\x8e\xb6 @JessGillamSax and the gang reveal their most bizarre practice sessi\xe2\x80\xa6""",London
2018-04-13 12:04:24,"b""RT @kj_funk: TONIGHT! The percussionists go head to head in #bbcyoungmusician. I'm judging with Owen Gunnell and Daniella Ganeva, plus @Job\xe2\x80\xa6""",London
2018-04-13 11:44:16,"b' #bbcyoungmusician RT @BBCRadio3: ""My mum bought me a bracelet for a competition, and I was convinced that it was cursed."" Not that @JessGillamSax has ever le\xe2\x80\xa6'",London
2018-04-13 11:08:01,"b""RT @BBCFOUR: #BBCYoungMusician is back, and this time, it's brought the multi-instrumentalists. Percussion Category Final. Tonight, 7.30pm,\xe2\x80\xa6""",London
2018-04-13 11:02:35,"b""RT @BBCFOUR: #BBCYoungMusician is back, and this time, it's brought the multi-instrumentalists. Percussion Category Final. Tonight, 7.30pm,\xe2\x80\xa6""",London
2018-04-13 11:01:16,"b"" #bbcyoungmusician What's the strangest place you've ever practiced? \xf0\x9f\x9a\xbd \xf0\x9f\x8e\xb6 @JessGillamSax and the gang reveal their most bizarre practic\xe2\x80\xa6 https://t.co/8zoghB3aWY""",London
2018-04-13 11:00:51,"b""RT @BBCFOUR: #BBCYoungMusician is back, and this time, it's brought the multi-instrumentalists. Percussion Category Final. Tonight, 7.30pm,\xe2\x80\xa6""",London
2018-04-13 11:00:03,"b""#BBCYoungMusician is back, and this time, it's brought the multi-instrumentalists. Percussion Category Final. Tonig\xe2\x80\xa6 https://t.co/A23SFVw0zt""",London
2018-04-13 10:27:31,"b""RT @the_halle: Tonight, we'll be cheering on @HalleYouthOrch member Matthew Brett in the percussion finals of #bbcyoungmusician https://t.c\xe2\x80\xa6""",London
2018-04-13 09:52:24,"b""RT @the_halle: Tonight, we'll be cheering on @HalleYouthOrch member Matthew Brett in the percussion finals of #bbcyoungmusician https://t.c\xe2\x80\xa6""",London
2018-04-13 09:51:44,"b""TONIGHT! The percussionists go head to head in #bbcyoungmusician. I'm judging with Owen Gunnell and Daniella Ganeva\xe2\x80\xa6 https://t.co/wCPcJtSTJF""",London
2018-04-13 09:49:27,"b""RT @the_halle: Tonight, we'll be cheering on @HalleYouthOrch member Matthew Brett in the percussion finals of #bbcyoungmusician https://t.c\xe2\x80\xa6""",London
2018-04-13 09:15:11,"b""Tonight, we'll be cheering on @HalleYouthOrch member Matthew Brett in the percussion finals of #bbcyoungmusician\xe2\x80\xa6 https://t.co/Qmubnss1Uq""",London
2018-04-13 07:00:56,"b' #bbcyoungmusician RT @BBCRadio3: Jess, Zeynep &amp; Sam share pointers for beating nerves in a new podcast for young musicians.\nhttps://t.co/PON8L5u9H8 #BBCYoung\xe2\x80\xa6'",London
2018-04-13 06:04:01,"b' #bbcyoungmusician RT @BBCRadio3: Jess, Zeynep &amp; Sam share pointers for beating nerves in a new podcast for young musicians.\nhttps://t.co/PON8L5u9H8 #BBCYoung\xe2\x80\xa6'",London
2018-04-12 23:45:11,b'RT @bbcmusic: The search for the next #BBCYoungMusician continues as five exciting percussionists take to the stage to compete for a place\xe2\x80\xa6',London
2018-04-12 21:04:42,b'Very proud of Alex in the final #theanchorisouremblem #BBCYoungMusician https://t.co/ZrABkjclDR',London
2018-04-12 20:15:06,"b'Jess, Zeynep &amp; Sam share pointers for beating nerves in a new podcast for young musicians.\nhttps://t.co/PON8L5u9H8 #BBCYoungMusician'",London
2018-04-12 18:20:55,"b'RT @BBCYoungMus: The search for the next #bbcyoungmusician begins this Friday with 5 incredible strings finalists@BBCFOUR,7.30. Missed our\xe2\x80\xa6'",London
2018-04-12 17:39:19,b' #bbcyoungmusician @thoroughlygood @BBCYoungMus stop dumbing it down so much and selling us short - we want more and we want more cont\xe2\x80\xa6 https://t.co/JMVS4Mu7f3',London
2018-04-12 17:35:37,"b'#bbcyoungmusician just caught up with strings final. Slightly puzzled. Undoubted a hugely talented cellist, I\xe2\x80\x99m no\xe2\x80\xa6 https://t.co/MjEg9oEeLD'",London
2018-04-12 16:11:00,b'The search for the next #bbcyoungmusician continues on Friday as five exciting percussionists take to the stage to\xe2\x80\xa6 https://t.co/wujEO9a1DL',London
2018-04-12 10:07:02,"b'RT @BBCYoungMus: Drum roll please! The #bbcyoungmusician search continues as 5 exciting percussionists take to the stage, with plenty of hi\xe2\x80\xa6'",London
2018-04-11 21:49:07,"b'RT @BBCYoungMus: Drum roll please! The #bbcyoungmusician search continues as 5 exciting percussionists take to the stage, with plenty of hi\xe2\x80\xa6'",London
2018-04-11 20:33:33,b'RT @bbcmusic: The search for the next #BBCYoungMusician continues as five exciting percussionists take to the stage to compete for a place\xe2\x80\xa6',London
2018-04-11 20:04:22,b'RT @bbcmusic: The search for the next #BBCYoungMusician continues as five exciting percussionists take to the stage to compete for a place\xe2\x80\xa6',London
2018-04-11 19:38:04,b'RT @bbcmusic: The search for the next #BBCYoungMusician continues as five exciting percussionists take to the stage to compete for a place\xe2\x80\xa6',London
2018-04-11 19:30:06,b'The search for the next #BBCYoungMusician continues as five exciting percussionists take to the stage to compete fo\xe2\x80\xa6 https://t.co/KrwfN98IZF',London
2018-04-11 15:53:39,"b'RT @BBCYoungMus: Drum roll please! The #bbcyoungmusician search continues as 5 exciting percussionists take to the stage, with plenty of hi\xe2\x80\xa6'",London
2018-04-11 15:35:09,"b'RT @BBCYoungMus: Drum roll please! The #bbcyoungmusician search continues as 5 exciting percussionists take to the stage, with plenty of hi\xe2\x80\xa6'",London
2018-04-11 15:14:23,"b'RT @BBCYoungMus: Drum roll please! The #bbcyoungmusician search continues as 5 exciting percussionists take to the stage, with plenty of hi\xe2\x80\xa6'",London
2018-04-11 14:53:53,"b'RT @BBCYoungMus: Drum roll please! The #bbcyoungmusician search continues as 5 exciting percussionists take to the stage, with plenty of hi\xe2\x80\xa6'",London
2018-04-11 14:37:34,"b'RT @BBCYoungMus: Drum roll please! The #bbcyoungmusician search continues as 5 exciting percussionists take to the stage, with plenty of hi\xe2\x80\xa6'",London
2018-04-11 13:34:25,"b'RT @BBCYoungMus: Drum roll please! The #bbcyoungmusician search continues as 5 exciting percussionists take to the stage, with plenty of hi\xe2\x80\xa6'",London
2018-04-11 13:24:38,"b'RT @BBCYoungMus: Drum roll please! The #bbcyoungmusician search continues as 5 exciting percussionists take to the stage, with plenty of hi\xe2\x80\xa6'",London
2018-04-11 13:19:15,"b'RT @BBCYoungMus: Drum roll please! The #bbcyoungmusician search continues as 5 exciting percussionists take to the stage, with plenty of hi\xe2\x80\xa6'",London
2018-04-11 13:17:01,"b'RT @BBCYoungMus: Drum roll please! The #bbcyoungmusician search continues as 5 exciting percussionists take to the stage, with plenty of hi\xe2\x80\xa6'",London
2018-04-11 13:13:26,"b' #bbcyoungmusician RT @BBCRadio3: ""My mum bought me a bracelet for a competition, and I was convinced that it was cursed."" Not that @JessGillamSax has ever le\xe2\x80\xa6'",London
2018-04-11 12:47:12,"b' #bbcyoungmusician RT @BBCRadio3: ""My mum bought me a bracelet for a competition, and I was convinced that it was cursed."" Not that @JessGillamSax has ever le\xe2\x80\xa6'",London
2018-04-11 09:59:37,"b' #bbcyoungmusician RT @BBCRadio3: \xe2\x80\x9cPeople want you to do well. They actually want to see the performance, and that includes all the little things that might g\xe2\x80\xa6'",London
2018-04-11 09:43:27,b'RT @MJBartlettPiano: So looking forward to this concert in such glorious surroundings! #london #piano #recital #bbcym #bbcyoungmusician htt\xe2\x80\xa6',London
2018-04-11 09:00:49,"b' #bbcyoungmusician RT @BBCRadio3: \xe2\x80\x9cPeople want you to do well. They actually want to see the performance, and that includes all the little things that might g\xe2\x80\xa6'",London
2018-04-11 08:55:35,"b""RT @BBCFOUR: How do you cope with stage fright when you're working at music's top level? Listen to the new #BBCYoungMusician podcast with @\xe2\x80\xa6""",London
2018-04-11 08:49:29,"b"" #bbcyoungmusician RT @BBCRadio3: Have you ever been so nervous about something that you had to physically dry your hands? Don't worry - you're among friends.\xe2\x80\xa6""",London
2018-04-11 08:35:24,"b"" #bbcyoungmusician RT @BBCRadio3: Have you ever been so nervous about something that you had to physically dry your hands? Don't worry - you're among friends.\xe2\x80\xa6""",London
2018-04-11 08:26:57,"b'RT @classicalsmoke: The approach to programming #bbcyoungmusician is excellent. Smart to have full performances available on the website, w\xe2\x80\xa6'",London
2018-04-11 08:26:20,"b' #bbcyoungmusician RT @BBCRadio3: \xe2\x80\x9cPeople want you to do well. They actually want to see the performance, and that includes all the little things that might g\xe2\x80\xa6'",London
2018-04-11 08:23:26,"b"" #bbcyoungmusician RT @BBCRadio3: Have you ever been so nervous about something that you had to physically dry your hands? Don't worry - you're among friends.\xe2\x80\xa6""",London
2018-04-11 08:15:55,"b"" #bbcyoungmusician RT @BBCRadio3: Have you ever been so nervous about something that you had to physically dry your hands? Don't worry - you're among friends.\xe2\x80\xa6""",London
2018-04-11 08:12:32,"b"" #bbcyoungmusician Have you ever been so nervous about something that you had to physically dry your hands? Don't worry - you're among\xe2\x80\xa6 https://t.co/wtmbcvzTvt""",London
2018-04-11 07:58:14,"b'RT @BBCYoungMus: Drum roll please! The #bbcyoungmusician search continues as 5 exciting percussionists take to the stage, with plenty of hi\xe2\x80\xa6'",London
2018-04-11 05:57:17,"b'RT @BBCYoungMus: Drum roll please! The #bbcyoungmusician search continues as 5 exciting percussionists take to the stage, with plenty of hi\xe2\x80\xa6'",London
2018-04-11 05:53:08,"b'RT @BBCYoungMus: Drum roll please! The #bbcyoungmusician search continues as 5 exciting percussionists take to the stage, with plenty of hi\xe2\x80\xa6'",London
2018-04-11 05:37:45,"b'RT @BBCYoungMus: Drum roll please! The #bbcyoungmusician search continues as 5 exciting percussionists take to the stage, with plenty of hi\xe2\x80\xa6'",London
2018-04-11 05:37:31,"b""RT @BBCFOUR: How do you cope with stage fright when you're working at music's top level? Listen to the new #BBCYoungMusician podcast with @\xe2\x80\xa6""",London
2018-04-11 05:34:01,"b""RT @BBCFOUR: How do you cope with stage fright when you're working at music's top level? Listen to the new #BBCYoungMusician podcast with @\xe2\x80\xa6""",London
2018-04-11 01:12:36,"b'RT @BBCYoungMus: Drum roll please! The #bbcyoungmusician search continues as 5 exciting percussionists take to the stage, with plenty of hi\xe2\x80\xa6'",London
2018-04-10 23:35:34,"b'RT @BBCYoungMus: Drum roll please! The #bbcyoungmusician search continues as 5 exciting percussionists take to the stage, with plenty of hi\xe2\x80\xa6'",London
2018-04-10 22:14:57,"b'RT @BBCYoungMus: Drum roll please! The #bbcyoungmusician search continues as 5 exciting percussionists take to the stage, with plenty of hi\xe2\x80\xa6'",London
2018-04-10 22:01:53,"b'RT @BBCYoungMus: Drum roll please! The #bbcyoungmusician search continues as 5 exciting percussionists take to the stage, with plenty of hi\xe2\x80\xa6'",London
2018-04-10 20:05:19,b'Congrats to #cellist @calver_max for your victory in the #bbcyoungmusician string category!',London
2018-04-10 20:02:24,"b'RT @BBCYoungMus: Drum roll please! The #bbcyoungmusician search continues as 5 exciting percussionists take to the stage, with plenty of hi\xe2\x80\xa6'",London
2018-04-10 19:55:12,"b'RT @BBCYoungMus: Drum roll please! The #bbcyoungmusician search continues as 5 exciting percussionists take to the stage, with plenty of hi\xe2\x80\xa6'",London
2018-04-10 19:29:26,b'Big news from today: TWO #bbcyoungmusician winners sighted today. Hugged one of them. Arranged a get-together for n\xe2\x80\xa6 https://t.co/djxSFWbQr8',London
2018-04-10 19:23:26,"b'RT @BBCYoungMus: Drum roll please! The #bbcyoungmusician search continues as 5 exciting percussionists take to the stage, with plenty of hi\xe2\x80\xa6'",London
2018-04-10 19:21:12,"b'RT @BBCYoungMus: Drum roll please! The #bbcyoungmusician search continues as 5 exciting percussionists take to the stage, with plenty of hi\xe2\x80\xa6'",London
2018-04-10 19:16:25,"b'RT @BBCYoungMus: Drum roll please! The #bbcyoungmusician search continues as 5 exciting percussionists take to the stage, with plenty of hi\xe2\x80\xa6'",London
2018-04-10 18:49:46,"b'RT @BBCYoungMus: Drum roll please! The #bbcyoungmusician search continues as 5 exciting percussionists take to the stage, with plenty of hi\xe2\x80\xa6'",London
2018-04-10 18:48:43,"b'RT @BBCYoungMus: Drum roll please! The #bbcyoungmusician search continues as 5 exciting percussionists take to the stage, with plenty of hi\xe2\x80\xa6'",London
2018-04-10 18:39:31,"b'RT @BBCYoungMus: Drum roll please! The #bbcyoungmusician search continues as 5 exciting percussionists take to the stage, with plenty of hi\xe2\x80\xa6'",London
2018-04-10 17:55:36,"b'RT @BBCYoungMus: Drum roll please! The #bbcyoungmusician search continues as 5 exciting percussionists take to the stage, with plenty of hi\xe2\x80\xa6'",London
2018-04-10 17:45:11,"b'RT @BBCYoungMus: Drum roll please! The #bbcyoungmusician search continues as 5 exciting percussionists take to the stage, with plenty of hi\xe2\x80\xa6'",London
2018-04-10 17:18:53,"b'RT @BBCYoungMus: Drum roll please! The #bbcyoungmusician search continues as 5 exciting percussionists take to the stage, with plenty of hi\xe2\x80\xa6'",London
2018-04-10 17:08:47,"b' #bbcyoungmusician RT @BBCRadio3: ""My mum bought me a bracelet for a competition, and I was convinced that it was cursed."" Not that @JessGillamSax has ever le\xe2\x80\xa6'",London
