2018-04-20 20:16:27,b'66 - Dangerous position for Falcons as Marshall dives on Kibirige. Visitors earn the penalty on the floor in the 22. [23-12] #GLOvNEW',London
2018-04-20 20:16:20,b'Billy Burns is a firecracker and Twelvetrees as the second playmaker really sets him free. #GLOvNEW',London
2018-04-20 20:15:45,"b'65 - Falcons fling it wide after they are smashed in midfield, still here for the visitors who juggle to keep it alive. [23-12] #GLOvNEW'",London
2018-04-20 20:15:24,"b' #GLOvNEW I fully understand that Polledri is an absolute ridiculous 22 year old, but why do commentators seem shocked by his\xe2\x80\xa6 https://t.co/FmFfTLlCe0'",London
2018-04-20 20:14:31,"b'Glos Reps - Freddie Clarke, Lewis Ludlow ON, Mariano Galarza, Ben Morgan OFF [23-12] #GLOvNEW'",London
2018-04-20 20:13:58,"b' #GLOvNEW 63 - Phase after phase from Glos, including a bright carry from Polledri, but Falcons win penalty over the ball. Ho\xe2\x80\xa6 https://t.co/4giv5uKlXu'",London
2018-04-20 20:13:02,"b"" #GLOvNEW Shocking that Newcastle player didn't look like he expected that ball despite running the line. Schmidt would drop\xe2\x80\xa6 https://t.co/yF0nJRFOwm""",London
2018-04-20 20:12:36,b' #GLOvNEW RT @gloucesterrugby: 61 - Good pressure from the Glos defence forces the knock on from number eight Burrows. Gary Graham the man replaced e\xe2\x80\xa6',London
2018-04-20 20:12:28,"b""Quick peek at the score and then back to hiding behind the sofa til it's all over! #GLOvNEW #glawsfamily""",London
2018-04-20 20:11:29,b' #GLOvNEW 61 - Good pressure from the Glos defence forces the knock on from number eight Burrows. Gary Graham the man replace\xe2\x80\xa6 https://t.co/CfwYysMRRW',London
2018-04-20 20:11:07,"b""\xf0\x9f\x8f\x86 VOTE : It's time to vote for your #GLOSMOTM\n\nWho gets your vote this evening?\n\n#GLOvNEW""",London
2018-04-20 20:10:56,"b' #GLOvNEW 60 - Much better exit this time from Glos, Braley finding the stands to 45m out. Falcons on the ball just inside th\xe2\x80\xa6 https://t.co/v1yolIEIYT'",London
2018-04-20 20:10:41,b'RT @gloucesterrugby: 59 - PENALTY from Twelvetrees is good. Glos 23-12 Falcons #GLOvNEW',London
2018-04-20 20:10:13,"b'Falcons Rep - Rob Vickers ON, Sam Lockwood OFF [23-12] #GLOvNEW'",London
2018-04-20 20:10:03,b'PEN: Billy Twelvetrees makes no mistake this time and makes it Gloucester 23-12 Newcastle. #GLOvNEW https://t.co/4tihz1UYiO',London
2018-04-20 20:09:42,"b'Latest; 57 minutes, penalty Billy Twelvetrees @gloucesterrugby 23 @FalconsRugby 12 @ERChallengeCup semi final #GLOvNEW'",London
2018-04-20 20:09:40,b'59 - PENALTY from Twelvetrees is good. Glos 23-12 Falcons #GLOvNEW',London
2018-04-20 20:09:30,b'RT @TheLooseH: Quick hat-tip:\n\nPascal Gauzere is doing an absolute bang-up job refereeing #GLOvNEW through English.\n\nHow many English speak\xe2\x80\xa6',London
2018-04-20 20:09:17,"b""15188 is today's 50/50 raffle winning ticket, winning \xc2\xa3775.23! #GLOvNEW""",London
2018-04-20 20:08:46,b'58 - Falcons off feet and handing Glos the penalty. Twelvetrees calls for the tee. [20-12] #GLOvNEW',London
2018-04-20 20:08:16,"b'57 - Big carry off the scrum from Atkinson, Glos to 5 metres out as Braley snipes. Over to the big boys. [20-12] #GLOvNEW'",London
2018-04-20 20:07:37,"b'Latest; 54 minutes, try Scott Lawson conversion Joel Hodgeson @gloucesterrugby 20 @FalconsRugby 12 @ERChallengeCup semi final #GLOvNEW'",London
2018-04-20 20:07:31,"b""57 - Dangerous position for Glos, a scrum in left field inside the Falcons' 22. [20-12] #GLOvNEW""",London
2018-04-20 20:06:56,b' #GLOvNEW Some serious jug avoidance there by Scott Lawson leaving the pitch seconds after his 2nd try from a rolling maul. U\xe2\x80\xa6 https://t.co/ryHwZnrPHU',London
2018-04-20 20:06:25,"b'Glos Rep - Josh Hohneck ON, Paddy McAllister OFF [20-12] #GLOvNEW'",London
2018-04-20 20:06:17,b'TRY forced by a massive driving #GLOvNEW and its converted 20-12',London
2018-04-20 20:05:53,"b"" #GLOvNEW 56 - Marshall leaps highest to claim the restart, but it's ripped by Falcons on the floor. Visitors with the ball i\xe2\x80\xa6 https://t.co/LaDm0TZvhR""",London
2018-04-20 20:05:27,b'Quick hat-tip:\n\nPascal Gauzere is doing an absolute bang-up job refereeing #GLOvNEW through English.\n\nHow many Engl\xe2\x80\xa6 https://t.co/P4lBNdiXJP',London
2018-04-20 20:04:58,"b"" #GLOvNEW TRY: Scott Lawson scores his and Newcastle's second try, narrowing the gap, Joel Hodgson adds the conversion, Glouc\xe2\x80\xa6 https://t.co/2CLKvUS4zy""",London
2018-04-20 20:04:46,b'55 - Conversion from Joel Hodgson is good. Glos 20-12 Falcons #GLOvNEW',London
2018-04-20 20:04:37,b' #GLOvNEW Why wouldn\xe2\x80\x99t @FalconsRugby pick first choice half backs for a European Cup semi final? The back up 10 is garbage!\xe2\x80\xa6 https://t.co/mtOUiiQnNi',London
2018-04-20 20:04:30,"b'Falcons Rep - Santi Socino ON, Scott Lawson OFF #GLOvNEW'",London
2018-04-20 20:04:30,b'RT @Ben_Chalky: Knockout rugby always nervy. But I\xe2\x80\x99ll take that @gloucesterrugby !! Come on lads!! #glawsfamily #GLOvNEW',London
2018-04-20 20:04:23,"b' #GLOvNEW score adjustment, 46 minutes try Billy Burns conversion missed Billy Twelvetrees @gloucesterrugby 20 @FalconsRugby\xe2\x80\xa6 https://t.co/YhjVsctIEX'",London
2018-04-20 20:03:51,b'CORRECTION: Scoreboard adjusted back from 22-5 to 20-5 as Twelvetrees missed the conversion. #GLOvNEW https://t.co/8JYRTyBMjO',London
2018-04-20 20:03:49,"b'54 - Try Falcons - Maul works well for the visitors, and Scott Lawson gets his second score. 20-10 #GLOvNEW'",London
2018-04-20 20:03:43,"b""Falcons aren't done quite yet. Two tries and it's a one point game and the reinforcements are on. \n\n#GLOvNEW #ChallengeCup""",London
2018-04-20 20:03:08,"b'Falcons Reps - Witty, Wilson, Radwan ON, Green, Burrows, Mermoz, #GLOvNEW'",London
2018-04-20 20:02:15,b'CORRECTION: We think the last conversion was off target. Glos 20-5 Falcons #GLOvNEW',London
2018-04-20 20:01:51,"b'Good try, Billy Burns.\n#GLOvNEW #ChallengeCup'",London
2018-04-20 20:01:49,"b""52 - Falcons maul, but they're well hit back by Glos as it splinters, penalty advantage from Mr Gauzere. [20-5] #GLOvNEW""",London
2018-04-20 20:01:20,b'@gloucesterrugby @btsportrugby showing 20-5 #GLOvNEW',London
2018-04-20 20:01:08,b'51 - Hodgson drills the penalty into the corner. Falcons line out coming. [20-5] #GLOvNEW',London
2018-04-20 20:00:04,"b'50 - Falcons runner well shackled, but visitors playing with advantage inside the 22. [22-5] #GLOvNEW'",London
2018-04-20 19:58:54,"b'CON: Billy Twelvetrees adds the extras from the tee, Gloucester 22-5 Newcastle. #GLOvNEW https://t.co/dJtLSGsXAr'",London
2018-04-20 19:58:53,"b'49 - Forward pass from Glos in the 22, Falcons with the put in to the scrum in a dangerous position. [22-5] #GLOvNEW'",London
2018-04-20 19:58:23,b'Billeeey! \xf0\x9f\x98\x80 have that!\nTRY! \xf0\x9f\x91\x8f\xf0\x9f\x91\x8f\xf0\x9f\x91\x8f\xf0\x9f\x8f\x89\xf0\x9f\x8d\x92\n@gloucesterrugby\n\n#GLOvNEW',London
2018-04-20 19:57:50,"b"" #GLOvNEW TRY: Billy Burns cuts through for Gloucester's third try collecting a Tom Marshall pass off the floor, Falcons defe\xe2\x80\xa6 https://t.co/7uqXpnnOYH""",London
2018-04-20 19:57:48,b'48 - CONVERSION from Twelvetrees is good. Glos 22-5 Falcons #GLOvNEW',London
2018-04-20 19:57:48,b'Latest; 46 minutes try Billy Burns conversion Billy Twelvetrees @gloucesterrugby 22 @FalconsRugby 5 @ERChallengeCup semi final #GLOvNEW',London
2018-04-20 19:57:32,b'Where was that Newcastle defender off?! \xf0\x9f\x98\x82 Never turn your back on play! #GLOvNEW',London
2018-04-20 19:56:42,b'Billy Burns - classy operator  #GLOvNEW',London
2018-04-20 19:55:58,"b""46 - Ball squirts out of a ruck, but just stays in Falcons' hands. Hodgson finds a good clearance to 40m out. [15-5] #GLOvNEW""",London
2018-04-20 19:54:51,b'\xf0\x9f\x93\xb8 Home crowd in fine voice in that first half. \n\n[15-5] #GLOvNEW https://t.co/Biwi9JQZug',London
2018-04-20 19:54:41,"b"" #GLOvNEW 46 - Woodward had his weetabix, he pins his ears back for the corner, but he's well tackled and brushes the touchli\xe2\x80\xa6 https://t.co/kqz38pr2uc""",London
2018-04-20 19:53:33,b'Come on Glos! #GLOvNEW',London
2018-04-20 19:53:27,b'Mermoz is having a shocker #GLOvNEW',London
2018-04-20 19:52:51,"b"" #GLOvNEW 44 - Ball in the air falls on Falcons' side, but Trinder forces the error, and drags Hammersley into touch in front\xe2\x80\xa6 https://t.co/juZl6Ogz0B""",London
2018-04-20 19:52:17,b'Superb one on one tackle by Grinder. Starting to understand the hype. #GLOvNEW #ChallengeCup',London
2018-04-20 19:51:38,"b' #GLOvNEW 43 - Wonderful from Woodward to soar and claim a high kick, Glos then lose the tackle as a swinging arm from Matave\xe2\x80\xa6 https://t.co/UaLqihdr14'",London
2018-04-20 19:51:25,b'Come On @gloucesterrugby! #GLOvNEW #ChallengeCup \xf0\x9f\x8f\x89 https://t.co/9Je16E5i52',London
2018-04-20 19:51:15,b'First the ref now the cameraman \xf0\x9f\x98\x90 #GLOvNEW',London
2018-04-20 19:51:01,"b'43 - Line out ricochets into a Falcons hand after the hand in at the throw, visitors with the ball inside their own half. [15-5] #GLOvNEW'",London
2018-04-20 19:50:24,b'RT @Ben_Chalky: Knockout rugby always nervy. But I\xe2\x80\x99ll take that @gloucesterrugby !! Come on lads!! #glawsfamily #GLOvNEW',London
2018-04-20 19:50:03,"b' #GLOvNEW RT @Ioan_Dyer: Half time and it\xe2\x80\x99s very much advantage the home side, 2 tries to 0 - @gloucesterrugby 15 @FalconsRugby 5 @ERChallengeCup sem\xe2\x80\xa6'",London
2018-04-20 19:50:03,"b'42 - Good defensive set from Glos, forcing Falcons into the error, and into touch. Glos go quick, but called back for throw. [15-5] #GLOvNEW'",London
2018-04-20 19:49:12,"b'41 - Glos get the ball through the hands, and Braley clears to halfway where Falcons field and have possession. [15-5] #GLOvNEW'",London
2018-04-20 19:48:26,b'LIVE - Joel Hodgson restarts the game at Kingsholm! [15-5] #GLOvNEW',London
2018-04-20 19:48:06,"b""Both teams have returned, no changes to either side, and we're ready to go! #GLOvNEW""",London
2018-04-20 19:47:57,b'Knockout rugby always nervy. But I\xe2\x80\x99ll take that @gloucesterrugby !! Come on lads!! #glawsfamily #GLOvNEW',London
2018-04-20 19:46:22,"b'RT @JimTheGlawsFan: Great first half from the boys, just got to keep the pressure on for the next 40. #GLOvNEW #GlawsToWin #GlawsFamily'",London
2018-04-20 19:44:56,b'\xf0\x9f\x93\xb8 MATCH ACTION \n\n@RuanAckermann takes an offload and looks to make a dent in the Falcons rearguard\n\n#GLOvNEW https://t.co/z7Tpncx6dv',London
2018-04-20 19:44:32,b'Can someone explain to me why Gloucester get home advantage when Newcastle are the higher seed? #GLOvNEW',London
2018-04-20 19:43:45,b'@btsportrugby Really enjoying the insight from Toby Flood tonight #GLOvNEW',London
2018-04-20 19:43:08,b'HT: Gloucester 15-5 Newcastle Falcons #GLOvNEW \n\nAfter a fast Falcons start - Gloucester fight back and carry a des\xe2\x80\xa6 https://t.co/h2abUXeKTo',London
2018-04-20 19:42:11,b'\xf0\x9f\x93\xb8 MATCH ACTION \n\nTry scorer @motz02 looks to step past the Falcons defence \n\n#GLOvNEW https://t.co/faANpmxs2g',London
2018-04-20 19:41:57,b'RT @gloucesterrugby: Nothing better than that roar from The Shed \xf0\x9f\x91\x8f\xf0\x9f\x8f\xbb\xf0\x9f\x94\x8a\n\n#GLOvNEW https://t.co/yiHWrM6NJX',London
2018-04-20 19:41:41,"b""So far so good? Well not good but we're winning @gloucesterrugby \n#GLOvNEW https://t.co/wDiSWPvAo5""",London
2018-04-20 19:41:26,"b' #GLOvNEW #GloucesterRugby (0) 15-5 (0) #NewcastleFalcons HT T: Marshall, Matu\xe2\x80\x99u C: Twelvetrees P: Twelvetrees | T: Lawson\xe2\x80\xa6 https://t.co/yssQ9Ocl5J'",London
2018-04-20 19:41:09,"b' #GLOvNEW Bit of a tight, tense opening to the semi-final in Gloucester. \n\nGloucester pushing ahead right at the death of the\xe2\x80\xa6 https://t.co/WC27ZGvtSr'",London
2018-04-20 19:40:40,"b'Great first half from the boys, just got to keep the pressure on for the next 40. #GLOvNEW #GlawsToWin #GlawsFamily'",London
2018-04-20 19:38:47,b'\xf0\x9f\x93\xb8 MATCH ACTION \n\n@JakePolledri fires up a carry in the first half\n\n#GLOvNEW https://t.co/dVKatextjM',London
2018-04-20 19:38:17,"b'The shed in good voice tonight, even on TV it sounds amazing \xf0\x9f\x98\x80\xf0\x9f\x94\x8a\xf0\x9f\x94\x8a\xf0\x9f\x91\x8f\n#GLOvNEW\n @gloucesterrugby'",London
2018-04-20 19:35:18,"b"" #GLOvNEW Excellent clinical finishing that we don't see too often from a lineout from Gloucester. In this tight game a ten p\xe2\x80\xa6 https://t.co/eYe5fpRf0b""",London
2018-04-20 19:35:13,b'Great 1st half. Need to keep on top of things in the second @gloucesterrugby  #GLOvNEW',London
2018-04-20 19:34:58,"b""RT @gloucesterrugby: \xf0\x9f\x93\xb8 MATCH ACTION \n\nHere's that first try from @Tojo1632 in GIF form! \xf0\x9f\x94\xa5\xf0\x9f\x94\xa5\xf0\x9f\x94\xa5\n\n#GLOvNEW https://t.co/xfgcIslWpt""",London
2018-04-20 19:34:52,"b""RT @gloucesterrugby: \xf0\x9f\x93\xb8 MATCH ACTION \n\nHere's that first try from @Tojo1632 in GIF form! \xf0\x9f\x94\xa5\xf0\x9f\x94\xa5\xf0\x9f\x94\xa5\n\n#GLOvNEW https://t.co/xfgcIslWpt""",London
2018-04-20 19:34:47,b'CONVERSION: Billy Twelvetrees adds the extras to end the first half Gloucester 15-5 Newcastle. #GLOvNEW https://t.co/4bgZnyEnAQ',London
2018-04-20 19:34:26,"b""\xf0\x9f\x93\xb8 MATCH ACTION \n\nHere's that first try from @Tojo1632 in GIF form! \xf0\x9f\x94\xa5\xf0\x9f\x94\xa5\xf0\x9f\x94\xa5\n\n#GLOvNEW https://t.co/xfgcIslWpt""",London
2018-04-20 19:34:25,"b""RT @espnscrum: A late Motu Matu'u try has given Gloucester a 10-point cushion at the break.\n\n#GLOvNEW LIVE: https://t.co/nfvpD0N5gc https:/\xe2\x80\xa6""",London
2018-04-20 19:34:23,"b' #GLOvNEW Half time and it\xe2\x80\x99s very much advantage the home side, 2 tries to 0 - @gloucesterrugby 15 @FalconsRugby 5\xe2\x80\xa6 https://t.co/ygL2mYDyY4'",London
2018-04-20 19:34:22,"b""A late Motu Matu'u try has given Gloucester a 10-point cushion at the break.\n\n#GLOvNEW LIVE: https://t.co/nfvpD0N5gc https://t.co/PBgwUmSeFl""",London
2018-04-20 19:34:14,"b' #GLOvNEW RT @richardgough1: @BBCGlos @gloucesterrugby Good start Glaws, need to turn it up a notch now in the second half. Listening despite it bein\xe2\x80\xa6'",London
2018-04-20 19:34:09,"b""Former Hurricanes hooker Motu Matu'u gets the second try for Gloucester. #GLOvNEW #ChallengeCup""",London
2018-04-20 19:33:40,b'Falcons need to borrow from Me Simone\xe2\x80\x99s half time talk book ... #GLOvNEW',London
2018-04-20 19:33:28,"b' #GLOvNEW @BBCGlos @gloucesterrugby Good start Glaws, need to turn it up a notch now in the second half. Listening despite it\xe2\x80\xa6 https://t.co/9yKQW8eRwW'",London
2018-04-20 19:33:22,b'Oh YES! Try! \xf0\x9f\x91\x8f\xf0\x9f\x91\x8f\xf0\x9f\x91\x8f\xf0\x9f\x91\x8f\n\xf0\x9f\x8f\x89\xf0\x9f\x8f\x89\xf0\x9f\x8d\x92\xf0\x9f\x98\x81\xf0\x9f\x98\x81\nAnd converted! \xf0\x9f\x98\x80\n#GLOvNEW\n@gloucesterrugby',London
2018-04-20 19:33:01,b'40+3 - CONVERSION from Twelvetrees is good. Glos 15-5 Falcons #GLOvNEW',London
2018-04-20 19:32:57,b'Latest 40 minutes; try Moto Matu\xe2\x80\x99u conversion Billy Twelvetrees @gloucesterrugby 15 @FalconsRugby 5 @ERChallengeCup semi final #GLOvNEW',London
2018-04-20 19:32:56,"b""TRY: Gloucester go over for their second try, Moto Matu'u driven over by his pack (&amp; Henry Trinder!), Gloucester 13-5 Newcastle. #GLOvNEW""",London
2018-04-20 19:32:49,b'Please tell me someone is making a gif of Henry Trinder hitting that rolling maul #GLOvNEW https://t.co/uVXBAWJF1W',London
2018-04-20 19:32:34,"b""C'mon,Cloucester! Get in there... #GLOvNEW""",London
2018-04-20 19:32:09,b'That try was almost Exeter like #GLOvNEW',London
2018-04-20 19:31:55,b'@gloucesterrugby is the Referee OK after his fall? Hope he gets a head assessment at h/t! \xf0\x9f\xa4\x95  #GLOvNEW #rougholdgame',London
2018-04-20 19:31:20,"b""40 - Matu'u finds the man in Galarza, maul is set after a drive from Falcons. Patience the key. It's moving.... #GLOvNEW""",London
2018-04-20 19:31:19,b'The Newcastle pack finishing this first half is not the same one that started it! They look pooped #GLOvNEW',London
2018-04-20 19:30:59,b'Take points #GLOvNEW',London
2018-04-20 19:30:42,"b"" #GLOvNEW 40 - Here goes the maul....it's flying towards the line. Falcons sack it illegally. Glos pen which Burns kicks to 5\xe2\x80\xa6 https://t.co/o0yj0l24mu""",London
2018-04-20 19:30:15,"b'Just turned on #GLOvNEW and misread the carry stat as the score... 62-44 before half time.. What is this, super rugby..'",London
2018-04-20 19:30:11,b'RT @PS_tetheridge: Good news for @gloucesterrugby: their pack looks to have the shove on at pretty much every scrum #ChallengeCup #GLOvNEW\xe2\x80\xa6',London
2018-04-20 19:30:03,b'Terrible advert for the Prem this on the European stage... so many mistakes. #GLOvNEW',London
2018-04-20 19:29:36,"b'40 - Falcons clear from the line out, and Glos then win penalty on halfway. Burns works it into the corner. [8-5] #GLOvNEW'",London
2018-04-20 19:29:30,b' #GLOvNEW Tattoos Editor for android users  https://t.co/GYJqG2PnT4\n\n#tattoo #TattooCover #tattoodesign #tattoolife #Avicii\xe2\x80\xa6 https://t.co/blK8iI2KIt',London
2018-04-20 19:29:30,b'Come on @FalconsRugby! #falcons #GLOvNEW \xf0\x9f\x96\xa4',London
2018-04-20 19:28:58,"b'Gloucester\xe2\x80\x99s kit is an odd colour choice, though Newcastle\xe2\x80\x99s is no better #GLOvNEW'",London
2018-04-20 19:28:14,"b'39 - Polledri goes flying for the line, but Glos seal off and Falcons escape. Hodgson clears. [8-5] #GLOvNEW'",London
2018-04-20 19:28:05,b'.@PaddyMcAllister is having a great  game for @gloucesterrugby #GLOvNEW',London
2018-04-20 19:28:04,"b'is this always how Newcastle play. TBH its a bit boring, they refuse to  breaks from their style  #GLOvNEW'",London
2018-04-20 19:27:52,b'Falcons looking a bit aimless just at the minute.  #GLOvNEW',London
2018-04-20 19:27:34,"b'38 - Glos flying off the line out, and now deep in the 22, roared on by the home crowd. Making ground with every carry. [8-5] #GLOvNEW'",London
2018-04-20 19:26:56,"b' #GLOvNEW The advantage rule in rugby is so weird. It lasts as long as the ref \xe2\x80\x9cfeels\xe2\x80\x9d is right, yet there\xe2\x80\x99s no consistency o\xe2\x80\xa6 https://t.co/lkvt3pHqH8'",London
2018-04-20 19:26:24,b'36 - Big scrum from the Glos pack who get the reward for their hard work. Burns kicks the penalty into the 22. [8-5] #GLOvNEW',London
2018-04-20 19:25:06,"b'36 - Wrap around from Falcons, but knocked on. Free ball for Glos who advance to halfway. Back for scrum. [8-5] #GLOvNEW'",London
2018-04-20 19:24:11,b' #GLOvNEW Two absolutely abysmal sides. Says a lot about the quality of the #AvivaPrem that Newcastle are 4th and Gloucester\xe2\x80\xa6 https://t.co/g5QRCThKGJ',London
2018-04-20 19:24:08,"b'35 - Glos scrum looks to have the shove at every scrum, but Falcons are smart and hooking it back immediately. [8-5] #GLOvNEW'",London
2018-04-20 19:24:04,b'Newcastle fans....\n\n#GLOvNEW https://t.co/Jm0lX3Tbyu',London
2018-04-20 19:23:58,b'Been watching since minute 10. Pretty poor standard so far has to be said #GLOvNEW \xf0\x9f\xa5\x94',London
2018-04-20 19:23:38,"b'35 - Falcons put under pressure in attack by the Glos defence, but ball goes forward from a Glos hand. Scrum on halfway. [8-5] #GLOvNEW'",London
2018-04-20 19:22:51,b' #GLOvNEW Good news for @gloucesterrugby: their pack looks to have the shove on at pretty much every scrum #ChallengeCup\xe2\x80\xa6 https://t.co/gDXCxbTV1i',London
2018-04-20 19:22:41,"b'34 - Braley secure in back field to take the kick from Hodgson, and kick tennis ensues. Marshall fires to touch at halfway. [8-5] #GLOvNEW'",London
2018-04-20 19:21:42,"b""33 - Falcons attack off the scrum, but Matavesi's kick goes dead. Burns clears from the 22 drop out. [8-5] #GLOvNEW""",London
2018-04-20 19:21:03,b'Shut up Austin!\n@bt_uk\n#GLOvNEW',London
2018-04-20 19:21:00,b'#GLOvNEW feel for Balmain he was having a great game!',London
2018-04-20 19:20:37,b'32 - Chalk that one off. Burns unable to hold onto the pass off a dominant scrum from Glos. Falcons put in. [8-5] #GLOvNEW',London
2018-04-20 19:20:13,b' #GLOvNEW Poor decision by the Newcastle player there. Trying too early to present the ball before getting to ground left the\xe2\x80\xa6 https://t.co/jDVOiTWHz5',London
2018-04-20 19:20:10,b'\xf0\x9f\x93\xb8 MATCH ACTION \n\n@Billy_12trees pulling the midfield strings. \n\n[8-5] #GLOvNEW https://t.co/Wx34CLf7Ok',London
2018-04-20 19:19:47,"b' #GLOvNEW I laughed the other day when Jonathan Joseph said 13 was the hardest position to defend in, Maxime Mermoz must just\xe2\x80\xa6 https://t.co/zvIznS1ihQ'",London
2018-04-20 19:19:39,b'Box kickitis ... #GLOvNEW',London
2018-04-20 19:19:36,"b'Glos Rep - John Afoa ON, Fraser Balmain OFF. Brave from Fraser, but the finger causing some grief. [8-5] #GLOvNEW'",London
2018-04-20 19:18:49,b' #GLOvNEW 31 - Wonderful defence from Billy Burns who has Sam Lockwood sent down his channel. The fly half wraps his man up a\xe2\x80\xa6 https://t.co/8O6TaWkJCM',London
2018-04-20 19:18:05,b'RT @SBrundu: WHAT. A. TRY. #challengecup #GLOvNEW #glawsfamily \xf0\x9f\x92\xaa\xf0\x9f\x8f\xbc\xf0\x9f\x92\xaa\xf0\x9f\x8f\xbc\xf0\x9f\x8d\x92\xe2\x9a\xaa',London
2018-04-20 19:18:05,b'RT @Ben_Chalky: Classic SH influence. First phase try! Lovely to watch. Come on @gloucesterrugby !!! #GLOvNEW #glawsfamily',London
2018-04-20 19:18:04,"b"" #GLOvNEW 30 - Falcons kick high and long, where Trinder fields. Braley returns it and Young takes it, he's wrapped up, but g\xe2\x80\xa6 https://t.co/kKDrgshwFQ""",London
2018-04-20 19:17:58,"b'""Bounce back strong after a sloppy opening"" #SmuttyCommentary #GLOvNEW'",London
2018-04-20 19:17:39,b'\xf0\x9f\x93\xb8 MATCH ACTION \n\n@edslater looks for ground in attack\n\n[8-5] #GLOvNEW https://t.co/aWKThlAK6R',London
2018-04-20 19:17:00,"b"" #GLOvNEW 29 - Look away now. Fraser Balmain currently looking at the skies as his finger is popped back in. We're ready to g\xe2\x80\xa6 https://t.co/HUi52rH4nk""",London
2018-04-20 19:16:28,b'RT @gloucesterrugby: 27 - PENALTY from Billy Twelvetrees is good. Awesome nudge. Glos 8-5 Falcons #GLOvNEW',London
2018-04-20 19:15:50,"b""Imagine a back row where Ben Morgan is the 3rd best carrier. Cos that's what Gloucester have got tonight #GLOvNEW https://t.co/JzrPjbUNma""",London
2018-04-20 19:15:49,"b'""Slater, fancies a crack""  \xf0\x9f\x98\x8f #SmuttyCommentary #GLOvNEW'",London
2018-04-20 19:15:13,"b' #GLOvNEW 28 - Kick off secured, and Glos set off, Twelvetrees so close to the line break, but ball there over halfway now, b\xe2\x80\xa6 https://t.co/zTbcEkBqvJ'",London
2018-04-20 19:14:50,b'I\xe2\x80\x99ve only seen a handful of back rows make yards as consistently well as polledri does #GLOvNEW',London
2018-04-20 19:14:25,b'RT @gloucesterrugby: 27 - PENALTY from Billy Twelvetrees is good. Awesome nudge. Glos 8-5 Falcons #GLOvNEW',London
2018-04-20 19:13:57,b'Latest 26 minutes; penalty Billy Twelvetrees @gloucesterrugby 8 @FalconsRugby 5 @ERChallengeCup semi final #GLOvNEW',London
2018-04-20 19:13:56,"b' #GLOvNEW PEN: Billy Twelvetrees puts Gloucester in front from just outside the Newcastle 10m line, Gloucester 8-5 Newcastle.\xe2\x80\xa6 https://t.co/6s7jMp4qUI'",London
2018-04-20 19:13:53,b'27 - PENALTY from Billy Twelvetrees is good. Awesome nudge. Glos 8-5 Falcons #GLOvNEW',London
2018-04-20 19:12:18,"b'26 - There goes Polledri, he carries forward and Glos have the penalty for not releasing. Better from the hosts. [5-5] #GLOvNEW'",London
2018-04-20 19:11:24,"b' #GLOvNEW 25 - Glos again attack off the scrum, and advance up to halfway. Falcons retreat whenever Woodward gets his hands o\xe2\x80\xa6 https://t.co/0HYN7GBiMZ'",London
2018-04-20 19:10:35,"b'Oof, there are some properly skewed kicks at Kingsholm tonight.\n \n#GLOvNEW #ChallengeCup'",London
2018-04-20 19:10:14,b'\xf0\x9f\x93\xb8 MATCH ACTION \n\n@PaddyMcAllister picks up around the fringes\n\n[5-5] #GLOvNEW https://t.co/ET4FcSeuA6',London
2018-04-20 19:10:06,b'missed Conversion for #GLO still 5-5 #GLOvNEW',London
2018-04-20 19:10:04,b'RT @gloucesterrugby: 22 - Conversion from Twelvetrees goes wide. Glos 5-5 Falcons #GLOvNEW',London
2018-04-20 19:09:52,"b'#GLOvNEW great team try, forwards for the platform backs devastating.'",London
2018-04-20 19:09:52,b'Jason Woodward and Tom Marshall combine for a good try.\n#GLOvNEW #ChallengeCup',London
2018-04-20 19:09:46,b'WHAT. A. TRY. #challengecup #GLOvNEW #glawsfamily \xf0\x9f\x92\xaa\xf0\x9f\x8f\xbc\xf0\x9f\x92\xaa\xf0\x9f\x8f\xbc\xf0\x9f\x8d\x92\xe2\x9a\xaa',London
2018-04-20 19:09:44,b'Absolutely classic! What a TRY! \n@gloucesterrugby\n\xf0\x9f\x8d\x92 \xf0\x9f\x8f\x89 \xf0\x9f\x91\x8f\xf0\x9f\x98\x81\n#GLOvNEW',London
2018-04-20 19:09:35,b'23 - Glos get the scrum from the kick off for a knock on from Evan Olmstead. [5-5] #GLOvNEW',London
2018-04-20 19:09:35,"b"" #GLOvNEW Newcastle have minced Gloucester every time they've set a rolling maul but Gloucester's scrum is thrashing them. We\xe2\x80\xa6 https://t.co/SVO3LO5mRl""",London
2018-04-20 19:09:26,b'Just need to watch Gloucester v Newcastle to see how tight tomorrow afternoon is going to be. Down to slim margins #GLOvNEW',London
2018-04-20 19:09:23,b'Great play from Gloucester - fantastic try #GLOvNEW',London
2018-04-20 19:09:00,b'That try tho \xf0\x9f\x92\xa5\xf0\x9f\x94\xa5 #GLOvNEW',London
2018-04-20 19:08:44,b'22 - Conversion from Twelvetrees goes wide. Glos 5-5 Falcons #GLOvNEW',London
2018-04-20 19:08:41,b' #GLOvNEW Latest 20 minutes; what a sensational try for Tom Marshall conversion missed @gloucesterrugby 5 @FalconsRugby 5\xe2\x80\xa6 https://t.co/sCFOjzOXKh',London
2018-04-20 19:08:32,b'Classic SH influence. First phase try! Lovely to watch. Come on @gloucesterrugby !!! #GLOvNEW #glawsfamily',London
2018-04-20 19:08:20,b'Bare skills from the Glos 15 - brilliant  #GLOvNEW',London
2018-04-20 19:08:10,b'Woodward lighting up this game. #GLOvNEW',London
2018-04-20 19:08:05,"b""That's as nice a try from Gloucester as you'll ever see.\n\nStarted with a b-e-a-utiful scrum. \n\n#GLOvNEW #ChallengeCup""",London
2018-04-20 19:08:00,b'That was a great try Glaws \xf0\x9f\x91\x8f\xf0\x9f\x8f\xbc\xf0\x9f\x91\x8f\xf0\x9f\x8f\xbc #GLOvNEW',London
2018-04-20 19:07:34,b'#GLOvNEW The Cowshed is rocking!',London
2018-04-20 19:07:07,b'#GLOvNEW Game on!',London
2018-04-20 19:06:28,"b""\xf0\x9f\x93\xb8 MATCH ACTION \n\n@sausagelegs10 tests the Falcons' defence early on\n\n[0-5] #GLOvNEW https://t.co/LtReLlpee0""",London
2018-04-20 19:05:12,"b' #GLOvNEW 18 - Falcons on the ball just inside the Glos half, they are efficient through the phases, and the tackle forces th\xe2\x80\xa6 https://t.co/Vn1tUDRoFh'",London
2018-04-20 19:05:06,b'O Your a physio now.. @IamAustinHealey #GLOvNEW #ACL #Ref ... #MRI-VISION',London
2018-04-20 19:04:53,b'Pascal Gauzere might feel that hit tomorrow.... #GLOvNEW #ChallengeCup',London
2018-04-20 19:04:41,b'That ref is nails! #GLOvNEW',London
2018-04-20 19:04:26,b'Fair play to the ref. Most flexible legs in rugby it would appear.\n\nHops up and gets on with it. Looked very painful. #GLOvNEW',London
2018-04-20 19:04:22,b'Referee HIA? #glawsfamily #GLOvNEW',London
2018-04-20 19:03:38,b'#GLOvNEW Chapeau Referee!',London
2018-04-20 19:03:15,b'17 - Little bit too much ambition from the hosts early on. Fair play to Mr Gauzere who is up after a hefty shot then! [0-5] #GLOvNEW',London
2018-04-20 19:02:29,"b""17 - Glos look to counter attack, but ball goes to deck, and Pascal Gauzere takes a fall. Falcons' scrum. [0-5] #GLOvNEW""",London
2018-04-20 19:02:19,"b"" #GLOvNEW Gonna be a tight game tonight and every point might count.... shame Hodgson can't kick then.....\nShocking first kic\xe2\x80\xa6 https://t.co/Whp04AR1X9""",London
2018-04-20 19:00:50,"b'16 - Argh. Not sticking yet, soft knock on from Glos when well-placed. Falcons scrum inside their half. [0-5] #GLOvNEW'",London
2018-04-20 19:00:04,"b' #GLOvNEW 15 - Glos again direct off the line out, Atkinson and Twelvetrees both making ground. The former almost getting thr\xe2\x80\xa6 https://t.co/eUQICaHI00'",London
2018-04-20 18:59:17,"b'14 - Falcons high tackle, allowing Glos the easy exit, which Burns kicks to halfway. A let off after the mistake. [0-5] #GLOvNEW'",London
2018-04-20 18:58:17,"b' #GLOvNEW 13 - Immediate hook from Falcons, and all of a sudden they are in the Glos 22, but Burns is back to rescue and keep\xe2\x80\xa6 https://t.co/2NN6CO3RTH'",London
2018-04-20 18:57:53,"b'OK, how does one determine when a maul is stopped or going backwards? To my eye, that last one was stopped twice. #GLOvNEW'",London
2018-04-20 18:56:53,"b' #GLOvNEW 12 - Glos cross halfway after an initial Polledri burst, and quick ball gets the runners on the front foot, but pas\xe2\x80\xa6 https://t.co/C4ouP4vmuD'",London
2018-04-20 18:56:44,b'missed conversion #GLOvNEW still 5-0',London
2018-04-20 18:56:10,"b'11 - Hodgson claims the kick off, and clears just over halfway. Glos will want some possession and attacking ball now. [0-5] #GLOvNEW'",London
2018-04-20 18:55:51,"b'Falcons pack really bossing it so far. Relentless.\n\nPowerful maul to score, but so much energy in the opening 10. #GLOvNEW #ChallengeCup'",London
2018-04-20 18:55:26,b'Latest 8 minutes; try Scott Lawson conversion missed @gloucesterrugby 0 @FalconsRugby 5 @ERChallengeCup semi final #GLOvNEW',London
2018-04-20 18:55:19,b'10 - Conversion from Joel Hodgson is off target. Falcons on the board first. Glos 0-5 Falcons #GLOvNEW',London
2018-04-20 18:55:03,"b'Scott Lawson, with your face like a 2XV prop #GLOvNEW'",London
2018-04-20 18:54:48,b' #GLOvNEW TRY: First blood to former Gloucester hooker Scott Lawson as the Newcastle pack power over from a driving line out.\xe2\x80\xa6 https://t.co/N22vsISnPL',London
2018-04-20 18:54:00,"b'09 - Try Falcons - again the maul is hit backwards, but it works round the corner for the try for Scott Lawson. [0-5] #GLOvNEW'",London
2018-04-20 18:53:11,"b'08 - Glos do really well to shunt Falcons backwards, but as the visitors regenerate, they earn a penalty for pulling it down. [0-0] #GLOvNEW'",London
2018-04-20 18:52:24,b'RT @gloucesterrugby: Nothing better than that roar from The Shed \xf0\x9f\x91\x8f\xf0\x9f\x8f\xbb\xf0\x9f\x94\x8a\n\n#GLOvNEW https://t.co/yiHWrM6NJX',London
2018-04-20 18:52:15,"b'07 - Hodgson finds a good touch into the Glos 22, and Falcons will again threaten the Glos rearguard. [0-0] #GLOvNEW'",London
2018-04-20 18:51:47,b'RT @gloucesterrugby: Nothing better than that roar from The Shed \xf0\x9f\x91\x8f\xf0\x9f\x8f\xbb\xf0\x9f\x94\x8a\n\n#GLOvNEW https://t.co/yiHWrM6NJX',London
2018-04-20 18:51:24,"b' #GLOvNEW 06 - No messing from Glos, who work space off the scrum, and Twelvetrees kicks downfield. Hammersley returns it, bu\xe2\x80\xa6 https://t.co/j5UfP6TCFG'",London
2018-04-20 18:50:44,"b""Not much kicking going on at Kingsholm, there'll be some tired legs on show in the last 20 #GLOVNEW""",London
2018-04-20 18:50:12,"b'Keep up the chanting travelling @FalconsRugby fans, we can hear you on the telly! #falconsfam #GLOvNEW'",London
2018-04-20 18:49:35,"b' #GLOvNEW 04 - Almost for Falcons, but Marshall makes the crucial tackle on Kibirige, Burns then out the line on Matavesi, an\xe2\x80\xa6 https://t.co/uN4rShACWQ'",London
2018-04-20 18:48:52,"b'04 - Gloucester defence is well spread, and up quick making the hits and Falcons edge to the 22. [0-0] #GLOvNEW'",London
2018-04-20 18:47:39,"b""02 - Hodgson kicks to 25m out, and Falcons will have the first attack. Slater spoils it, but it's there for our visitors. [0-0] #GLOvNEW""",London
2018-04-20 18:46:58,"b' #GLOvNEW 02 - Energy from Marshall wins the ball in the air, and gives front foot ball to the home side, but Falcons first o\xe2\x80\xa6 https://t.co/9Bza1iJGrU'",London
2018-04-20 18:46:20,b'RT @PlanetRugby: Preview: Gloucester v Newcastle. https://t.co/w6A6RrZjmZ #ChallengeCup #GLOvNEW https://t.co/Eri0EyDU1O',London
2018-04-20 18:46:16,"b' #GLOvNEW 01 - Falcons clearance charged down, but it works for Matavesi, but Glos scramble well and reclaim possession insid\xe2\x80\xa6 https://t.co/90Q2Nz0r9P'",London
2018-04-20 18:45:39,b'RT @espnscrum: Kingsholm is basked in sunshine as Gloucester and Newcastle battle it out for a place in the Challenge Cup final.\n\n#GLOvNEW\xe2\x80\xa6',London
2018-04-20 18:45:32,b' #GLOvNEW Kingsholm is basked in sunshine as Gloucester and Newcastle battle it out for a place in the Challenge Cup final.\xe2\x80\xa6 https://t.co/NswBiPHvE8',London
2018-04-20 18:45:21,"b'LIVE - Billy Burns gets us underway at Kingsholm. Plenty of noise in, lets do this! [0-0] #GLOvNEW'",London
2018-04-20 18:44:50,"b'Cherry and Whites, in all pink, will kick us off, kicking towards the West Terrace. #GLOvNEW'",London
2018-04-20 18:44:34,b'#GLOvNEW laying a gas pipeline off the coast of Egypt. Come on Glos',London
2018-04-20 18:44:04,"b'Here come the two teams, led out by the two captains, Ed Slater, and Michael Young. Here we go! #GLOvNEW'",London
2018-04-20 18:42:10,"b""We're just under 5 minutes from kick off now at Kingsholm, building up to a big night! Where is everyone following from tonight? #GLOvNEW""",London
2018-04-20 18:41:27,b' #GLOvNEW RT @gloucesterrugby: Big roar for the Cherry and Whites as they return to the changing room after their lap. Home crowd are bang up for thi\xe2\x80\xa6',London
2018-04-20 18:41:15,b' #GLOvNEW RT @gloucesterrugby: Big roar for the Cherry and Whites as they return to the changing room after their lap. Home crowd are bang up for thi\xe2\x80\xa6',London
2018-04-20 18:41:00,b'RT @gloucesterrugby: Nothing better than that roar from The Shed \xf0\x9f\x91\x8f\xf0\x9f\x8f\xbb\xf0\x9f\x94\x8a\n\n#GLOvNEW https://t.co/yiHWrM6NJX',London
2018-04-20 18:40:03,b'RT @gloucesterrugby: Nothing better than that roar from The Shed \xf0\x9f\x91\x8f\xf0\x9f\x8f\xbb\xf0\x9f\x94\x8a\n\n#GLOvNEW https://t.co/yiHWrM6NJX',London
2018-04-20 18:39:19,"b""It's nearly time!! C'mon Glos! #GLOvNEW https://t.co/nBzh9ylG7B""",London
2018-04-20 18:38:47,b'RT @gloucesterrugby: Nothing better than that roar from The Shed \xf0\x9f\x91\x8f\xf0\x9f\x8f\xbb\xf0\x9f\x94\x8a\n\n#GLOvNEW https://t.co/yiHWrM6NJX',London
2018-04-20 18:38:45,b'Big roar for the Cherry and Whites as they return to the changing room after their lap. Home crowd are bang up for this one! #GLOvNEW',London
2018-04-20 18:34:08,b'RT @gloucesterrugby: Nothing better than that roar from The Shed \xf0\x9f\x91\x8f\xf0\x9f\x8f\xbb\xf0\x9f\x94\x8a\n\n#GLOvNEW https://t.co/yiHWrM6NJX',London
2018-04-20 18:33:35,b'RT @BadgerGemma: Match ready #GLOvNEW #glawsfamily #glaws Come on Gloucesterrrrrrrrr https://t.co/CAYcgYJHfh',London
2018-04-20 18:32:43,b'RT @gloucesterrugby: Nothing better than that roar from The Shed \xf0\x9f\x91\x8f\xf0\x9f\x8f\xbb\xf0\x9f\x94\x8a\n\n#GLOvNEW https://t.co/yiHWrM6NJX',London
2018-04-20 18:30:55,b'RT @gloucesterrugby: Nothing better than that roar from The Shed \xf0\x9f\x91\x8f\xf0\x9f\x8f\xbb\xf0\x9f\x94\x8a\n\n#GLOvNEW https://t.co/yiHWrM6NJX',London
2018-04-20 18:30:20,"b""Our Semi final selfie at @gloucesterrugby C'mon Glos, you can do it!! #GLOvNEW https://t.co/rZYeNdYL07""",London
2018-04-20 18:30:12,b'RT @gloucesterrugby: Nothing better than that roar from The Shed \xf0\x9f\x91\x8f\xf0\x9f\x8f\xbb\xf0\x9f\x94\x8a\n\n#GLOvNEW https://t.co/yiHWrM6NJX',London
2018-04-20 18:29:44,b'Come on #Falcons! #glovnew',London
2018-04-20 18:29:36,b'Match ready #GLOvNEW #glawsfamily #glaws Come on Gloucesterrrrrrrrr https://t.co/CAYcgYJHfh',London
2018-04-20 18:29:31,b'RT @Ben_Chalky: Come on @gloucesterrugby #biggame #gamedaymeats #glawsfamily #GLOvNEW https://t.co/hPxibO4b61',London
2018-04-20 18:27:59,"b'C""mon Glos! Looking for a win tonight. #GLOvNEW'",London
2018-04-20 18:27:56,b'Nothing better than that roar from The Shed \xf0\x9f\x91\x8f\xf0\x9f\x8f\xbb\xf0\x9f\x94\x8a\n\n#GLOvNEW https://t.co/yiHWrM6NJX',London
2018-04-20 18:27:37,b'Come on @gloucesterrugby #biggame #gamedaymeats #glawsfamily #GLOvNEW https://t.co/hPxibO4b61',London
2018-04-20 18:26:15,b'\xf0\x9f\x93\xb8 | Plenty of colour under the sun in Kingsholm tonight!\n\n#GLOvNEW https://t.co/x9xgE9xq2s',London
2018-04-20 18:18:00,b'Last chance before kickoff to watch my European Rugby Challenge Cup Semi Final Predictions https://t.co/wlFhbmd6Vj #GLOvNEW',London
2018-04-20 18:15:58,b'Preview: Gloucester v Newcastle. https://t.co/w6A6RrZjmZ #ChallengeCup #GLOvNEW https://t.co/Eri0EyDU1O',London
2018-04-20 18:15:47,"b"" #GLOvNEW RT @Ankrett19: Well as I can't get there tonight next best thing watch the @gloucesterrugby #glaws game at home on @btsport cmon #glaws #gl\xe2\x80\xa6""",London
2018-04-20 18:11:44,"b"" #GLOvNEW Well as I can't get there tonight next best thing watch the @gloucesterrugby #glaws game at home on @btsport cmon\xe2\x80\xa6 https://t.co/bN5S3o10ZI""",London
2018-04-20 17:47:25,"b""Good luck to @FalconsRugby in tonight's @ERChallengeCup semi final. Keep it in the North \xf0\x9f\x91\x8d #GLOvNEW""",London
2018-04-20 17:44:21,"b'\xf0\x9f\x93\xb8 Countdown To Kick Off \n\nThe sun is setting, but the atmosphere is building\n\n#GLOvNEW https://t.co/RmLWTZUUFS'",London
2018-04-20 17:43:09,b'RT @gloucesterrugby: \xf0\x9f\x93\xb8 Countdown To Kick Off\n\nThe #glawsfamily are in and making themselves at Holm in the sunshine\n\n#GLOvNEW https://t.co/\xe2\x80\xa6',London
2018-04-20 17:42:29,b'\xf0\x9f\x93\xb8 Countdown To Kick Off\n\nThe #glawsfamily are in and making themselves at Holm in the sunshine\n\n#GLOvNEW https://t.co/VWD93qeWHH',London
2018-04-20 17:36:11,b' #GLOvNEW RT @gloucesterrugby: \xf0\x9f\x8e\xac TEAM NEWS \n\nHere is the Gloucester Rugby team to face Newcastle Falcons in the @ERChallengeCup semi final on Friday\xe2\x80\xa6',London
2018-04-20 17:30:00,b' #GLOvNEW Delightful April backdrop for the start of @epcrugby semi-finals weekend as @gloucesterrugby lock horns with\xe2\x80\xa6 https://t.co/aw1X0ZvZfO',London
2018-04-20 17:22:59,b' #GLOvNEW RT @gloucesterrugby: \xf0\x9f\x93\xb8 Countdown To Kick Off\n\n@jasonwoodward06 in relaxed mood in the early evening sunshine before kick off at Kingsholm\xe2\x80\xa6',London
2018-04-20 17:17:52,b'\xf0\x9f\x93\xb8 Countdown To Kick Off\n\nA look inside the home changing room \n\n#GLOvNEW https://t.co/YdHQhPYKwr',London
2018-04-20 17:03:39,b' #GLOvNEW RT @devsglos: #ChallengeCupRugby Semi Final! We are live from Kingsholm on @BBCGlos from 7pm for @gloucesterrugby v @FalconsRugby 7:45pm Ki\xe2\x80\xa6',London
2018-04-20 16:58:44,b' #GLOvNEW RT @devsglos: #ChallengeCupRugby Semi Final! We are live from Kingsholm on @BBCGlos from 7pm for @gloucesterrugby v @FalconsRugby 7:45pm Ki\xe2\x80\xa6',London
2018-04-20 16:56:12,b' #GLOvNEW #ChallengeCupRugby Semi Final! We are live from Kingsholm on @BBCGlos from 7pm for @gloucesterrugby v @FalconsRugby\xe2\x80\xa6 https://t.co/dErTpH2Z6C',London
2018-04-20 16:46:05,b' #GLOvNEW \xf0\x9f\x93\xb8 Countdown To Kick Off\n\n@jasonwoodward06 in relaxed mood in the early evening sunshine before kick off at Kingshol\xe2\x80\xa6 https://t.co/Ukkd8cYfTW',London
2018-04-20 16:34:26,"b"" #GLOvNEW RT @gloucesterrugby: \xf0\x9f\x93\x8b TEAM NEWS\n\nMarshall, Ackermann, McAllister, Matu'u, Balmain &amp; Galarza all start for Cherry and Whites in strong 23 f\xe2\x80\xa6""",London
2018-04-20 16:27:38,"b"" #GLOvNEW RT @gloucesterrugby: \xf0\x9f\x93\x8b TEAM NEWS\n\nMarshall, Ackermann, McAllister, Matu'u, Balmain &amp; Galarza all start for Cherry and Whites in strong 23 f\xe2\x80\xa6""",London
2018-04-20 16:26:35,b' #GLOvNEW RT @gloucesterrugby: \xf0\x9f\x8e\xac TEAM NEWS \n\nHere is the Gloucester Rugby team to face Newcastle Falcons in the @ERChallengeCup semi final on Friday\xe2\x80\xa6',London
2018-04-20 15:59:57,b'RT @RugbyGlaws: I\xe2\x80\x99ll be there tonight #GLOvNEW #ChallengeCup you\xe2\x80\x99ll here me roar\xf0\x9f\xa6\x81 #GlawsFamily #AckermannEffect',London
2018-04-20 15:25:50,b'RT @RugbyGlaws: I\xe2\x80\x99ll be there tonight #GLOvNEW #ChallengeCup you\xe2\x80\x99ll here me roar\xf0\x9f\xa6\x81 #GlawsFamily #AckermannEffect',London
2018-04-20 15:23:01,b'I\xe2\x80\x99ll be there tonight #GLOvNEW #ChallengeCup you\xe2\x80\x99ll here me roar\xf0\x9f\xa6\x81 #GlawsFamily #AckermannEffect',London
2018-04-20 15:15:29,b'#GLOvNEW It should be an entertaining game tonight.\n#ChallengeCup',London
2018-04-20 14:23:36,"b"" #GLOvNEW RT @gloucesterrugby: \xf0\x9f\x93\x8b TEAM NEWS\n\nMarshall, Ackermann, McAllister, Matu'u, Balmain &amp; Galarza all start for Cherry and Whites in strong 23 f\xe2\x80\xa6""",London
2018-04-20 12:40:17,b'Evan Olmstead against Ruan Ackermann is going to be absolutely box office though #GLOVNEW https://t.co/QD3RawWA8I',London
2018-04-20 12:38:12,b' #GLOvNEW Anyone else on tender hooks waiting to see what Billy Twelvetrees and Maxime Mermoz serve up in the 13 channel at K\xe2\x80\xa6 https://t.co/nfW1C0Emia',London
2018-04-20 11:30:08,b' #GLOvNEW It\xe2\x80\x99s a weekend of semis\n#EmiratesFACup #ChampionsCup &amp; #ChallangeCup\n\xe2\x9a\xbd\xef\xb8\x8f \nSat 17:15 #MUNTOT \nSun 15:00 #CHESOU \n\n\xf0\x9f\x8f\x89\xe2\x80\xa6 https://t.co/LSjYsujCwC',London
2018-04-20 11:30:01,b' #GLOvNEW Good luck to @gloucesterrugby tonight in your @ERChallengeCup semi final with Newcastle! \n@RugbyGlaws #glawsfamily\xe2\x80\xa6 https://t.co/U7LAOja3Hp',London
2018-04-20 11:05:24,b' #GLOvNEW RT @gloucesterrugby: \xf0\x9f\x8e\xac TEAM NEWS \n\nHere is the Gloucester Rugby team to face Newcastle Falcons in the @ERChallengeCup semi final on Friday\xe2\x80\xa6',London
2018-04-20 11:05:05,"b"" #GLOvNEW RT @gloucesterrugby: \xf0\x9f\x93\x8b TEAM NEWS\n\nMarshall, Ackermann, McAllister, Matu'u, Balmain &amp; Galarza all start for Cherry and Whites in strong 23 f\xe2\x80\xa6""",London
2018-04-20 06:53:26,b'RT @MohadAltrad: Game day!! Come on Glos!!! \n\n#GlawsFamily #GLOvNEW',London
2018-04-20 06:52:05,b'Game day!! Come on Glos!!! \n\n#GlawsFamily #GLOvNEW',London
2018-04-19 21:26:51,"b"" #GLOvNEW RT @gloucesterrugby: \xf0\x9f\x93\x8b TEAM NEWS\n\nMarshall, Ackermann, McAllister, Matu'u, Balmain &amp; Galarza all start for Cherry and Whites in strong 23 f\xe2\x80\xa6""",London
2018-04-19 14:32:29,b'#GLOvNEW - The two teams have met three times competitively this season but this will be the first time they meet i\xe2\x80\xa6 https://t.co/Y5nRN51ZKQ',London
2018-04-19 14:08:42,"b"" #GLOvNEW RT @gloucesterrugby: \xf0\x9f\x93\x8b TEAM NEWS\n\nMarshall, Ackermann, McAllister, Matu'u, Balmain &amp; Galarza all start for Cherry and Whites in strong 23 f\xe2\x80\xa6""",London
2018-04-19 14:00:05,b' #GLOvNEW RT @gloucesterrugby: \xf0\x9f\x8e\xac TEAM NEWS \n\nHere is the Gloucester Rugby team to face Newcastle Falcons in the @ERChallengeCup semi final on Friday\xe2\x80\xa6',London
2018-04-19 13:51:06,"b"" #GLOvNEW RT @gloucesterrugby: \xf0\x9f\x93\x96 Pick up a copy of Friday's matchday programme, featuring lots of great features, and a chat with hooker @ChibbaHanso\xe2\x80\xa6""",London
2018-04-19 13:48:31,"b"" #GLOvNEW RT @gloucesterrugby: \xf0\x9f\x93\x8b TEAM NEWS\n\nMarshall, Ackermann, McAllister, Matu'u, Balmain &amp; Galarza all start for Cherry and Whites in strong 23 f\xe2\x80\xa6""",London
2018-04-19 12:38:53,"b"" #GLOvNEW RT @gloucesterrugby: \xf0\x9f\x93\x8b TEAM NEWS\n\nMarshall, Ackermann, McAllister, Matu'u, Balmain &amp; Galarza all start for Cherry and Whites in strong 23 f\xe2\x80\xa6""",London
2018-04-19 12:36:09,"b"" #GLOvNEW RT @gloucesterrugby: \xf0\x9f\x93\x8b TEAM NEWS\n\nMarshall, Ackermann, McAllister, Matu'u, Balmain &amp; Galarza all start for Cherry and Whites in strong 23 f\xe2\x80\xa6""",London
2018-04-19 12:30:59,b' #GLOvNEW RT @gloucesterrugby: \xf0\x9f\x8e\xac TEAM NEWS \n\nHere is the Gloucester Rugby team to face Newcastle Falcons in the @ERChallengeCup semi final on Friday\xe2\x80\xa6',London
2018-04-19 12:15:48,"b"" #GLOvNEW \xf0\x9f\x93\x96 Pick up a copy of Friday's matchday programme, featuring lots of great features, and a chat with hooker\xe2\x80\xa6 https://t.co/9OMILgmes9""",London
2018-04-19 11:30:06,"b"" #GLOvNEW RT @gloucesterrugby: \xf0\x9f\x93\x8b TEAM NEWS\n\nMarshall, Ackermann, McAllister, Matu'u, Balmain &amp; Galarza all start for Cherry and Whites in strong 23 f\xe2\x80\xa6""",London
2018-04-19 11:12:02,"b"" #GLOvNEW RT @gloucesterrugby: \xf0\x9f\x93\x8b TEAM NEWS\n\nMarshall, Ackermann, McAllister, Matu'u, Balmain &amp; Galarza all start for Cherry and Whites in strong 23 f\xe2\x80\xa6""",London
2018-04-19 11:07:17,"b"" #GLOvNEW RT @gloucesterrugby: \xf0\x9f\x93\x8b TEAM NEWS\n\nMarshall, Ackermann, McAllister, Matu'u, Balmain &amp; Galarza all start for Cherry and Whites in strong 23 f\xe2\x80\xa6""",London
2018-04-19 11:04:09,b' #GLOvNEW RT @gloucesterrugby: \xf0\x9f\x8e\xac TEAM NEWS \n\nHere is the Gloucester Rugby team to face Newcastle Falcons in the @ERChallengeCup semi final on Friday\xe2\x80\xa6',London
2018-04-19 11:01:20,"b"" #GLOvNEW RT @gloucesterrugby: \xf0\x9f\x93\x8b TEAM NEWS\n\nMarshall, Ackermann, McAllister, Matu'u, Balmain &amp; Galarza all start for Cherry and Whites in strong 23 f\xe2\x80\xa6""",London
2018-04-19 11:01:17,"b"" #GLOvNEW RT @gloucesterrugby: \xf0\x9f\x93\x8b TEAM NEWS\n\nMarshall, Ackermann, McAllister, Matu'u, Balmain &amp; Galarza all start for Cherry and Whites in strong 23 f\xe2\x80\xa6""",London
2018-04-19 11:01:12,b' #GLOvNEW RT @gloucesterrugby: \xf0\x9f\x8e\xac TEAM NEWS \n\nHere is the Gloucester Rugby team to face Newcastle Falcons in the @ERChallengeCup semi final on Friday\xe2\x80\xa6',London
2018-04-19 11:00:50,"b"" #GLOvNEW RT @gloucesterrugby: \xf0\x9f\x93\x8b TEAM NEWS\n\nMarshall, Ackermann, McAllister, Matu'u, Balmain &amp; Galarza all start for Cherry and Whites in strong 23 f\xe2\x80\xa6""",London
2018-04-19 11:00:09,b' #GLOvNEW \xf0\x9f\x8e\xac TEAM NEWS \n\nHere is the Gloucester Rugby team to face Newcastle Falcons in the @ERChallengeCup semi final on Frid\xe2\x80\xa6 https://t.co/JhraDZAzPH',London
2018-04-19 10:59:10,"b"" #GLOvNEW RT @gloucesterrugby: \xf0\x9f\x93\x8b TEAM NEWS\n\nMarshall, Ackermann, McAllister, Matu'u, Balmain &amp; Galarza all start for Cherry and Whites in strong 23 f\xe2\x80\xa6""",London
2018-04-19 10:59:00,"b"" #GLOvNEW \xf0\x9f\x93\x8b TEAM NEWS\n\nMarshall, Ackermann, McAllister, Matu'u, Balmain &amp; Galarza all start for Cherry and Whites in strong 2\xe2\x80\xa6 https://t.co/3nTOvC2RAz""",London
2018-04-19 08:31:38,"b"" #GLOvNEW RT @gloucesterrugby: It's Thursday, which means it's Team News day for tomorrow's clash v @FalconsRugby in the @ERChallengeCup semi final.\xe2\x80\xa6""",London
2018-04-19 07:54:10,"b"" #GLOvNEW RT @gloucesterrugby: It's Thursday, which means it's Team News day for tomorrow's clash v @FalconsRugby in the @ERChallengeCup semi final.\xe2\x80\xa6""",London
2018-04-19 07:49:18,"b"" #GLOvNEW It's Thursday, which means it's Team News day for tomorrow's clash v @FalconsRugby in the @ERChallengeCup semi fina\xe2\x80\xa6 https://t.co/fBfRDRsyLz""",London
