2018-04-20 20:05:26,b'I bet the contestants on #idontlikemondays with @AlanCarr don\xe2\x80\x99t actually quit their jobs. Why would they shoot them\xe2\x80\xa6 https://t.co/A72le2onhI',London
2018-04-20 20:04:28,"b""#idontlikemondays only caught the last 2 mins...did I just hear right....he's resigned from 35k job coz he won a ye\xe2\x80\xa6 https://t.co/6aLlv3HUJp""",London
2018-04-20 20:00:58,b'#idontlikemondays jaysus that was horrific',London
2018-04-20 20:00:31,b'Shame everyone on twitter seems to hate #idontlikemondays I like it but pretty shocked so many people work part tim\xe2\x80\xa6 https://t.co/g6hyXLkufo',London
2018-04-20 19:58:34,b'Build a gameshow around the phrase uttered by a school shooter #idontlikemondays',London
2018-04-20 19:58:15,b'#idontlikemondays\n\nReplacement dude going to Paris is \xf0\x9f\x94\xa5\xf0\x9f\x94\xa5',London
2018-04-20 19:58:14,"b""Can someone explain this Alan Carr #idontlikemondays show to me? So they give you your year's salary (and that of t\xe2\x80\xa6 https://t.co/0pdytbqDDv""",London
2018-04-20 19:57:29,b'@duncanpatience As someone who is on morphine due to pain. - I don\xe2\x80\x99t judge anyone for their illness #idontlikemondays',London
2018-04-20 19:57:18,b'Can\xe2\x80\x99t believe these peeps genuinely resign in the name of a game show #IDontLikeMondays #doh',London
2018-04-20 19:56:48,"b""@Channel4 I  Don't Like Monday's is a bit shit, or a lot shit, depends on the size of your telly. #Channel4 #idontlikemondays""",London
2018-04-20 19:56:29,b'Triple time on Monday.\xf0\x9f\x8e\x89..............that\xe2\x80\x99s \xc2\xa370 #idontlikemondays',London
2018-04-20 19:56:25,b' #idontlikemondays RT @mr_chambers_: We\xe2\x80\x99re going to fly you to Paris\nNo hotel\nNo return flight\nWe\xe2\x80\x99ll just fly you to Paris and leave you there..... #Idontlike\xe2\x80\xa6',London
2018-04-20 19:56:12,b'It says I will work any notice period ... then Alan says your not going to work on Monday ... makes no sense  #idontlikemondays',London
2018-04-20 19:56:08,b'Hope he ain\xe2\x80\x99t going to be lying down on a sun lounger In Barbados with his bad back   #idontlikemondays',London
2018-04-20 19:55:49,b'We\xe2\x80\x99re going to fly you to Paris\nNo hotel\nNo return flight\nWe\xe2\x80\x99ll just fly you to Paris and leave you there..... #Idontlikemondays',London
2018-04-20 19:55:33,"b"" #idontlikemondays Every week it seems I've found the worst program on TV and yet every week one channel or another plumbs new depths.\xe2\x80\xa6 https://t.co/RBlH8qpcPz""",London
2018-04-20 19:55:21,b'Only just realised that audience do the voting for the percentage  #idontlikemondays',London
2018-04-20 19:54:48,b'Phil won ... that\xe2\x80\x99s like 4 years wages for him  #idontlikemondays',London
2018-04-20 19:54:08,b'Back to serving drinks in the sky you go. #IDontLikeMondays https://t.co/C2SdOzwX12',London
2018-04-20 19:53:59,"b""RT @duncanpatience: I'm not exactly The Wolf Of Wall Street, but \xc2\xa38k a year?! Is it 1973?! #Idontlikemondays""",London
2018-04-20 19:53:06,b'At least Ryanair will be able to fly on Monday  #idontlikemondays',London
2018-04-20 19:52:11,b'@duncanpatience Bet they get benefits on the side #Idontlikemondays',London
2018-04-20 19:51:50,b'Oh that\xe2\x80\x99s got to be 99% .  #IDontLikeMondays',London
2018-04-20 19:51:42,"b""RT @duncanpatience: I'm not exactly The Wolf Of Wall Street, but \xc2\xa38k a year?! Is it 1973?! #Idontlikemondays""",London
2018-04-20 19:51:37,"b' #idontlikemondays I\'ve watched this for 5 minutes and I can already see Alan Carr is just thinking ""They\'re only just paying me enoug\xe2\x80\xa6 https://t.co/06mjfeRXvA'",London
2018-04-20 19:51:37,b'#idontlikemondays what happens to those props next?',London
2018-04-20 19:50:50,"b""I'm not exactly The Wolf Of Wall Street, but \xc2\xa38k a year?! Is it 1973?! #Idontlikemondays""",London
2018-04-20 19:50:34,b' #idontlikemondays RT @AnthonyRubio5: Ah \xe2\x80\x9cbad back\xe2\x80\x9d......he obviously doesn\xe2\x80\x99t want to jeopardise the disability benefit topping up his \xc2\xa38500 wages!  #idontlik\xe2\x80\xa6',London
2018-04-20 19:50:05,b' #idontlikemondays Ah \xe2\x80\x9cbad back\xe2\x80\x9d......he obviously doesn\xe2\x80\x99t want to jeopardise the disability benefit topping up his \xc2\xa38500 wages!\xe2\x80\xa6 https://t.co/gBmLB9Akbs',London
2018-04-20 19:49:19,b'#idontlikemondays Charlie needs to get out more... \xf0\x9f\x99\x84',London
2018-04-20 19:49:12,b'RT @AnthonyRubio5: \xc2\xa38000 a year????? WTF!! #idontlikemondays',London
2018-04-20 19:49:07,b'I have a back problem so Charlie can spin for me any day ... he\xe2\x80\x99s hot  #IDontLikeMondays',London
2018-04-20 19:48:48,b'@mr_chambers_ Must be because otherwise theirs companies paying less than minimum wage #idontlikemondays',London
2018-04-20 19:48:30,b'Surly he only works part time in @sainsburys \xc2\xa38500 \xf0\x9f\x99\x88\xf0\x9f\x99\x88 #idontlikemondays',London
2018-04-20 19:48:02,"b'On #IDontLikeMondays, imagine being in that crowd then having to go back work, getting the stink eye from your boss'",London
2018-04-20 19:47:56,b'\xc2\xa38000 a year????? WTF!! #idontlikemondays',London
2018-04-20 19:47:36,b'RT @mr_chambers_: Part-timers? #Idontlikemondays',London
2018-04-20 19:47:29,b'Three low wages this week .. oh they added it together because there\xe2\x80\x99s no way they could live off 18k  #IDontLikeMondays',London
2018-04-20 19:47:27,"b'are they part time or summat, #idontlikemondays'",London
2018-04-20 19:47:15,b'Part-timers? #Idontlikemondays',London
2018-04-20 19:46:43,"b""Anyone slagging off #thebutton clearly hasn't seen #idontlikemondays""",London
2018-04-20 19:46:26,b' #idontlikemondays Saw an advert for the @thecvshow and i was like what do they sell pens and paper .. i genuinely thought it was abou\xe2\x80\xa6 https://t.co/ur4hgzIqSu',London
2018-04-20 19:46:16,b'@AlanCarr what %photocopy bum or breast?... what was the answer 2 or 29%? #help #idontlikemondays #alamcarr #tv #quiz #answer #helpmewin',London
2018-04-20 19:44:55,b'Why is Alan Carr dressed as Jimmy Savile?\n#IDontLikeMondays',London
2018-04-20 19:44:39,"b'Awwww Tash has such a lovely idea, hope she wins! #idontlikemondays'",London
2018-04-20 19:43:42,b'This show gives Mondays a bad name! #Idontlikemondays',London
2018-04-20 19:42:03,"b"" #idontlikemondays Call this new Channel 4 programme a 'comedy' game show? I do not like Alan Carr, he thinks he's so funny...not! If\xe2\x80\xa6 https://t.co/Nyae0EuinC""",London
2018-04-20 19:42:02,b'Tash is having a breakdown and she\xe2\x80\x99s not even won #idontlikemondays',London
2018-04-20 19:40:27,b'Alan car is standing to attention .... and in that tight blue suit we can all see  #idontlikemondays',London
2018-04-20 19:40:11,"b""As if #thebutton isn't bad enough, we get the awful #idontlikemondays on C4.""",London
2018-04-20 19:39:57,"b' #idontlikemondays Why are folk going mad about Mel saying she tampered with peoples food? \n\n1 she was probably joking, she is a comed\xe2\x80\xa6 https://t.co/S0eUbUekxF'",London
2018-04-20 19:39:49,b'RT @MatthewMclane: I can see Alan Carr\xe2\x80\x99s penis.\n\nI don\xe2\x80\x99t want to see Alan Carr\xe2\x80\x99s penis.\n\n#IDontLikeMondays',London
2018-04-20 19:39:42,b'I have never photocopied any part of my anatomy at work  #idontlikemondays',London
2018-04-20 19:39:09,b'I can see Alan Carr\xe2\x80\x99s penis.\n\nI don\xe2\x80\x99t want to see Alan Carr\xe2\x80\x99s penis.\n\n#IDontLikeMondays',London
2018-04-20 19:38:43,b'Ironically Adrian looks like how tash will look after three years of marriage  #idontlikemondays',London
2018-04-20 19:37:41,b'He\xe2\x80\x99s a project manager = boring twit at parties  #idontlikemondays',London
2018-04-20 19:37:14,"b""If this #IDontLikeMondays thing with Alan Carr gets recommissioned I'll eat every hat ever manufactured. \n\nThat is a pledge.""",London
2018-04-20 19:36:47,b'Only 4% of people go into work hungover more than once a month. The remaining 96% are still pissed \xf0\x9f\x98\x82\xf0\x9f\x98\x82\xf0\x9f\x98\x82\xf0\x9f\x98\x82 #Idontlikemondays',London
2018-04-20 19:35:35,b'It\xe2\x80\x99s Agnita and Agatha  #idontlikemondays',London
2018-04-20 19:34:16,b'He wants to go to #Benidorm ... high aspirations there  #idontlikemondays',London
2018-04-20 19:34:00,b'Was the working title for this show \xe2\x80\x98I don\xe2\x80\x99t like Fridays\xe2\x80\x99 by any chance? #Idontlikemondays',London
2018-04-20 19:33:50,b'She lost two engine on the plane once ... probably in the pocket of her handbag  #idontlikemondays',London
2018-04-20 19:33:29,b'Only 4% of people go into work hungover more than once a month. Bollocks. They are all liars! #idontlikemondays',London
2018-04-20 19:32:47,"b'I\xe2\x80\x99m in love with Mel Giedroyc. She\xe2\x80\x99s so adorable, like a little woodland creature \xf0\x9f\x98\x8d\xf0\x9f\x98\x86 #idontlikemondays @AlanCarr'",London
2018-04-20 19:32:45,b'#idontlikemondays. Putting snot in people\xe2\x80\x99s food. Totally disgusting and frankly you should be arrested #Melgiedroyc @MelGiedroycTV',London
2018-04-20 19:32:06,b'#voltarol a few days ago he had back pain what happened - he was lying in order to claim benefits  #idontlikemondays',London
2018-04-20 19:30:17,b'I now love Mondays thanks to  #idontlikemondays #awful',London
2018-04-20 19:30:13,b'Every cloud has a sliver lining.....\n#Gogglebox is on after this! \xf0\x9f\x98\x83 \n#Idontlikemondays',London
2018-04-20 19:30:09,b'@CatThunder @AlanCarr The special bus #idontlikemondays',London
2018-04-20 19:29:59,b'Only 4% of people admitting to being rough in work more than twice a month \xf0\x9f\x98\x82\xf0\x9f\x98\x82 #IDontLikeMondays',London
2018-04-20 19:29:54,b'@breakaway2006 Yes but this was admitted too #idontlikemondays',London
2018-04-20 19:29:32,b'Did @AlanCarr find all his guests on #Idontlikemondays from the same bus stop?',London
2018-04-20 19:29:30,b'#nhsworker to get triple pay on Monday that\xe2\x80\x99s still less than what she should be paid   #idontlikemondays',London
2018-04-20 19:29:02,b'As if it\xe2\x80\x99s only 4% #idontlikemondays',London
2018-04-20 19:28:51,b' #idontlikemondays She works in the #nhs and thinks over 77% people go to work hungover more than twice a month .. I\xe2\x80\x99m worried about n\xe2\x80\xa6 https://t.co/XPCFBRXdY0',London
2018-04-20 19:26:34,b' #idontlikemondays This show could be improved by making a few slight adjustments.\n*get rid of the audience\n*get rid of the sets\n*get\xe2\x80\xa6 https://t.co/h0WstB8trW',London
2018-04-20 19:26:31,b'Alan Carr worked for Tesco .. all the best people have  #idontlikemondays',London
2018-04-20 19:25:39,b'Oh @Channel4 this #idontlikemondays is awful \xf0\x9f\x98\xa2',London
2018-04-20 19:25:29,b'Checkouts person .. think he checked out a long time ago  #idontlikemondays',London
2018-04-20 19:23:15,b'@AlanCarr Hey \xf0\x9f\x91\x8b Alan! Like you\xe2\x80\x99re new show #idontlikemondays ! It\xe2\x80\x99s cool btw \xf0\x9f\x98\x80\xf0\x9f\x91\x8d',London
2018-04-20 19:23:06,b'Oh my - just when you thought game shows couldn\xe2\x80\x99t get any worse  #idontlikemondays',London
2018-04-20 19:22:09,b'Does anybody else think that it\xe2\x80\x99s a bit odd this new Alan Carr Show being named after a song about a shooting? Just me? #IDontLikeMondays',London
2018-04-20 19:21:39,b'Mel gedroych admitted to being a waitress and tampering with people\xe2\x80\x99s food or as we call it she was #gbbo host  #idontlikemondays',London
2018-04-20 19:20:18,b' #idontlikemondays RT @mr_chambers_: Lots of people on quiz shows admit to being legal assistants but very few (if any) admit to being illegal assistants #Ido\xe2\x80\xa6',London
2018-04-20 19:20:08,b'Liked some of the work of #AlanCarr but  #idontlikemondays is absolutely appalling. So staged &amp; cringeworthy.',London
2018-04-20 19:19:38,b'Lots of people on quiz shows admit to being legal assistants but very few (if any) admit to being illegal assistants #Idontlikemondays',London
2018-04-20 19:18:48,b' #idontlikemondays RT @robpw2: Sorry ladies and gentleman your flight to Alicante is cancelled on Monday due to a member of staff not turning up  #idontlikemo\xe2\x80\xa6',London
2018-04-20 19:17:09,"b""I'm watching tonight's #episode of #IDontLikeMondays with #AlanCarr. After that, I will #decide if I'm watching a\xe2\x80\xa6 https://t.co/73Z0ewahMA""",London
2018-04-20 19:15:25,b'RT @ashlelau: #idontlikemondays is a strong contender for shittest game show \xf0\x9f\x98\xb4 and why would you even bother applying if you\xe2\x80\x99re on 6k a yea\xe2\x80\xa6',London
2018-04-20 19:15:17,b' #idontlikemondays That air hostess won\xe2\x80\x99t need to pay to skydive her colleagues when they find out she\xe2\x80\x99s dropping them in it will help\xe2\x80\xa6 https://t.co/TyuyL5hh3R',London
2018-04-20 19:13:49,b'Used to serve this Bridget in ladbrokes #idontlikemondays',London
2018-04-20 19:12:39,b'#idontlikemondays is a strong contender for shittest game show \xf0\x9f\x98\xb4 and why would you even bother applying if you\xe2\x80\x99re on 6k a year \xf0\x9f\x98\x82',London
2018-04-20 19:12:25,b'Social media should be banned at work  #idontlikemondays',London
2018-04-20 19:11:19,b'When the show pains to make it clear it\xe2\x80\x99s not a fix ..  #idontlikemondays',London
2018-04-20 19:10:35,b'First date and they apply to go on  #idontlikemondays ... https://t.co/vNtXKYNYiX',London
2018-04-20 19:10:13,b'tell me why #idontlikemondays hmmm proper double dodgy',London
2018-04-20 19:09:47,"b""That's a fucking fix #idontlikemondays \xf0\x9f\x98\x9d""",London
2018-04-20 19:09:34,b'Sorry ladies and gentleman your flight to Alicante is cancelled on Monday due to a member of staff not turning up  #idontlikemondays',London
2018-04-20 19:08:59,b'Is this a fix .. Bridget got picked ??  #idontlikemondays',London
2018-04-20 19:07:51,b'I love alan carr but this is shit #idontlikemondays',London
2018-04-20 19:07:51,b'Please don\xe2\x80\x99t try this at home .. as no one is watching I don\xe2\x80\x99t think you have to worry  #idontlikemondays',London
2018-04-20 19:07:21,b'We would never share a #cementmixer  #idontlikemondays https://t.co/PQ45KNgCJG',London
2018-04-20 19:05:32,b'I love mel gedr... sorry sue Perkins as I can spell her name  #idontlikemondays',London
2018-04-20 19:04:27,b'She\xe2\x80\x99s got a free trip to Nigeria just for having a #sobstory  #idontlikemondays',London
2018-04-20 19:02:47,b'A great job ... then why are you trying to get a year off  #idontlikemondays https://t.co/OYdSYJu5t3',London
2018-04-20 19:02:10,b'Surely \xc2\xa36000 a year is less than the minimum wage  #idontlikemondays',London
2018-04-20 19:01:30,b'But if I had a job in a solicitors firm as a paralegal I would  #idontlikemondays',London
2018-04-20 19:00:01,"b' #idontlikemondays Next on @Channel4, more lucky members of the public get the chance to have their salary paid for a year and quit th\xe2\x80\xa6 https://t.co/B9Shyej73Z'",London
2018-04-19 22:39:38,"b"" #idontlikemondays RT @garyaknichols: All booked for May to #MonacoGP with @rutiahronee September I'm at @UniversalORL then in October I'm on a 2 week cruise\xe2\x80\xa6""",London
2018-04-19 17:45:29,"b"" #idontlikemondays RT @garyaknichols: All booked for May to #MonacoGP with @rutiahronee September I'm at @UniversalORL then in October I'm on a 2 week cruise\xe2\x80\xa6""",London
2018-04-19 05:05:02,"b'RT @blanketcrap: rising damp,, memories of the battles between light and dark, artist day off #arts #idontlikemondays https://t.co/5PMw74XP\xe2\x80\xa6'",London
2018-04-18 22:12:39,"b"" #idontlikemondays All booked for May to #MonacoGP with @rutiahronee September I'm at @UniversalORL then in October I'm on a 2 week cr\xe2\x80\xa6 https://t.co/GkX6o2aesL""",London
2018-04-17 07:15:08,b'@IDLM_CASTING @AlanCarr #idontlikemondays can i play against #antmcpartlin ? \xc2\xa3130k a week.',London
2018-04-16 22:18:28,b'RT @garyaknichols: So who else apart from @AlanCarr @AmandaHolden @Channel4 can help me meet @celinedion #LasVegas #IDontLikeMondays #DREAMS',London
2018-04-16 20:05:52,"b'Hip hop, lunes....\n\n.\n.\n.\n#instacrochet #bearamigurumi #idontlikemondays #crocheteveryday\xe2\x80\xa6 https://t.co/aeKcdCaFf1'",London
2018-04-16 19:34:39,b'This is madness! #M05SCF #VAR #Montag #Idontlikemondays #Wahnsinn #AufgehtsMainzerk\xc3\xa4mpfen',London
2018-04-16 16:48:44,"b""I don't like Mondays!\n.\n.\n.\n#idontlikemondays #puppyeyes #ilovemydog https://t.co/Ui5I326Oyr""",London
2018-04-16 15:48:00,"b""Accurate representation of Monday's plans for me. \n#IDontLikeMondays https://t.co/xFaJlK2avc""",London
2018-04-16 15:30:25,b'#idontlikemondays - just come home to a heap of sh*t! https://t.co/eNuvlb7RQt',London
2018-04-16 14:32:59,b'Sitting in a hotel lobby in NYC with 2 hours to burn cause someone missed their plane and it\xe2\x80\x99s pouring rain outside! \xf0\x9f\x98\xab\n#idontlikemondays',London
2018-04-16 12:25:28,"b"" #idontlikemondays RT @brian_bonafitz: Ya know, it's bad enough that it's #Monday, but to need an ark to get out this morning brings it to a whole another lev\xe2\x80\xa6""",London
2018-04-16 12:17:11,"b"" #idontlikemondays Ya know, it's bad enough that it's #Monday, but to need an ark to get out this morning brings it to a whole another\xe2\x80\xa6 https://t.co/yPCAVLR7Jx""",London
2018-04-16 11:29:09,b'RT @lastrespectsmr: @Wave80radio #idontlikemondays #justanothermanicmonday have a great day #Ilovemusic . Michele x',London
2018-04-16 11:27:18,b'RT @lastrespectsmr: @Wave80radio #idontlikemondays #justanothermanicmonday have a great day #Ilovemusic . Michele x',London
2018-04-16 11:12:44,b'@Wave80radio #idontlikemondays #justanothermanicmonday have a great day #Ilovemusic . Michele x',London
2018-04-16 10:19:46,b'Monday again. Time for coffee https://t.co/1ouYwYwuqm #coffee #onstorm #IDontLikeMondays #superman #LGBT\xe2\x80\xa6 https://t.co/r98mVvN822',London
2018-04-16 09:47:36,b'Good old times #M05SCF #idontlikemondays https://t.co/eQBvOip0Cf',London
2018-04-16 09:00:20,b'Our feelings exactly! #GRRRR #Monday #IDontLikeMondays https://t.co/MoPDoIsGQk',London
2018-04-16 06:55:58,b'Didn\xe2\x80\x99t win the lottery so I\xe2\x80\x99ve got to go to fucking work! \xf0\x9f\x98\xa9\xf0\x9f\x98\xa9\xf0\x9f\x98\xa9 #idontlikemondays #workworkworkworkwork #NoMondayMotivation #bollocks',London
2018-04-16 05:38:15,b'Happy new week! Who else feels like this on Monday morning? lol #Mondaymotivation #IdontlikeMondays\xe2\x80\xa6 https://t.co/eLAyPEnmke',London
2018-04-16 05:11:43,b'I want to shoot\nthe whole day down #idontlikemondays',London
2018-04-16 01:29:54,b'RT @garyaknichols: @Kayhahn1 Thanks darling! Did you get to see my programme with @AlanCarr @AmandaHolden #idontlikemondays #no77 #idlm #wi\xe2\x80\xa6',London
2018-04-16 01:18:18,b'Don\xe2\x80\x99t tell me #tomorrow is #monday already! #mondaymotivation #idontlikemondays #gorilla\xe2\x80\xa6 https://t.co/VwxPsq3oSM',London
2018-04-16 00:29:38,b'RT @Escape2WFY: Ok poor choice of name #idontlikemondays would have preferred #mondaythenewsunday or something less controversial but the i\xe2\x80\xa6',London
2018-04-15 23:09:08,b'RT @garyaknichols: So who else apart from @AlanCarr @AmandaHolden @Channel4 can help me meet @celinedion #LasVegas #IDontLikeMondays #DREAMS',London
2018-04-15 22:12:09,b' #idontlikemondays Aye ... this will be us all in the morning as the kids go back to school ... apart from out @obanhighschool kids wh\xe2\x80\xa6 https://t.co/wx31vOsjIK',London
2018-04-15 21:55:24,b'Sunday evening bottom lip tremble time\xf0\x9f\x98\xa3! #idontlikemondays',London
2018-04-15 20:30:45,b' #idontlikemondays Morning train cancelled. Saw three people immediately go home at the announcement. I\xe2\x80\x99m really hating myself for not\xe2\x80\xa6 https://t.co/Ogr3sYPGTg',London
2018-04-15 17:29:01,b'RT @Escape2WFY: Ok poor choice of name #idontlikemondays would have preferred #mondaythenewsunday or something less controversial but the i\xe2\x80\xa6',London
2018-04-15 09:53:02,b' #idontlikemondays RT @Tag_guchi: @garyaknichols @rutiahronee @AlanCarr @AmandaHolden @Channel4 @celinedion @flunkamina Let\xe2\x80\x99s get tweeting @celinedion my brot\xe2\x80\xa6',London
2018-04-15 09:52:48,b'@meesterbriggs I did my homework! #IDONTLIKEMONDAYS',London
2018-04-15 09:52:39,b' #idontlikemondays RT @Tag_guchi: @garyaknichols @rutiahronee @AlanCarr @AmandaHolden @Channel4 @celinedion @flunkamina Let\xe2\x80\x99s get tweeting @celinedion my brot\xe2\x80\xa6',London
2018-04-15 09:52:02,b' #idontlikemondays @garyaknichols @rutiahronee @AlanCarr @AmandaHolden @Channel4 @celinedion @flunkamina Let\xe2\x80\x99s get tweeting\xe2\x80\xa6 https://t.co/8yKZt7AJT1',London
2018-04-15 09:44:23,b' #idontlikemondays RT @garyaknichols: @Tag_guchi @rutiahronee @AlanCarr @AmandaHolden @Channel4 @celinedion @flunkamina If I could meet #celinedion it would j\xe2\x80\xa6',London
2018-04-15 09:44:00,b' #idontlikemondays @Tag_guchi @rutiahronee @AlanCarr @AmandaHolden @Channel4 @celinedion @flunkamina If I could meet #celinedion it wo\xe2\x80\xa6 https://t.co/yqyalQGr02',London
2018-04-15 09:43:03,b'RT @gearing_channah: @garyaknichols @AlanCarr @AmandaHolden @Channel4 @celinedion Ooh can I come with you?! #Idontlikemondays #vegas',London
2018-04-15 09:42:47,b'RT @garyaknichols: #idontlikemondays #no77 @AmandaHolden @AlanCarr @Channel4 Fri 6th April 8pm! https://t.co/b2X1K3ZXLG',London
2018-04-15 09:36:58,b' #idontlikemondays RT @garyaknichols: @rutiahronee @AlanCarr @AmandaHolden @Channel4 @celinedion I am going with @flunkamina so excited #LasVegas #CelineDion\xe2\x80\xa6',London
2018-04-15 09:36:00,b'RT @garyaknichols: Hope you all get to watch! \xf0\x9f\x98\x9c#idontlikemondays #no77 #idlm https://t.co/ntV01Xbsu3',London
2018-04-15 09:35:55,b'RT @garyaknichols: #idlm #idontlikemondays @AlanCarr @AmandaHolden #bbconeshow #no77 @ ITV Studios https://t.co/nmlpTZcKRd',London
2018-04-15 09:35:52,b'RT @garyaknichols: So anyone notice no.77 @BBCOne @AlanCarr #theoneshow #idontlikemondays \xf0\x9f\x98\x89',London
2018-04-15 09:24:33,b'RT @garyaknichols: So anyone notice no.77 @BBCOne @AlanCarr #theoneshow #idontlikemondays \xf0\x9f\x98\x89',London
2018-04-15 09:24:29,b'RT @garyaknichols: #idlm #idontlikemondays @AlanCarr @AmandaHolden #bbconeshow #no77 @ ITV Studios https://t.co/nmlpTZcKRd',London
2018-04-15 09:24:25,b'RT @garyaknichols: Hope you all get to watch! \xf0\x9f\x98\x9c#idontlikemondays #no77 #idlm https://t.co/ntV01Xbsu3',London
2018-04-15 09:24:12,b'RT @garyaknichols: #idontlikemondays @1_Followers_1 @AmandaHolden tonight 8pm! #no77 #idlm #london #uk #gay\xe2\x80\xa6 https://t.co/oNkwi0806Y',London
2018-04-15 09:24:03,b'RT @garyaknichols: Winner! #idontlikemondays @AlanCarr @AmandaHolden #@channel4 #london #uk #gay #gaystagram\xe2\x80\xa6 https://t.co/vmNvszrDW9',London
2018-04-15 07:59:03,b' #idontlikemondays RT @garyaknichols: I am shocked by the negativity and homophobic comments from a tv show! No likey no watch! Haters can bugger off and ever\xe2\x80\xa6',London
2018-04-15 07:58:52,b' #idontlikemondays RT @garyaknichols: Just want to say it was very difficult resigning from work as @BiancaGascoigne was not JUST my boss but bestie as well!\xe2\x80\xa6',London
2018-04-15 07:58:43,"b""RT @garyaknichols: So you didn't catch #idontlikemondays @AmandaHolden @AlanCarr no excuse now, here are more times it's on! Episode 1 of 3\xe2\x80\xa6""",London
2018-04-15 07:56:39,b'@Kayhahn1 @AlanCarr @AmandaHolden Yay! Hope you enjoy! #idontlikemondays',London
2018-04-15 07:56:22,b'RT @garyaknichols: @Kayhahn1 Thanks darling! Did you get to see my programme with @AlanCarr @AmandaHolden #idontlikemondays #no77 #idlm #wi\xe2\x80\xa6',London
2018-04-15 07:54:00,b'@Kayhahn1 Thanks darling! Did you get to see my programme with @AlanCarr @AmandaHolden #idontlikemondays #no77\xe2\x80\xa6 https://t.co/9kVIgxOunC',London
2018-04-14 20:48:57,b' #idontlikemondays @rutiahronee @AlanCarr @AmandaHolden @Channel4 @celinedion I am going with @flunkamina so excited #LasVegas\xe2\x80\xa6 https://t.co/q46rGc4GaE',London
2018-04-14 19:32:57,"b'RT @Welsh_PA: So just catching up on @AlanCarr #idontlikemondays &amp; am very appalled that the #EA when asked to describe what she did, said\xe2\x80\xa6'",London
2018-04-14 18:56:31,b'RT @Channel4: Hands up if you were singing along at home! #idontlikemondays https://t.co/TNiXtJXIue',London
2018-04-14 18:27:32,"b""@AlanCarr What happens on #IDontLikeMondays if you win triple pay for Monday in Alan's Overtime if Monday is your day off?""",London
2018-04-14 17:44:17,b'So just catching up on @AlanCarr #idontlikemondays &amp; am very appalled that the #EA when asked to describe what she\xe2\x80\xa6 https://t.co/aYVr82gkt9',London
2018-04-14 16:14:43,"b""PRINCE\nI Don't Like Mondays.\n#idontlikemondays #idlms #\xe3\x82\xa2\xe3\x82\xa4\xe3\x83\x89\xe3\x83\xa9 #Nowplaying #np\nhttps://t.co/13l7hbY2q3""",London
2018-04-14 15:19:55,b'@AlanCarr #idontlikemondays how can any of these people who win quit their jobs surely if they have no job they hav\xe2\x80\xa6 https://t.co/snxqSONsny',London
2018-04-14 13:51:15,b'RT @Escape2WFY: Ok poor choice of name #idontlikemondays would have preferred #mondaythenewsunday or something less controversial but the i\xe2\x80\xa6',London
2018-04-14 13:13:42,b'RT @bigreegs1985: Monday...Or as I like to call it...Day 1 of the hostage situation.\n\n#IDontLikeMondays',London
2018-04-14 10:12:44,b'RT @Channel4: Let the @chattyman vs @wossy bubble wrap battle commence! Who was your money on? #IdontlikeMondays https://t.co/vrLMmxkUoz',London
2018-04-14 07:37:26,b'RT @Channel4: Hands up if you were singing along at home! #idontlikemondays https://t.co/TNiXtJXIue',London
2018-04-14 05:30:16,b' #idontlikemondays We\xe2\x80\x99re rooting 4 the lowest salary person who most likely does more worthwhile work &amp; prob work harder than the 2 ov\xe2\x80\xa6 https://t.co/Wfyl48ed67',London
2018-04-13 23:48:17,b'RT @Lyndadavies61: Lot of nastiness on Twitter over #idontlikemondays but no surprise there. Pleasantly surprised by this fun programme tho\xe2\x80\xa6',London
2018-04-13 23:10:40,b'RT @Escape2WFY: Ok poor choice of name #idontlikemondays would have preferred #mondaythenewsunday or something less controversial but the i\xe2\x80\xa6',London
2018-04-13 22:02:20,"b""Also, why are people hashtagging #idontlikemondays? IT'S FRIDAY! The weekend is around the corner, be happy! Or not\xe2\x80\xa6 https://t.co/rl5eo1h0m0""",London
2018-04-13 21:24:59,"b'Catching up on #IDontLikeMondays with Alan Carr, just give him back his #ChattyMan show; this is awful!'",London
2018-04-13 21:19:25,"b'RT @cheeky2xist: If i saw one of my staff in the  #IDontLikeMondays audience, I\xe2\x80\x99d be delighted to invite them into my office on monday to e\xe2\x80\xa6'",London
2018-04-13 21:13:29,"b""But anywho, it's all love \xe2\x9d\xa4\xef\xb8\x8f. P.s the most acting she's ever done is telling my parents I'd done things I hadn't \xf0\x9f\x98\x8e #idontlikemondays""",London
2018-04-13 21:10:59,"b' #idontlikemondays Myself, Claire, and my baby sister - were brought up in a tiny 2 bed; 3 in a room. My mum working 3 jobs at some po\xe2\x80\xa6 https://t.co/pLzYXtxgff'",London
2018-04-13 21:04:07,"b""RT @Toobroke2drive: Milk should just be banned in general. It's not necessary #idontlikemondays""",London
2018-04-13 21:01:08,b' #idontlikemondays RT @PhillipPippa: We Love Our Flowers #colour_collective #coffee #dogwalker #mugs #sw17 #tootingcommon #tooting #Wandsworth #backwarddogwal\xe2\x80\xa6',London
2018-04-13 20:55:42,b'Bit fishy that the one with highest salary always wins #idontlikemondays and they never get a question right.',London
2018-04-13 20:54:34,b'#idontlikemondays is truly awful \xf0\x9f\x98\xb1',London
2018-04-13 20:51:38,b' #idontlikemondays RT @MrShaneReaction: @AlanCarr is there a phone number I can text to donate a few pound to Jo? For just three pounds a month we could take\xe2\x80\xa6',London
2018-04-13 20:49:36,b' #idontlikemondays RT @shylittlemess: How come the person with the lowest salary always gets knocked out first and the person with the highest always wins wit\xe2\x80\xa6',London
2018-04-13 20:48:29,b'RT @BMovie_Hero: Why does it feel like #IDontLikeMondays is fixed?\nOn both weeks the highest paid contestant wins!\nThey should start the qu\xe2\x80\xa6',London
2018-04-13 20:46:33,b'Tonight my claim to fame was aired on #idontlikemondays on @Channel4 unfortunately I never won #sad but I still qui\xe2\x80\xa6 https://t.co/fWpeLWQvQU',London
2018-04-13 20:45:12,b'Why does it feel like #IDontLikeMondays is fixed?\nOn both weeks the highest paid contestant wins!\nThey should start\xe2\x80\xa6 https://t.co/hbdAoWdvL8',London
2018-04-13 20:44:03,"b'#idontlikemondays\nBit shit this prog, sorry Alan'",London
2018-04-13 20:42:43,"b'RT @Channel4: Oh we love a good romantic Trans Atlantic reunion! Pass the tissues, will you. #idontlikeMondays https://t.co/2GTloflh0Q'",London
2018-04-13 20:42:34,"b""RT @Channel4: Blimey, we're not sure that move's allowed @wossy. #IdontlikeMondays https://t.co/cU9tynhzMj""",London
2018-04-13 20:42:28,b'RT @Channel4: Hands up if you were singing along at home! #idontlikemondays https://t.co/TNiXtJXIue',London
2018-04-13 20:41:20,b'#IDontLikeMondays \n\nHas anyone in the audience got a mundane job?',London
2018-04-13 20:38:55,b'How sweet can a good memory be?\n#illustration #idontlikemondays https://t.co/XADTkcaPQy',London
2018-04-13 20:37:28,"b' #idontlikemondays RT @MisterFrosties: Feeling uneasy watching Alan Carr and Amanda Holden rooting for Nurses to resign and quit their jobs for a year, while\xe2\x80\xa6'",London
2018-04-13 20:37:17,b'RT @Beegrrrl: Am I the only person who is ever so slightly uncomfortable with #IDontLikeMondays being the title of a game show on @Channel4\xe2\x80\xa6',London
2018-04-13 20:36:35,"b'""I gotta get on my hands and knees"" \xf0\x9f\x90\xae \xf0\x9f\x98\x82\xf0\x9f\x98\x82\xf0\x9f\x98\x82\xf0\x9f\x98\x82\xf0\x9f\x98\x82\n\nI have got such a dirty mind!\n\n@AlanCarr #idontlikemondays'",London
2018-04-13 20:35:04,b'RT @PaulBKirk: It\xe2\x80\x99s highly inappropriate to use a song about a mass school shooting to promote a game show. @Channel4 #IDontLikeMondays',London
2018-04-13 20:34:06,b'RT @bigreegs1985: Monday...Or as I like to call it...Day 1 of the hostage situation.\n\n#IDontLikeMondays',London
2018-04-13 20:33:05,b'Monday...Or as I like to call it...Day 1 of the hostage situation.\n\n#IDontLikeMondays',London
2018-04-13 20:32:48,"b'RT @jordan_welshy: Still unsure why Channel 4 have named a new ""game show"" after a song about a high school shooting? #IDontLikeMondays'",London
2018-04-13 20:27:25,"b'#IDontLikeMondays \n\nEverybody is ""getting married"", and ""wanting to travel"".'",London
2018-04-13 20:25:29,"b""I'm a big fan of @DollyParton too, very big! @AlanCarr #idontlikemondays https://t.co/TN1x9TEhAA""",London
2018-04-13 20:25:22,b'RT @Escape2WFY: Ok poor choice of name #idontlikemondays would have preferred #mondaythenewsunday or something less controversial but the i\xe2\x80\xa6',London
2018-04-13 20:24:37,b'RT @Escape2WFY: Ok poor choice of name #idontlikemondays would have preferred #mondaythenewsunday or something less controversial but the i\xe2\x80\xa6',London
2018-04-13 20:21:33,b'RT @Escape2WFY: Ok poor choice of name #idontlikemondays would have preferred #mondaythenewsunday or something less controversial but the i\xe2\x80\xa6',London
2018-04-13 20:20:35,b'RT @Escape2WFY: Ok poor choice of name #idontlikemondays would have preferred #mondaythenewsunday or something less controversial but the i\xe2\x80\xa6',London
2018-04-13 20:20:18,b'RT @Escape2WFY: Ok poor choice of name #idontlikemondays would have preferred #mondaythenewsunday or something less controversial but the i\xe2\x80\xa6',London
2018-04-13 20:19:52,"b""Oh @AlanCarr hope that swivel chair didn't hurt you, but where's there blame there's a claim?! #idontlikemondays""",London
2018-04-13 20:19:36,b'RT @Escape2WFY: Ok poor choice of name #idontlikemondays would have preferred #mondaythenewsunday or something less controversial but the i\xe2\x80\xa6',London
2018-04-13 20:14:36,"b' #idontlikemondays Answers:\n1) I think so, yes\n2) Unfortunately, probably!\n3) Doubt it, but you never know!  Depends on the boss!\n4) C\xe2\x80\xa6 https://t.co/mYfnHnGNEm'",London
2018-04-13 20:12:50,"b""@Channel4 hey I am loving #Idontlikemondays with #alancarr but you do realise the music you use ' I Don't Like Mond\xe2\x80\xa6 https://t.co/pzkGU476po""",London
2018-04-13 20:12:12,"b""#idontlikemondays seems to be a Chris Evans-like production with manicly high energy and whacky concepts. Doesn't do much for me, though.""",London
2018-04-13 20:11:38,b'@AlanCarr I wouldn\xe2\x80\x99t mind those rolls of bubble wrap you had to fight with @wossy \xf0\x9f\x98\x80\xf0\x9f\x98\x80\xf0\x9f\x98\x80\xf0\x9f\x91\x8d\xf0\x9f\x8f\xbc #idontlikemondays',London
2018-04-13 20:10:07,b' #idontlikemondays We Love Our Flowers #colour_collective #coffee #dogwalker #mugs #sw17 #tootingcommon #tooting #Wandsworth\xe2\x80\xa6 https://t.co/QOz48VWvKX',London
2018-04-13 20:08:35,b'Just think if you saw your employees in the audience of #idontlikemondays......it would make an awkward conversatio\xe2\x80\xa6 https://t.co/z53qXW5two',London
2018-04-13 20:08:29,b'Ok poor choice of name #idontlikemondays would have preferred #mondaythenewsunday or something less controversial b\xe2\x80\xa6 https://t.co/1j43L3RiQH',London
2018-04-13 20:07:00,"b"" #idontlikemondays The way things seem to be going with the high street, there won't BE any jobs left shortly! #brexit\xe2\x80\xa6 https://t.co/cEufQrbOva""",London
2018-04-13 20:04:48,b'This @Channel4 game show #IDontLikeMondays where someone wins their annual salary but has to resign. Imagine losing\xe2\x80\xa6 https://t.co/nXYk5lB6Ru',London
2018-04-13 20:04:28,b' #idontlikemondays I dont even know how people can dislike Claire she seems lovely get a life jeez some of you people are not humans m\xe2\x80\xa6 https://t.co/cn1u0iuB9u',London
2018-04-13 20:04:00,b'Maybe these people are in the wrong job... \xf0\x9f\xa4\xb7\xe2\x80\x8d\xe2\x99\x80\xef\xb8\x8f\n\n#idontlikemondays https://t.co/KZjhRzE7e4',London
2018-04-13 20:03:33,b' #idontlikemondays I have so many questions.\nIs it a lump sum?\nWill it be taxed?\nWill everyone lose their jobs when their bosses see t\xe2\x80\xa6 https://t.co/Lrj5fG3FeO',London
2018-04-13 20:00:37,b'RT @Lyndadavies61: Lot of nastiness on Twitter over #idontlikemondays but no surprise there. Pleasantly surprised by this fun programme tho\xe2\x80\xa6',London
2018-04-13 20:00:08,b'I think I need to become a communications manager. 38k \xf0\x9f\xa4\xad\xf0\x9f\x98\xae #idontlikemondays',London
2018-04-13 19:59:54,b'Two weeks running and the top salaried persons win.......  #idontlikemondays',London
2018-04-13 19:58:21,b'Channel 4 really are clutching at straws with this show #idontlikemondays what a load of rubbish',London
2018-04-13 19:58:07,b'Funny how the wheel stopped #fixed  #idontlikemondays',London
2018-04-13 19:58:05,b'I must he missing the whole concept of #idontlikemondays you go on national TV &amp; announce you want to quit your job\xe2\x80\xa6 https://t.co/w82vSifoZC',London
2018-04-13 19:57:18,b'Tbf most people would like a year off. Just a bit of fun \xf0\x9f\xa4\xb7\xe2\x80\x8d\xe2\x99\x80\xef\xb8\x8f #idontlikemondays',London
2018-04-13 19:56:53,b'#idontlikemondays #channel4 that\xe2\x80\x99s 60 minutes of my life I can\xe2\x80\x99t get back.',London
2018-04-13 19:56:46,b'So basically love you won\xe2\x80\x99t have a job to go back to. \xf0\x9f\x98\x82\xf0\x9f\x98\x82\xf0\x9f\x98\x82 #idontlikemondays',London
2018-04-13 19:56:45,b'What a load of crap \n\n #IDontLikeMondays',London
2018-04-13 19:55:50,b'Think the contestants jobs are actors to be fair... what a load of plop \xf0\x9f\x98\x92\n#idontlikemondays',London
2018-04-13 19:55:47,"b'This #idontlikemondays programme is the WORST TV Programme I have EVER seen! Cruel, tacky, cheesy garbage! And do t\xe2\x80\xa6 https://t.co/ojSmPemEyN'",London
2018-04-13 19:55:43,b'Do they really resign??? What happens in a years time??  #idontlikemondays',London
2018-04-13 19:55:39,b'Big fan of Alan Carr but.....\n\n#idontlikemondays \n\nWtf',London
2018-04-13 19:55:38,"b'This is how fucked up the world is, we\xe2\x80\x99ve now got a gameshow that gives people their freedom back as a prize. #idontlikemondays'",London
2018-04-13 19:55:21,"b""When you find out you don't have to go to work on Monday. #idontlikemondays https://t.co/d1pM0gTfBP""",London
2018-04-13 19:55:14,b'This show #Idontlikemondays is so bloody stupid!! As if they quit their jobs for a one of payment. It is certainly\xe2\x80\xa6 https://t.co/hSWP1L6v5F',London
2018-04-13 19:54:41,b'Congrats Claire #idontlikemondays',London
2018-04-13 19:54:36,b'#idontlikemondays Alan Carr........ WTF. Here\xe2\x80\x99s a crazy idea......... stick to #chattyman',London
2018-04-13 19:54:22,b'This show is so fixed! #idontlikemondays',London
2018-04-13 19:54:17,b' #idontlikemondays @AlanCarr is there a phone number I can text to donate a few pound to Jo? For just three pounds a month we could ta\xe2\x80\xa6 https://t.co/tKhnNG47Ve',London
2018-04-13 19:53:52,"b""Now Claire's boyfriend is going to have to resign tut #idontlikemondays""",London
2018-04-13 19:53:32,"b""I see none of the contestants on this week's #IDontLikeMondays have tweeted about them being on. Seems to prove the\xe2\x80\xa6 https://t.co/WEn8oi6xoF""",London
2018-04-13 19:53:11,b' #idontlikemondays How come the person with the lowest salary always gets knocked out first and the person with the highest always win\xe2\x80\xa6 https://t.co/SmrHohrr78',London
2018-04-13 19:53:07,"b""i'm a huge @AlanCarr fan, but who the hell commissioned this shit; #idontlikemondays @Channel4 ?""",London
2018-04-13 19:52:56,b'So is this gonna be the 2nd week in a row where the person on the highest wage wins? \xf0\x9f\x99\x84\xf0\x9f\x99\x84\xf0\x9f\x99\x84 #idontlikemondays',London
2018-04-13 19:51:21,b'Is that girl deaf or thick? #idontlikemondays',London
2018-04-13 19:50:44,b'#idontlikemondays is the worst yet brilliant tv show I\xe2\x80\x99ve ever seen. Pure class.',London
2018-04-13 19:50:43,"b' #idontlikemondays Well-paid Channel4 exec ""I know! Let\'s have a bunch of peasants face their bosses after slating their jobs on natio\xe2\x80\xa6 https://t.co/j33DOuUFuh'",London
2018-04-13 19:50:26,"b"" #idontlikemondays Cows don't naturally produce milk unless they're pregnant and get constantly milked after giving birth. It's unnatu\xe2\x80\xa6 https://t.co/tzVXDvgzUG""",London
2018-04-13 19:50:20,b'I want Jo to win! #idontlikemondays',London
2018-04-13 19:50:18,b'Did that thick cow just say D??? #idontlikemondays',London
2018-04-13 19:50:05,"b"" #idontlikemondays The contestants are ready, @chattyman's ready...it's time to make sure that someone doesn't have to set their alarm\xe2\x80\xa6 https://t.co/WqTSm9XKJr""",London
2018-04-13 19:49:37,b'who would know that? #idontlikemondays',London
2018-04-13 19:49:08,b'@AlanCarr found a use for the old bullseye set. #idontlikemondays',London
2018-04-13 19:48:48,"b""This game show couldn't be more 'Channel 4' if it tried. \n#idontlikemondays""",London
2018-04-13 19:48:28,b'Lot of nastiness on Twitter over #idontlikemondays but no surprise there. Pleasantly surprised by this fun programm\xe2\x80\xa6 https://t.co/3zbTMphhaz',London
2018-04-13 19:44:36,b'Coming out of Twitter retirement to tweet #domaniqua #howling  #alancarr #idontlikemondays',London
2018-04-13 19:43:48,b'I thought it was the Dominican Republic \xf0\x9f\xa4\x94 #idontlikemondays',London
2018-04-13 19:43:17,b'#idontlikemondays Jonathan Ross dresss your age !',London
2018-04-13 19:42:48,b'WTF? Where are they digging up these morons from? #idontlikemondays',London
2018-04-13 19:42:05,b'Ohhhh Lorraine \xf0\x9f\xa4\xb7\xf0\x9f\xa4\xb7 #idontlikemondays',London
2018-04-13 19:41:28,"b'Anyone else suffering through the drivel that is #idontlikemondays while they wait for #gogglebox?\n\nAlso, they do k\xe2\x80\xa6 https://t.co/398NxWKNs7'",London
2018-04-13 19:40:32,"b'I feel sorry for them poor cows, with all the lights, music, clapping etc and strangers milking them.. #IDontLikeMondays'",London
2018-04-13 19:40:14,b' #idontlikemondays How tf are people saying milking a cow on tv is animal cruelty give over are you retarded your a sensitive prick an\xe2\x80\xa6 https://t.co/jvjCg0SBjl',London
2018-04-13 19:40:03,"b""Milk should just be banned in general. It's not necessary #idontlikemondays""",London
2018-04-13 19:39:16,b'#idontlikemondays look at you looking all young and trendy @wossy  #bomberjacket #floppyhair #tryingtolookcool https://t.co/yB3pSLl0q5',London
2018-04-13 19:39:11,b'Has anybody else noticed how sweaty everyone in that studio is? \xf0\x9f\x92\xa6\xf0\x9f\x92\xa6\xf0\x9f\x92\xa6 #idontlikemondays',London
2018-04-13 19:37:57,b'Milking a cow on TV is cruel! #idontlikemondays #Cowsmilkisforhercalfs',London
2018-04-13 19:36:55,"b'Poor cows, stressed out, animal cruelty #Idontlikemondays'",London
2018-04-13 19:36:39,b'Not a fan of the cows being used for entertainment like that on #Channel4 for #idontlikemondays \xf0\x9f\x98\x90',London
2018-04-13 19:35:47,"b""Feels a bit cheap and tacky!..... Don't think Carr helps! #idontlikemondays""",London
2018-04-13 19:33:31,b'#IDontLikeMondays crushed velvet was a bad idea..... bit like this programme',London
2018-04-13 19:33:15,b'#idontlikemondays is still twisting my melon this week',London
2018-04-13 19:31:38,"b'RT @Channel4: Ooof. We felt that, @chattyman. #idontlikemondays https://t.co/IH5cCLzkNy'",London
2018-04-13 19:29:39,"b""RT @Channel4: Blimey, we're not sure that move's allowed @wossy. #IdontlikeMondays https://t.co/cU9tynhzMj""",London
2018-04-13 19:29:34,b'#idontlikemondays  \nCurrently on ch4. Omg.\nAre you actually joking?\nScrapping the barrel. https://t.co/rdVHmPTDM9',London
2018-04-13 19:27:53,b'#idontlikemondays Alan must be doing his best to keep a straight face talking to that goon',London
2018-04-13 19:26:48,"b'Still unsure why Channel 4 have named a new ""game show"" after a song about a high school shooting? #IDontLikeMondays'",London
2018-04-13 19:26:06,b'Whose idea was this programme? #idontlikemondays #whatapileofshite \xf0\x9f\x99\x88',London
2018-04-13 19:24:20,"b'Ooof. We felt that, @chattyman. #idontlikemondays https://t.co/IH5cCLzkNy'",London
2018-04-13 19:24:10,b'Hands up if you were singing along at home! #idontlikemondays https://t.co/TNiXtJXIue',London
2018-04-13 19:23:51,"b""#idontlikemondays\n...because I don't have a proper job?""",London
2018-04-13 19:20:51,b'Haha the crew are a bit agressive \xf0\x9f\x98\x82\xf0\x9f\x98\x82\xf0\x9f\x98\x82\xf0\x9f\x98\x82\xf0\x9f\x98\x82 Keep knocking @AlanCarr over. #idontlikemondays @Channel4 X',London
2018-04-13 19:19:52,b'Think this is a grower  #idontlikemondays',London
2018-04-13 19:19:15,"b""#idontlikemondays @Channel4 easy watching and who wouldn't like a year off hey.... \xf0\x9f\x91\x8d\xf0\x9f\x91\x8d""",London
2018-04-13 19:18:32,"b"" #idontlikemondays Still don't get the concept. It's not a prize, it's replacing your wages so How can you go travelling around the wo\xe2\x80\xa6 https://t.co/xvp5uw0NqH""",London
2018-04-13 19:17:48,"b""@kitt_knight007 It does, doesn't it! Hopefully they're as soft as toilet rolls... #idontlikemondays""",London
2018-04-13 19:17:39,"b""How big are Alan Carr's Hands..\xf0\x9f\x98\x89 #idontlikeMondays""",London
2018-04-13 19:16:07,"b""#idontlikemondays those two lasses haven't a scooby ..79 and 46% ffs...""",London
2018-04-13 19:15:39,b'#idontlikemondays is a bit.... https://t.co/tb9u8sqVMy',London
2018-04-13 19:15:13,b'Show is growing on me  #idontlikemondays',London
2018-04-13 19:14:24,"b""RT @Channel4: Blimey, we're not sure that move's allowed @wossy. #IdontlikeMondays https://t.co/cU9tynhzMj""",London
2018-04-13 19:12:59,"b' #idontlikemondays The US brought us #Sopranos, #Homeland #TheWire #SonsofAnarchy #WalkingDead etc... So glad to see us produce shit l\xe2\x80\xa6 https://t.co/uLNFhYDIaJ'",London
2018-04-13 19:11:59,"b""Blimey, we're not sure that move's allowed @wossy. #IdontlikeMondays https://t.co/cU9tynhzMj""",London
2018-04-13 19:11:49,"b'#idontlikemondays ""Why did you leave your last job?"" ""I didn\'t like it and won a year\'s salary so I could resign from it""'",London
2018-04-13 19:10:56,b'Oh my god I\xe2\x80\x99m in tears already! Brilliant.comedy.ever @alancarr @wossy @Channel4 #idontlikemondays X\xf0\x9f\x98\x82\xf0\x9f\x98\x82\xf0\x9f\x98\x82\xf0\x9f\x98\x82\xf0\x9f\x98\x82',London
2018-04-13 19:10:50,"b""From a distance, it looks like they're playing with large toilet rolls! #idontlikemondays""",London
2018-04-13 19:10:45,b'RT @Channel4: Let the @chattyman vs @wossy bubble wrap battle commence! Who was your money on? #IdontlikeMondays https://t.co/vrLMmxkUoz',London
2018-04-13 19:10:24,b'Let the @chattyman vs @wossy bubble wrap battle commence! Who was your money on? #IdontlikeMondays https://t.co/vrLMmxkUoz',London
2018-04-13 19:08:43,b'Bloody hell she done Allright didn\xe2\x80\x99t she! Her bf is HOT!!! #idontlikemondays https://t.co/kWUBsDEYgh',London
2018-04-13 19:08:33,b'Why is Jonathan Ross dressed like a Boohoo model?  #idontlikemondays',London
2018-04-13 19:07:54,b'Add a bit of frisson if one of the contestants on #Idontlikemondays was a hedge fund manager on \xc2\xa320m a year salary.',London
2018-04-13 19:06:58,"b""JR's been splashing out in Matalan I see\n\n#idontlikemondays""",London
2018-04-13 19:05:59,b'Why is Jonathan Ross dressed as one of Bros? Anyone? #idontlikemondays',London
2018-04-13 19:05:32,"b'Oh we love a good romantic Trans Atlantic reunion! Pass the tissues, will you. #idontlikeMondays https://t.co/2GTloflh0Q'",London
2018-04-13 19:05:26,b'RT @lulubaker: Chloe\xe2\x80\x99s more worried about her mascara running than paying attention to lovely Chase  #idontlikemondays',London
2018-04-13 19:05:19,b'#Idontlikemondays I bet someone with a paper round wins it',London
2018-04-13 19:05:17,b'Is Johnathan Ross now sponsored by boohoo man? #idontlikemondays',London
2018-04-13 19:05:09,b'Chloe\xe2\x80\x99s more worried about her mascara running than paying attention to lovely Chase  #idontlikemondays',London
2018-04-13 19:04:38,b'I wish that had been me \xf0\x9f\x98\xad\xf0\x9f\x98\xad\xf0\x9f\x98\xad\xf0\x9f\x98\xad\xf0\x9f\x98\xad #idontlikemondays #longdistancerelationship #uktousa',London
2018-04-13 19:04:35,b'Good luck on Monday all those in the audience on #IDontLikeMondays - that\xe2\x80\x99s  your career opportunities down the loo\xe2\x80\xa6 https://t.co/MQ6ZmYq2I3',London
2018-04-13 19:04:12,"b'#Idontlikemondays no big earners in the audience , underachievers only'",London
2018-04-13 19:02:44,b'When you\xe2\x80\x99re in the #IDontLikeMondays audience and don\xe2\x80\x99t want to be spotted by your boss! https://t.co/bzGaUf75yB',London
2018-04-13 19:01:14,b'After last weeks successful first episode I\xe2\x80\x99m watching I Don\xe2\x80\x99t Like Monday\xe2\x80\x99s to see how funny and great it really is.#IDontLikeMondays',London
2018-04-13 19:00:04,"b' #idontlikemondays Imagine a year off work, with full salary intact? Well @chattyman, along with the help of @wossy, will be giving so\xe2\x80\xa6 https://t.co/XU0pascBWH'",London
2018-04-13 18:57:28,b'https://t.co/HL5B5X3mJ7\n\nItems from \xc2\xa31.99 so e ending in half an hour\n\n#soundslikefridaynight\n#fridaynight #idontlikemondays #eastenders',London
2018-04-13 17:30:22,b'Get ready for #idontlikemondays at 8pm on @Channel4',London
2018-04-13 14:06:52,b'This weeks #SpottedOnTV is looking fab! Lots of busy #Freelancers!\n#Hospital #SevenYearSwitch #IDontLikeMondays\xe2\x80\xa6 https://t.co/zK67c4gaDQ',London
2018-04-13 07:41:04,b'RT @garyaknichols: @Tag_guchi @flunkamina @rutiahronee Far too many to count! \xf0\x9f\x98\x9c#no77 #idontlikemondays',London
2018-04-13 07:10:05,"b""We're looking forward to the next episode of #idontlikemondays tonight at 8pm on @Channel4 - @wossy will be joining @AlanCarr""",London
2018-04-12 21:41:54,b'RT @garyaknichols: So who else apart from @AlanCarr @AmandaHolden @Channel4 can help me meet @celinedion #LasVegas #IDontLikeMondays #DREAMS',London
2018-04-12 17:30:35,b'Get ready for the weekend with a dose of #idontlikemondays this Friday at 8pm on @Channel4 with @AlanCarr and @wossy https://t.co/YjXrY0OCBy',London
2018-04-12 17:15:39,b'I help you love your job or leave it for a better  ... a bit  like that new TV programme #idontlikemondays\xe2\x80\xa6 https://t.co/YGmHj1TkgZ',London
2018-04-12 14:09:58,b' #idontlikemondays So I ripped my trousers the other day at work back to front and I couldn\xe2\x80\x99t help but think if I was commando people\xe2\x80\xa6 https://t.co/fFBZ3WPwWL',London
2018-04-12 04:46:29,"b'RT @blanketcrap: rising damp,, memories of the battles between light and dark, artist day off #arts #idontlikemondays https://t.co/5PMw74XP\xe2\x80\xa6'",London
2018-04-11 07:13:51,"b'@ChauncySmartt @ErinSummersN By gad, you are right......something else for us to worry about. \n#IDontLikeMondays\nAh\xe2\x80\xa6 https://t.co/DS5CCXhAy9'",London
2018-04-11 00:34:20,b'@Girlsie001 @Channel4 Hope you enjoyed it! #idontlikemondays',London
2018-04-11 00:33:41,"b"" #idontlikemondays RT @garyaknichols: I Don't Like Mondays: Alan Carr's new and very unique game show https://t.co/0e0YgcILOP via @tellymix #idlm #idontlikemo\xe2\x80\xa6""",London
2018-04-11 00:33:20,b'@RealJemimaSlade Hope you enjoyed the show #idontlikemondays',London
2018-04-11 00:32:32,b' #idontlikemondays RT @garyaknichols: I am shocked by the negativity and homophobic comments from a tv show! No likey no watch! Haters can bugger off and ever\xe2\x80\xa6',London
2018-04-11 00:29:24,"b""RT @garyaknichols: So you didn't catch #idontlikemondays @AmandaHolden @AlanCarr no excuse now, here are more times it's on! Episode 1 of 3\xe2\x80\xa6""",London
2018-04-10 22:39:17,"b'@ChrisVanjie Thanks, glad you loved the show #idontlikemondays'",London
2018-04-10 21:55:50,b'@gearing_channah @AlanCarr Thanks doll! #idontlikemondays',London
2018-04-10 21:53:29,"b'RT @gearing_channah: @garyaknichols @AlanCarr I loved the show, you were both fab! #Idontlikemondays'",London
2018-04-10 21:53:24,b'RT @gearing_channah: @garyaknichols @AlanCarr @AmandaHolden @Channel4 @celinedion Ooh can I come with you?! #Idontlikemondays #vegas',London
2018-04-10 21:48:58,b'RT @garyaknichols: #idontlikemondays #no77 @AmandaHolden @AlanCarr @Channel4 Fri 6th April 8pm! https://t.co/b2X1K3ZXLG',London
2018-04-10 21:48:53,b'RT @garyaknichols: #NewProfilePic #idontlikemondays #no77 #idlm @AlanCarr @AmandaHolden @Channel4    April 6th 8pm! https://t.co/gMf6eI20nt',London
2018-04-10 21:48:21,"b""RT @garyaknichols: So you didn't catch #idontlikemondays @AmandaHolden @AlanCarr no excuse now, here are more times it's on! Episode 1 of 3\xe2\x80\xa6""",London
2018-04-10 21:48:08,"b'@garyaknichols @AlanCarr I loved the show, you were both fab! #Idontlikemondays'",London
2018-04-10 21:47:31,"b'RT @garyaknichols: @AlanCarr It was fab meeting you, thanks for being so kind on the night to me! #idontlikemondays'",London
2018-04-10 21:47:17,b'@garyaknichols @AlanCarr @AmandaHolden @Channel4 @celinedion Ooh can I come with you?! #Idontlikemondays #vegas',London
2018-04-10 21:46:35,b'RT @garyaknichols: So who else apart from @AlanCarr @AmandaHolden @Channel4 can help me meet @celinedion #LasVegas #IDontLikeMondays #DREAMS',London
2018-04-10 21:30:42,"b'@AlanCarr It was fab meeting you, thanks for being so kind on the night to me! #idontlikemondays'",London
2018-04-10 20:01:31,"b""The whole day's shot down ... Gut Reaction: My Keto Reboot: Day Nine https://t.co/waXJQm058U #Idontlikemondays #ketoreboot #youcandoeet""",London
