2018-04-20 20:27:40,"b""82'| TNS 2-1 CQN\nRyan Brobbel wins a corner for TNS. #JDWPL""",London
2018-04-20 20:24:46,"b'Big chance for Carmarthen to go in front here as Clayton Green heads onto the bar, before Surman half volleys the rebound over. #JDWPL'",London
2018-04-20 20:23:14,"b"" #JDWPL RT @tnsfc: 68'| A SECOND GOAL FOR TNS 2-1 CQN\nRyan Pryce cuts inside, carries the ball forward before curling the shot past the goalkeeper.\xe2\x80\xa6""",London
2018-04-20 20:19:05,"b"" #JDWPL RT @tnsfc: 68'| A SECOND GOAL FOR TNS 2-1 CQN\nRyan Pryce cuts inside, carries the ball forward before curling the shot past the goalkeeper.\xe2\x80\xa6""",London
2018-04-20 20:16:03,"b"" #JDWPL GOAL/G\xc3\x94L: @AberystwythTown 1-1 @CarmarthenAFC (Morgan, 56')\n\nBig goal out west, as a scramble in the Aber box leads\xe2\x80\xa6 https://t.co/sg258Jm2l2""",London
2018-04-20 20:14:59,"b"" #JDWPL GOAL/G\xc3\x94L: @tnsfc 2-1 @the_nomads (Pryce, 67')\n\nIt's all turned around at Park Hall, as Ryan Pryce beats Danby to gi\xe2\x80\xa6 https://t.co/ALoLoOb2ub""",London
2018-04-20 20:14:36,"b"" #JDWPL RT @tnsfc: 68'| A SECOND GOAL FOR TNS 2-1 CQN\nRyan Pryce cuts inside, carries the ball forward before curling the shot past the goalkeeper.\xe2\x80\xa6""",London
2018-04-20 20:14:10,"b"" #JDWPL 68'| A SECOND GOAL FOR TNS 2-1 CQN\nRyan Pryce cuts inside, carries the ball forward before curling the shot past th\xe2\x80\xa6 https://t.co/FeQnVa6UQC""",London
2018-04-20 20:12:45,"b""67'| TNS 1-1 CQN\nSteve Saunders attempts a double roulette turn in the Nomads' box, but he gets crowded out and loses the ball. #JDWPL""",London
2018-04-20 20:08:20,"b"" #JDWPL RT @WPL_Official: GOAL/G\xc3\x94L: @tnsfc 1-1 @the_nomads (Draper, 58' PEN)\n\nThe Champions are level. Brobbel is brought down in the box, and Greg\xe2\x80\xa6""",London
2018-04-20 20:08:03,"b"" #JDWPL GOAL/G\xc3\x94L: @tnsfc 1-1 @the_nomads (Draper, 58' PEN)\n\nThe Champions are level. Brobbel is brought down in the box, an\xe2\x80\xa6 https://t.co/dZC8Hv4dWD""",London
2018-04-20 20:04:45,"b""59'| GOAL FOR TNS! TNS 1-1 CQN\nGreg Draper converts the penalty, despite a strong hand from John Danby. #JDWPL https://t.co/nk4hDKxV3S""",London
2018-04-20 20:03:21,"b""58'| Penalty to TNS! #JDWPL""",London
2018-04-20 20:01:52,"b""56'| TNS 0-1 CQN\nBakare gets another shot in, but Saunders blocks his effort and it goes out for a corner. #JDWPL""",London
2018-04-20 19:55:19,b'HALF-TIME! | #JDWPL\nAberystwyth Town (@AberystwythTown) 1-0 Carmarthen Town (@CarmarthenAFC)',London
2018-04-20 19:54:05,"b""49'| TNS 0-1 CQN\nFree-kick for the Saints on the edge of the penalty area. #JDWPL""",London
2018-04-20 19:53:58,b'RT @the_nomads: The second half is underway with the score TNS 0-1 Nomads #JDWPL',London
2018-04-20 19:51:10,"b""46'| TNS 0-1 CQN\nTNS get us back underway in the second half. Ryan Pryce replaces Kevin Kauber. #JDWPL""",London
2018-04-20 19:50:27,b'The second half is underway with the score TNS 0-1 Nomads #JDWPL',London
2018-04-20 19:49:39,b' #JDWPL HALF TIME/HANNER AMSER: @AberystwythTown 1-0 @CarmarthenAFC \n\nHalf Time at Park Avenue and as it stands the visitor\xe2\x80\xa6 https://t.co/zKMRfhq5jn',London
2018-04-20 19:41:32,"b"" #JDWPL RT @WPL_Official: GOAL/G\xc3\x94L: @AberystwythTown 1-0 @CarmarthenAFC (Owens, 21')\n\nThis could be big for Aberystwyth. A spell of pressure on the\xe2\x80\xa6""",London
2018-04-20 19:41:10,"b""RT @WPL_Official: HALF TIME/HANNER AMSER: @tnsfc 0-1 @the_nomads\n\nAndy Morrison's side have the lead at the break at Park Hall. #JDWPL""",London
2018-04-20 19:40:54,"b""RT @WPL_Official: HALF TIME/HANNER AMSER: @tnsfc 0-1 @the_nomads\n\nAndy Morrison's side have the lead at the break at Park Hall. #JDWPL""",London
2018-04-20 19:40:24,b'HALF-TIME | #JDWPL \nThe New Saints (@tnsfc) 0-1 Connah\xe2\x80\x99s Quay Nomads (@the_nomads)',London
2018-04-20 19:38:04,"b""RT @WPL_Official: HALF TIME/HANNER AMSER: @tnsfc 0-1 @the_nomads\n\nAndy Morrison's side have the lead at the break at Park Hall. #JDWPL""",London
2018-04-20 19:36:54,"b""A great position to be in at half time, but lots more work to do - don't go anywhere with a huge 45 minutes of #JDWPL football coming up!""",London
2018-04-20 19:36:54,"b""RT @WPL_Official: HALF TIME/HANNER AMSER: @tnsfc 0-1 @the_nomads\n\nAndy Morrison's side have the lead at the break at Park Hall. #JDWPL""",London
2018-04-20 19:36:10,"b""HALF TIME/HANNER AMSER: @tnsfc 0-1 @the_nomads\n\nAndy Morrison's side have the lead at the break at Park Hall. #JDWPL""",London
2018-04-20 19:34:40,"b"" #JDWPL Half-time at Park Hall and the score is The New Saints 0-1 Connah's Quay Nomads. Michael Bakare put the visitors ah\xe2\x80\xa6 https://t.co/TQ16TlypRY""",London
2018-04-20 19:29:04,"b""41'| TNS 0-1 CQN\nThe visitors launch a long throw into the box, but Kevin Kauber is able to clear. #JDWPL""",London
2018-04-20 19:26:37,"b'RT @the_nomads: #JDWPL PHOTOS: JD Welsh Premier League Player of the Month for March, Michael Bakare gives The Nomads the lead at Park Hall\xe2\x80\xa6'",London
2018-04-20 19:25:18,"b'#JDWPL PHOTOS: JD Welsh Premier League Player of the Month for March, Michael Bakare gives The Nomads the lead at P\xe2\x80\xa6 https://t.co/SyPBJH7of2'",London
2018-04-20 19:24:37,"b"" #JDWPL RT @WPL_Official: GOAL/G\xc3\x94L: @tnsfc 0-1 @the_nomads (Bakare, 32')\n\nNomads are looking to extend their grip on second place, and they're in f\xe2\x80\xa6""",London
2018-04-20 19:24:28,"b"" #JDWPL GOAL/G\xc3\x94L: @AberystwythTown 1-0 @CarmarthenAFC (Owens, 21')\n\nThis could be big for Aberystwyth. A spell of pressure\xe2\x80\xa6 https://t.co/hL5joCqWOO""",London
2018-04-20 19:21:57,"b"" #JDWPL GOAL/G\xc3\x94L: @tnsfc 0-1 @the_nomads (Bakare, 32')\n\nNomads are looking to extend their grip on second place, and they'r\xe2\x80\xa6 https://t.co/tzfZkWnVtH""",London
2018-04-20 19:20:15,"b""33'| Goal for Connah's Quay. \nTNS 0-1 CQN. #JDWPL""",London
2018-04-20 19:17:19,"b""30'| TNS 0-0 CQN\nGreg Draper shoots from distance, but the ball goes high over the bar and into the woods behind the stand. #JDWPL""",London
2018-04-20 19:13:44,"b""26'| TNS 0-0 CQN\nSteve Saunders rises highest to get a head on the ball from a corner, but it goes wide of the post. #JDWPL""",London
2018-04-20 19:12:15,"b'RT @bangorcityfc: \xf0\x9f\x93\xb0 MATCH PREVIEW | @WPL_Official #JDWPL Matchday 31\n\n#Citizens v @CefnDruids \n\xf0\x9f\x97\x93\xef\xb8\x8f Sun, 22 April\n\xe2\x8f\xb1\xef\xb8\x8f 3pm Kick Off\n\nDETAILS \xe2\x8f\xa9\xe2\x80\xa6'",London
2018-04-20 19:10:08,"b""23'| TNS 0-0 CQN\nJohn Danby gets a strong hand on Ryan Brobbel's effort to keep it out. #JDWPL""",London
2018-04-20 19:09:02,b'RT @the_nomads: #JDWPL PHOTOS: Early action here at Park Hall as the scores remain level https://t.co/6sy6kTLrKV',London
2018-04-20 19:08:43,b'#JDWPL PHOTOS: Early action here at Park Hall as the scores remain level https://t.co/6sy6kTLrKV',London
2018-04-20 19:08:39,"b""21'| TNS 0-0 CQN\nBlaine Hudson is bundled to the ground close to the TNS corner flag. Free-kick. #JDWPL""",London
2018-04-20 19:03:15,"b""16'| TNS 0-0 CQN\nEbbe fires an effort from outside the box, Danby saves low but can only force it out for a corner. #JDWPL""",London
2018-04-20 19:00:03,"b""12'| TNS 0-0 CQN\nFree-kick to the visitors on the half-way line. #JDWPL""",London
2018-04-20 18:52:16,"b""5'| TNS 0-0 CQN\nDean Ebbe closes down Nomad's keeper John Danby and forces him into kicking it out for a throw-in. #JDWPL""",London
2018-04-20 18:48:51,"b""RT @tnsfc: 1'| TNS 0-0 CQN\nWe're underway at Park Hall. #JDWPL""",London
2018-04-20 18:47:48,"b'RT @bangorcityfc: \xf0\x9f\x93\xb0 MATCH PREVIEW | @WPL_Official #JDWPL Matchday 31\n\n#Citizens v @CefnDruids \n\xf0\x9f\x97\x93\xef\xb8\x8f Sun, 22 April\n\xe2\x8f\xb1\xef\xb8\x8f 3pm Kick Off\n\nDETAILS \xe2\x8f\xa9\xe2\x80\xa6'",London
2018-04-20 18:47:47,"b""1'| TNS 0-0 CQN\nWe're underway at Park Hall. #JDWPL""",London
2018-04-20 18:44:11,"b' #JDWPL RT @YClwbPelDroed: PERMUTATION |\n\nIf Carmarthen Town fail to win this evening, they will be relegated from the JD Welsh Premier League. #JD\xe2\x80\xa6'",London
2018-04-20 18:39:55,"b' #JDWPL RT @YClwbPelDroed: LINE-UP | Carmarthen Town (@CarmarthenAFC) v Aberystwyth Town (@AberystwythTown) \n\nIdzi, Cummings, Knott, Surman (C), Sh\xe2\x80\xa6'",London
2018-04-20 18:39:50,"b' #JDWPL RT @YClwbPelDroed: LINE-UP | Aberystwyth Town (@AberystwythTown) v Carmarthen Town (@CarmarthenAFC)\n\nMullock, Walker, Young (C), Wollacott,\xe2\x80\xa6'",London
2018-04-20 18:33:30,"b"" #JDWPL RT @tnsfc: Here's how The New Saints line-up for tonight's visit of Connah's Quay Nomads. Scott Ruscoe makes two changes to the team that b\xe2\x80\xa6""",London
2018-04-20 18:33:22,b' #JDWPL RT @the_nomads: Two changes for Nomads tonight with Rob Hughes and Jay Owen starting. They take the places of the suspended Jonny Spittle a\xe2\x80\xa6',London
2018-04-20 18:33:17,"b"" #JDWPL RT @tnsfc: Here's how The New Saints line-up for tonight's visit of Connah's Quay Nomads. Scott Ruscoe makes two changes to the team that b\xe2\x80\xa6""",London
2018-04-20 18:33:07,"b'PERMUTATION |\n\nIf Carmarthen Town fail to win this evening, they will be relegated from the JD Welsh Premier League. #JDWPL'",London
2018-04-20 18:32:14,"b' #JDWPL LINE-UP | Carmarthen Town (@CarmarthenAFC) v Aberystwyth Town (@AberystwythTown) \n\nIdzi, Cummings, Knott, Surman (C\xe2\x80\xa6 https://t.co/2pYFX8Gt39'",London
2018-04-20 18:30:42,"b' #JDWPL LINE-UP | Aberystwyth Town (@AberystwythTown) v Carmarthen Town (@CarmarthenAFC)\n\nMullock, Walker, Young (C), Wolla\xe2\x80\xa6 https://t.co/wJAUnyn3x4'",London
2018-04-20 18:29:06,b'\xf0\x9f\x93\x8b Here\xe2\x80\x99s tonight\xe2\x80\x99s teams from Park Avenue. #JDWPL https://t.co/q4VggaIFjb',London
2018-04-20 18:28:35,b' #JDWPL RT @TiWelshFootball: JD @WPL_Official fixtures - 20/04/18\n\n@tnsfc v @the_nomads - 19:45\n@AberystwythTown v @CarmarthenAFC - 20:00\n\nCarmarth\xe2\x80\xa6',London
2018-04-20 18:26:15,b' #JDWPL JD @WPL_Official fixtures - 20/04/18\n\n@tnsfc v @the_nomads - 19:45\n@AberystwythTown v @CarmarthenAFC - 20:00\n\nCarma\xe2\x80\xa6 https://t.co/SFhzWX27ec',London
2018-04-20 18:17:59,b'RT @steery1991: The @tnsfc being watched by the no 1 fan! #comeonyousaints #champions #JDWPL https://t.co/0PEyefOMfY',London
2018-04-20 18:17:52,"b"" #JDWPL LINE-UP | Connah's Quay Nomads (@the_nomads) v The New Saints (@tnsfc)\n\nDanby, Pearson, Edwards, Harrison, Morris (\xe2\x80\xa6 https://t.co/USBqRXfqx8""",London
2018-04-20 18:16:48,b'RT @WPL_Official: \xf0\x9f\x93\x8b Team news from Park Hall as the top two prepare to square off. #JDWPL https://t.co/96W08ehGY4',London
2018-04-20 18:16:14,b' #JDWPL And here\xe2\x80\x99s the misty scene at Park Avenue ahead of @AberystwythTown v @CarmarthenAFC. Kick off on the west coast is\xe2\x80\xa6 https://t.co/ga8rXBQvqx',London
2018-04-20 18:15:30,"b"" #JDWPL LINE-UP | The New Saints (@tnsfc) v Connah's Quay Nomads (@the_nomads)\n\nHarrison (C), Spender, Saunders, Routledge,\xe2\x80\xa6 https://t.co/sCS0lOCZF1""",London
2018-04-20 18:13:28,b'The @tnsfc being watched by the no 1 fan! #comeonyousaints #champions #JDWPL https://t.co/0PEyefOMfY',London
2018-04-20 18:12:35,b'\xf0\x9f\x93\x8b Team news from Park Hall as the top two prepare to square off. #JDWPL https://t.co/96W08ehGY4',London
2018-04-20 18:12:35,b' #JDWPL Two changes for Nomads tonight with Rob Hughes and Jay Owen starting. They take the places of the suspended Jonny S\xe2\x80\xa6 https://t.co/2oXpx7i9CW',London
2018-04-20 18:11:10,"b"" #JDWPL Here's how The New Saints line-up for tonight's visit of Connah's Quay Nomads. Scott Ruscoe makes two changes to th\xe2\x80\xa6 https://t.co/j6MCcKZmky""",London
2018-04-20 17:23:57,b'Wish i was in Aber watching C town sneak a win this evening but a nightshift calls .... \n#OldGold #TheGreatEscape \n#JDWPL  #Bigame',London
2018-04-20 17:22:08,b' #JDWPL \xf0\x9f\x8f\xb4\xf3\xa0\x81\xa7\xf3\xa0\x81\xa2\xf3\xa0\x81\xb7\xf3\xa0\x81\xac\xf3\xa0\x81\xb3\xf3\xa0\x81\xbfHuge match at the bottom of the @WPL_Official tonight as @AberystwythTown take on @CarmarthenAFC at Park Ave\xe2\x80\xa6 https://t.co/sLBDqNPR7O',London
2018-04-20 17:12:14,b'Arrived in Aber for the crunch game of MD31 in the #JDWPL. Carmarthen need to win to take the fight against the dro\xe2\x80\xa6 https://t.co/5W8v0H0nVA',London
2018-04-20 16:31:41,b' #JDWPL RT @the_nomads: Tonight is our 6\xef\xb8\x8f\xe2\x83\xa3th and final meeting of the season with @tnsfc. \n\nSo far againsts the Saints we\xe2\x80\x99ve had...\n\n\xe2\x9c\x85 1 win \n\xe2\x86\x94\xef\xb8\x8f 1\xe2\x80\xa6',London
2018-04-20 15:52:17,"b'RT @bangorcityfc: \xf0\x9f\x93\xb0 MATCH PREVIEW | @WPL_Official #JDWPL Matchday 31\n\n#Citizens v @CefnDruids \n\xf0\x9f\x97\x93\xef\xb8\x8f Sun, 22 April\n\xe2\x8f\xb1\xef\xb8\x8f 3pm Kick Off\n\nDETAILS \xe2\x8f\xa9\xe2\x80\xa6'",London
2018-04-20 15:32:37,"b""Check out @DaveJDailyPost's preview of tonight's big #JDWPL game! https://t.co/wNuD9ezRg2""",London
2018-04-20 14:44:44,"b'RT @WPL_Official: \xf0\x9f\x8f\x85 Congrats also to @BarryTownUnited boss Gavin Chesterfield, who wins the #JDWPL Manager of the Month award for March, hi\xe2\x80\xa6'",London
2018-04-20 12:56:22,b' #JDWPL RT @the_nomads: Tonight is our 6\xef\xb8\x8f\xe2\x83\xa3th and final meeting of the season with @tnsfc. \n\nSo far againsts the Saints we\xe2\x80\x99ve had...\n\n\xe2\x9c\x85 1 win \n\xe2\x86\x94\xef\xb8\x8f 1\xe2\x80\xa6',London
2018-04-20 12:55:20,b' #JDWPL Tonight is our 6\xef\xb8\x8f\xe2\x83\xa3th and final meeting of the season with @tnsfc. \n\nSo far againsts the Saints we\xe2\x80\x99ve had...\n\n\xe2\x9c\x85 1 wi\xe2\x80\xa6 https://t.co/mlcQgMLphw',London
2018-04-20 11:23:24,"b'RT @bangorcityfc: \xf0\x9f\x93\xb0 MATCH PREVIEW | @WPL_Official #JDWPL Matchday 31\n\n#Citizens v @CefnDruids \n\xf0\x9f\x97\x93\xef\xb8\x8f Sun, 22 April\n\xe2\x8f\xb1\xef\xb8\x8f 3pm Kick Off\n\nDETAILS \xe2\x8f\xa9\xe2\x80\xa6'",London
2018-04-20 11:14:44,"b'RT @WPL_Official: \xf0\x9f\x8f\x85 Congrats also to @BarryTownUnited boss Gavin Chesterfield, who wins the #JDWPL Manager of the Month award for March, hi\xe2\x80\xa6'",London
2018-04-20 10:37:00,"b'RT @WPL_Official: \xf0\x9f\x8f\x85 Congrats also to @BarryTownUnited boss Gavin Chesterfield, who wins the #JDWPL Manager of the Month award for March, hi\xe2\x80\xa6'",London
2018-04-20 10:22:34,"b'RT @bangorcityfc: \xf0\x9f\x93\xb0 MATCH PREVIEW | @WPL_Official #JDWPL Matchday 31\n\n#Citizens v @CefnDruids \n\xf0\x9f\x97\x93\xef\xb8\x8f Sun, 22 April\n\xe2\x8f\xb1\xef\xb8\x8f 3pm Kick Off\n\nDETAILS \xe2\x8f\xa9\xe2\x80\xa6'",London
2018-04-20 10:04:09,b'RT @the_nomads: #JDWPL PLAYER OF THE MONTH\nBakare named as League Player of the Month for March\n\nhttps://t.co/Pb81go9lrJ https://t.co/lJU8w\xe2\x80\xa6',London
2018-04-20 09:52:43,"b"" #JDWPL RT @LlandudnoFC: THIS SATURDAY | It's the final home game of 2017/18 for us this Saturday as we take on @BarryTownUnited in the @WPL_Offici\xe2\x80\xa6""",London
2018-04-20 09:50:28,"b"" #JDWPL RT @LlandudnoFC: THIS SATURDAY | It's the final home game of 2017/18 for us this Saturday as we take on @BarryTownUnited in the @WPL_Offici\xe2\x80\xa6""",London
2018-04-20 09:41:31,b'RT @the_nomads: #JDWPL PLAYER OF THE MONTH\nBakare named as League Player of the Month for March\n\nhttps://t.co/Pb81go9lrJ https://t.co/lJU8w\xe2\x80\xa6',London
2018-04-20 09:40:05,b'#JDWPL PLAYER OF THE MONTH\nBakare named as League Player of the Month for March\n\nhttps://t.co/Pb81go9lrJ https://t.co/lJU8wXg35M',London
2018-04-20 09:36:32,"b'RT @WPL_Official: \xf0\x9f\x8f\x85 Congrats also to @BarryTownUnited boss Gavin Chesterfield, who wins the #JDWPL Manager of the Month award for March, hi\xe2\x80\xa6'",London
2018-04-20 09:35:47,"b'RT @WPL_Official: \xf0\x9f\x8f\x85 Congrats also to @BarryTownUnited boss Gavin Chesterfield, who wins the #JDWPL Manager of the Month award for March, hi\xe2\x80\xa6'",London
2018-04-20 09:35:00,"b'\xf0\x9f\x8f\x85 Congrats also to @BarryTownUnited boss Gavin Chesterfield, who wins the #JDWPL Manager of the Month award for Mar\xe2\x80\xa6 https://t.co/p3hUtRnyQA'",London
2018-04-20 09:30:00,"b'\xf0\x9f\x8f\x85 Congrats to @the_nomads Michael Bakare, who wins the #JDWPL Player of the Month award for March.  \xf0\x9f\x91\x8f https://t.co/KmxGMy6sRc'",London
2018-04-20 08:54:34,b'RT @AberystwythTown: GAME DAY!! \n#JDWPL \n\xf0\x9f\x8f\x9f Park Avenue / Coedlan y Parc\n\xe2\x8f\xb1 8 p.m Kick Off \n\xe2\x9a\xbd\xef\xb8\x8f @CarmarthenAFC\nFREE entry for all @AberUni stu\xe2\x80\xa6',London
2018-04-20 08:54:19,"b'RT @bangorcityfc: \xf0\x9f\x93\xb0 MATCH PREVIEW | @WPL_Official #JDWPL Matchday 31\n\n#Citizens v @CefnDruids \n\xf0\x9f\x97\x93\xef\xb8\x8f Sun, 22 April\n\xe2\x8f\xb1\xef\xb8\x8f 3pm Kick Off\n\nDETAILS \xe2\x8f\xa9\xe2\x80\xa6'",London
2018-04-20 08:46:42,"b'RT @bangorcityfc: \xf0\x9f\x93\xb0 MATCH PREVIEW | @WPL_Official #JDWPL Matchday 31\n\n#Citizens v @CefnDruids \n\xf0\x9f\x97\x93\xef\xb8\x8f Sun, 22 April\n\xe2\x8f\xb1\xef\xb8\x8f 3pm Kick Off\n\nDETAILS \xe2\x8f\xa9\xe2\x80\xa6'",London
2018-04-20 08:46:17,"b'RT @bangorcityfc: \xf0\x9f\x93\xb0 MATCH PREVIEW | @WPL_Official #JDWPL Matchday 31\n\n#Citizens v @CefnDruids \n\xf0\x9f\x97\x93\xef\xb8\x8f Sun, 22 April\n\xe2\x8f\xb1\xef\xb8\x8f 3pm Kick Off\n\nDETAILS \xe2\x8f\xa9\xe2\x80\xa6'",London
2018-04-20 08:43:00,"b'\xf0\x9f\x93\xb0 MATCH PREVIEW | @WPL_Official #JDWPL Matchday 31\n\n#Citizens v @CefnDruids \n\xf0\x9f\x97\x93\xef\xb8\x8f Sun, 22 April\n\xe2\x8f\xb1\xef\xb8\x8f 3pm Kick Off\n\nDETA\xe2\x80\xa6 https://t.co/kL63lfhK06'",London
2018-04-20 08:42:27,b'GAME DAY!! \n#JDWPL \n\xf0\x9f\x8f\x9f Park Avenue / Coedlan y Parc\n\xe2\x8f\xb1 8 p.m Kick Off \n\xe2\x9a\xbd\xef\xb8\x8f @CarmarthenAFC\nFREE entry for all @AberUni\xe2\x80\xa6 https://t.co/iVtLgr6TFU',London
2018-04-20 08:35:10,b'RT @the_nomads: Tonight! Our penultimate game of the season...\n\n\xf0\x9f\x94\xb4 Nomads \n\xf0\x9f\x86\x9a @tnsfc \n\xf0\x9f\x8f\xb4\xf3\xa0\x81\xa7\xf3\xa0\x81\xa2\xf3\xa0\x81\xb7\xf3\xa0\x81\xac\xf3\xa0\x81\xb3\xf3\xa0\x81\xbf #JDWPL \n2\xef\xb8\x8f\xe2\x83\xa3nd faces 1\xef\xb8\x8f\xe2\x83\xa3st \n\xf0\x9f\x8f\x83\xf0\x9f\x8f\xbd\xe2\x80\x8d\xe2\x99\x82\xef\xb8\x8fA race for Euro\xe2\x80\xa6',London
2018-04-20 07:38:19,b'RT @the_nomads: Tonight! Our penultimate game of the season...\n\n\xf0\x9f\x94\xb4 Nomads \n\xf0\x9f\x86\x9a @tnsfc \n\xf0\x9f\x8f\xb4\xf3\xa0\x81\xa7\xf3\xa0\x81\xa2\xf3\xa0\x81\xb7\xf3\xa0\x81\xac\xf3\xa0\x81\xb3\xf3\xa0\x81\xbf #JDWPL \n2\xef\xb8\x8f\xe2\x83\xa3nd faces 1\xef\xb8\x8f\xe2\x83\xa3st \n\xf0\x9f\x8f\x83\xf0\x9f\x8f\xbd\xe2\x80\x8d\xe2\x99\x82\xef\xb8\x8fA race for Euro\xe2\x80\xa6',London
2018-04-20 07:20:53,b'RT @the_nomads: Tonight! Our penultimate game of the season...\n\n\xf0\x9f\x94\xb4 Nomads \n\xf0\x9f\x86\x9a @tnsfc \n\xf0\x9f\x8f\xb4\xf3\xa0\x81\xa7\xf3\xa0\x81\xa2\xf3\xa0\x81\xb7\xf3\xa0\x81\xac\xf3\xa0\x81\xb3\xf3\xa0\x81\xbf #JDWPL \n2\xef\xb8\x8f\xe2\x83\xa3nd faces 1\xef\xb8\x8f\xe2\x83\xa3st \n\xf0\x9f\x8f\x83\xf0\x9f\x8f\xbd\xe2\x80\x8d\xe2\x99\x82\xef\xb8\x8fA race for Euro\xe2\x80\xa6',London
2018-04-20 07:18:11,b'Tonight! Our penultimate game of the season...\n\n\xf0\x9f\x94\xb4 Nomads \n\xf0\x9f\x86\x9a @tnsfc \n\xf0\x9f\x8f\xb4\xf3\xa0\x81\xa7\xf3\xa0\x81\xa2\xf3\xa0\x81\xb7\xf3\xa0\x81\xac\xf3\xa0\x81\xb3\xf3\xa0\x81\xbf #JDWPL \n2\xef\xb8\x8f\xe2\x83\xa3nd faces 1\xef\xb8\x8f\xe2\x83\xa3st \n\xf0\x9f\x8f\x83\xf0\x9f\x8f\xbd\xe2\x80\x8d\xe2\x99\x82\xef\xb8\x8fA race\xe2\x80\xa6 https://t.co/4NyrrhfWey',London
2018-04-19 21:36:22,b'RT @TiWelshFootball: Pathetic. Simply pathetic. Low-life scum. #JDWPL https://t.co/9TKK386UTf',London
2018-04-19 20:44:32,b'Pathetic. Simply pathetic. Low-life scum. #JDWPL https://t.co/9TKK386UTf',London
2018-04-19 18:24:33,"b'RT @WPL_Official: \xf0\x9f\x8e\x99\xef\xb8\x8fPODCAST | The big clash at the foot of the #JDWPL is the feature of the latest edition of the Pod, as @marcwebber and J\xe2\x80\xa6'",London
2018-04-19 11:47:18,"b' #JDWPL RT @CambrianSport: ""We need to get an extra point, that\xe2\x80\x99s all we need over the next two games to be mathematically safe,"" says @Aberystwyth\xe2\x80\xa6'",London
2018-04-19 11:32:58,"b' #JDWPL RT @CambrianSport: ""We need to get an extra point, that\xe2\x80\x99s all we need over the next two games to be mathematically safe,"" says @Aberystwyth\xe2\x80\xa6'",London
2018-04-19 11:30:37,"b' #JDWPL RT @CambrianSport: ""We need to get an extra point, that\xe2\x80\x99s all we need over the next two games to be mathematically safe,"" says @Aberystwyth\xe2\x80\xa6'",London
2018-04-19 11:30:02,"b' #JDWPL ""We need to get an extra point, that\xe2\x80\x99s all we need over the next two games to be mathematically safe,"" says\xe2\x80\xa6 https://t.co/gttUqor1L8'",London
2018-04-19 08:00:41,"b"" #JDWPL RT @CambrianSport: After their 1-0 win away win @ptfcseasiders it's back to Park Avenue for @AberystwythTown on Friday night, where a point\xe2\x80\xa6""",London
2018-04-19 07:23:49,b'RT @the_nomads: #JDWPL MATCH PREVIEW\nEuropean hunt continues at Park Hall\n\nhttps://t.co/gqIMpa8SAL https://t.co/83PcQosAmO',London
2018-04-19 01:08:34,b' #JDWPL RT @markpitman1: \xf0\x9f\x8f\x86Congratulations to @CaernarfonTown as they return to the @WPL_Official as Cymru Alliance champions following a 5-0 win ov\xe2\x80\xa6',London
2018-04-18 22:02:02,b' #JDWPL RT @markpitman1: \xf0\x9f\x8f\x86Congratulations to @CaernarfonTown as they return to the @WPL_Official as Cymru Alliance champions following a 5-0 win ov\xe2\x80\xa6',London
2018-04-18 21:31:36,b'RT @the_nomads: #JDWPL MATCH PREVIEW\nEuropean hunt continues at Park Hall\n\nhttps://t.co/gqIMpa8SAL https://t.co/83PcQosAmO',London
2018-04-18 21:20:06,b'RT @the_nomads: #JDWPL MATCH PREVIEW\nEuropean hunt continues at Park Hall\n\nhttps://t.co/gqIMpa8SAL https://t.co/83PcQosAmO',London
2018-04-18 21:02:36,b'#JDWPL MATCH PREVIEW\nEuropean hunt continues at Park Hall\n\nhttps://t.co/gqIMpa8SAL https://t.co/83PcQosAmO',London
2018-04-18 20:11:55,b' #JDWPL RT @markpitman1: \xf0\x9f\x8f\x86Congratulations to @CaernarfonTown as they return to the @WPL_Official as Cymru Alliance champions following a 5-0 win ov\xe2\x80\xa6',London
2018-04-18 20:11:35,b' #JDWPL RT @markpitman1: \xf0\x9f\x8f\x86Congratulations to @CaernarfonTown as they return to the @WPL_Official as Cymru Alliance champions following a 5-0 win ov\xe2\x80\xa6',London
2018-04-18 20:10:58,b' #JDWPL RT @markpitman1: \xf0\x9f\x8f\x86Congratulations to @CaernarfonTown as they return to the @WPL_Official as Cymru Alliance champions following a 5-0 win ov\xe2\x80\xa6',London
2018-04-18 20:02:59,b' #JDWPL \xf0\x9f\x8f\x86Congratulations to @CaernarfonTown as they return to the @WPL_Official as Cymru Alliance champions following a 5-0\xe2\x80\xa6 https://t.co/kzN6ijHNQ7',London
2018-04-18 19:27:06,"b'\xf0\x9f\x8e\x99\xef\xb8\x8fPODCAST | The big clash at the foot of the #JDWPL is the feature of the latest edition of the Pod, as @marcwebber\xe2\x80\xa6 https://t.co/JtimwUknO3'",London
2018-04-18 15:36:11,"b' #JDWPL RT @CambrianSport: After their defeat to @tnsfc last Friday, Colin Caton is looking for a positive response @CardiffMetFC this weekend. #JD\xe2\x80\xa6'",London
2018-04-18 15:06:39,"b' #JDWPL A number of managers have been linked with the vacant Chester job, including one current WPL manager and one Welsh\xe2\x80\xa6 https://t.co/CGC6nKAE53'",London
2018-04-18 14:48:56,"b"" #JDWPL After their 1-0 win away win @ptfcseasiders it's back to Park Avenue for @AberystwythTown on Friday night, where a\xe2\x80\xa6 https://t.co/ROl2Gs3v8J""",London
2018-04-18 13:37:32,"b' #JDWPL RT @CambrianSport: After their defeat to @tnsfc last Friday, Colin Caton is looking for a positive response @CardiffMetFC this weekend. #JD\xe2\x80\xa6'",London
2018-04-18 13:12:36,"b' #JDWPL RT @CambrianSport: After their defeat to @tnsfc last Friday, Colin Caton is looking for a positive response @CardiffMetFC this weekend. #JD\xe2\x80\xa6'",London
2018-04-18 13:09:51,"b' #JDWPL After their defeat to @tnsfc last Friday, Colin Caton is looking for a positive response @CardiffMetFC this weekend\xe2\x80\xa6 https://t.co/DSgQansThu'",London
2018-04-18 08:27:16,"b"" #JDWPL RT @LlandudnoFC: THIS SATURDAY | It's the final home game of 2017/18 for us this Saturday as we take on @BarryTownUnited in the @WPL_Offici\xe2\x80\xa6""",London
2018-04-18 06:42:12,"b"" #JDWPL RT @LlandudnoFC: THIS SATURDAY | It's the final home game of 2017/18 for us this Saturday as we take on @BarryTownUnited in the @WPL_Offici\xe2\x80\xa6""",London
2018-04-17 23:49:46,b' #JDWPL RT @markpitman1: An impressive 5-0 win for @LlanelliTownAFC at @GoytreUtd tonight means that the Reds need just a point at @PortTalbotTown\xe2\x80\xa6',London
2018-04-17 21:02:39,b' #JDWPL RT @JordsAlexJones: A convincing victory for @LlanelliTownAFC in their pursuit of the Division One title. \n\nA draw at Victoria Road would h\xe2\x80\xa6',London
2018-04-17 20:44:58,b' #JDWPL RT @markpitman1: An impressive 5-0 win for @LlanelliTownAFC at @GoytreUtd tonight means that the Reds need just a point at @PortTalbotTown\xe2\x80\xa6',London
2018-04-17 20:43:46,b' #JDWPL RT @JordsAlexJones: A convincing victory for @LlanelliTownAFC in their pursuit of the Division One title. \n\nA draw at Victoria Road would h\xe2\x80\xa6',London
2018-04-17 20:41:21,b' #JDWPL RT @JordsAlexJones: A convincing victory for @LlanelliTownAFC in their pursuit of the Division One title. \n\nA draw at Victoria Road would h\xe2\x80\xa6',London
2018-04-17 20:40:58,b' #JDWPL RT @JordsAlexJones: A convincing victory for @LlanelliTownAFC in their pursuit of the Division One title. \n\nA draw at Victoria Road would h\xe2\x80\xa6',London
2018-04-17 20:39:39,b' #JDWPL A convincing victory for @LlanelliTownAFC in their pursuit of the Division One title. \n\nA draw at Victoria Road wou\xe2\x80\xa6 https://t.co/dfCZN9fXHL',London
2018-04-17 20:35:42,b' #JDWPL RT @markpitman1: An impressive 5-0 win for @LlanelliTownAFC at @GoytreUtd tonight means that the Reds need just a point at @PortTalbotTown\xe2\x80\xa6',London
2018-04-17 20:34:21,b' #JDWPL RT @markpitman1: An impressive 5-0 win for @LlanelliTownAFC at @GoytreUtd tonight means that the Reds need just a point at @PortTalbotTown\xe2\x80\xa6',London
2018-04-17 20:32:59,b' #JDWPL RT @markpitman1: An impressive 5-0 win for @LlanelliTownAFC at @GoytreUtd tonight means that the Reds need just a point at @PortTalbotTown\xe2\x80\xa6',London
2018-04-17 20:32:47,b' #JDWPL RT @markpitman1: An impressive 5-0 win for @LlanelliTownAFC at @GoytreUtd tonight means that the Reds need just a point at @PortTalbotTown\xe2\x80\xa6',London
2018-04-17 20:31:50,b' #JDWPL An impressive 5-0 win for @LlanelliTownAFC at @GoytreUtd tonight means that the Reds need just a point at\xe2\x80\xa6 https://t.co/ATvG4vp9aK',London
2018-04-17 18:22:36,"b"" #JDWPL RT @LlandudnoFC: THIS SATURDAY | It's the final home game of 2017/18 for us this Saturday as we take on @BarryTownUnited in the @WPL_Offici\xe2\x80\xa6""",London
2018-04-17 16:07:04,"b"" #JDWPL THIS SATURDAY | It's the final home game of 2017/18 for us this Saturday as we take on @BarryTownUnited in the\xe2\x80\xa6 https://t.co/cahd3M84RY""",London
2018-04-17 16:06:12,b'RT @TiWelshFootball: Who gets your vote for #JDWPL centre-midfielders of the season?\n@CefnDruids @tnsfc @bangorcityfc @BalaTownFC',London
2018-04-17 11:49:28,b'RT @TiWelshFootball: Who gets your vote for #JDWPL left midfielder/winger of the season?\n@AberystwythTown @bangorcityfc @the_nomads',London
2018-04-17 10:41:02,"b"" #JDWPL RT @CambrianSport: After a crucial point on the road @ptfcseasiders it's back to Park Avenue for @AberystwythTown on Friday, where a point\xe2\x80\xa6""",London
2018-04-17 10:37:03,"b"" #JDWPL After a crucial point on the road @ptfcseasiders it's back to Park Avenue for @AberystwythTown on Friday, where a p\xe2\x80\xa6 https://t.co/WlLBDO7vDA""",London
2018-04-17 09:40:07,b'RT @TiWelshFootball: Who gets your vote for #JDWPL goalkeeper of the season?\n@BarryTownUnited @bangorcityfc @BalaTownFC',London
2018-04-17 08:13:19,b'RT @TiWelshFootball: Who gets your vote for #JDWPL goalkeeper of the season?\n@BarryTownUnited @bangorcityfc @BalaTownFC',London
2018-04-17 06:38:06,b'RT @TiWelshFootball: Who gets your vote for #JDWPL goalkeeper of the season?\n@BarryTownUnited @bangorcityfc @BalaTownFC',London
2018-04-16 22:16:43,b'Who gets your vote for #JDWPL manager of the season?\n@BarryTownUnited @CefnDruids @tnsfc @bangorcityfc',London
2018-04-16 22:15:01,b'Who gets your vote for #JDWPL strikers of the season?\n@BarryTownUnited @tnsfc @bangorcityfc @CardiffMetFC',London
2018-04-16 22:13:06,b'Who gets your vote for #JDWPL centre-midfielders of the season?\n@CefnDruids @tnsfc @bangorcityfc @BalaTownFC',London
2018-04-16 22:10:35,b'Who gets your vote for #JDWPL left midfielder/winger of the season?\n@AberystwythTown @bangorcityfc @the_nomads',London
2018-04-16 22:08:09,b'Who gets your vote for #JDWPL right midfielder/winger of the season?\n@bangorcityfc @AberystwythTown @tnsfc',London
2018-04-16 22:05:56,b'Who gets your vote for #JDWPL centre-backs of the season?\n@bangorcityfc @the_nomads @tnsfc @AberystwythTown',London
2018-04-16 22:03:09,b'Who gets your vote for #JDWPL left-back of the season?\n@BarryTownUnited @tnsfc @AberystwythTown',London
2018-04-16 22:01:36,b'Who gets your vote for #JDWPL right-back of the season?\n@AberystwythTown @bangorcityfc @tnsfc',London
2018-04-16 21:58:25,b'Who gets your vote for #JDWPL goalkeeper of the season?\n@BarryTownUnited @bangorcityfc @BalaTownFC',London
2018-04-16 21:45:59,"b' #JDWPL RT @WPL_Official: \xf0\x9f\x97\xa3\xe2\x80\x99We\xe2\x80\x99re all excited for the challenge ahead and so happy for Caernarfon Town, as the club is back where it belongs!\xe2\x80\x99\n\n@Ca\xe2\x80\xa6'",London
2018-04-16 20:27:53,"b' #JDWPL RT @steery1991: Just catching up with the @tnsfc 4-1 win away at Bala as I was working Friday night. Four great goals, but what a breath ta\xe2\x80\xa6'",London
2018-04-16 18:15:40,"b' #JDWPL Just catching up with the @tnsfc 4-1 win away at Bala as I was working Friday night. Four great goals, but what a b\xe2\x80\xa6 https://t.co/VMS2RbcaMF'",London
2018-04-16 17:43:08,b'Check out the highlights from our 1-0 #JDWPL victory over Bangor City on the @sgorio YouTube channel now https://t.co/AiOnYMCC8N',London
2018-04-16 12:37:29,"b' #JDWPL RT @WPL_Official: \xf0\x9f\x97\xa3\xe2\x80\x99We\xe2\x80\x99re all excited for the challenge ahead and so happy for Caernarfon Town, as the club is back where it belongs!\xe2\x80\x99\n\n@Ca\xe2\x80\xa6'",London
2018-04-16 12:20:27,"b""RT @YClwbPelDroed: Match Report @BarryTownUnited 1-1 @NewtownAFC - Jonathan Hood's strike secures play-off birth for Linnets. #JDWPL.\nhttps\xe2\x80\xa6""",London
2018-04-16 11:26:58,"b' #JDWPL RT @WPL_Official: \xf0\x9f\x97\xa3\xe2\x80\x99We\xe2\x80\x99re all excited for the challenge ahead and so happy for Caernarfon Town, as the club is back where it belongs!\xe2\x80\x99\n\n@Ca\xe2\x80\xa6'",London
2018-04-16 09:19:22,"b' #JDWPL RT @WPL_Official: \xf0\x9f\x97\xa3\xe2\x80\x99We\xe2\x80\x99re all excited for the challenge ahead and so happy for Caernarfon Town, as the club is back where it belongs!\xe2\x80\x99\n\n@Ca\xe2\x80\xa6'",London
2018-04-16 08:34:07,"b' #JDWPL RT @WPL_Official: \xf0\x9f\x97\xa3\xe2\x80\x99We\xe2\x80\x99re all excited for the challenge ahead and so happy for Caernarfon Town, as the club is back where it belongs!\xe2\x80\x99\n\n@Ca\xe2\x80\xa6'",London
2018-04-16 08:33:12,"b' #JDWPL RT @WPL_Official: \xf0\x9f\x97\xa3\xe2\x80\x99We\xe2\x80\x99re all excited for the challenge ahead and so happy for Caernarfon Town, as the club is back where it belongs!\xe2\x80\x99\n\n@Ca\xe2\x80\xa6'",London
2018-04-16 08:28:00,"b' #JDWPL \xf0\x9f\x97\xa3\xe2\x80\x99We\xe2\x80\x99re all excited for the challenge ahead and so happy for Caernarfon Town, as the club is back where it belongs!\xe2\x80\xa6 https://t.co/SHvo6b1cK9'",London
2018-04-16 07:50:05,b' #JDWPL RT @JoshSlackSport: Five things learned as Jonathan Hood fires @BarryTownUnited into European play-off spot &amp; Ethan Jones stars for the vis\xe2\x80\xa6',London
2018-04-16 07:42:59,b' #JDWPL Five things learned as Jonathan Hood fires @BarryTownUnited into European play-off spot &amp; Ethan Jones stars for the\xe2\x80\xa6 https://t.co/syaBaSJgB3',London
2018-04-16 07:28:39,b' #JDWPL RT @YClwbPelDroed: Five things learned: Hoods stunning strike fires @BarryTownUnited to European play-off spot and Ethan Jones stars for @N\xe2\x80\xa6',London
2018-04-16 07:22:19,b' #JDWPL Five things learned: Hoods stunning strike fires @BarryTownUnited to European play-off spot and Ethan Jones stars f\xe2\x80\xa6 https://t.co/vvYl0HrXpR',London
2018-04-16 00:39:28,"b"" #JDWPL RT @WPL_Official: GOAL/G\xc3\x94L: @BarryTownUnited 1-1 @NewtownAFC (Hood, 38')\n\nEqualiser for Barry, and it's a tidy finish from Jonathan Hood, c\xe2\x80\xa6""",London
2018-04-15 21:14:40,"b"" #JDWPL RT @JoshSlackSport: Wasn't the best performance from Barry this afternoon, but I thought Chris Hughes got tactics absolutely spot on. They\xe2\x80\xa6""",London
2018-04-15 20:57:31,"b'We have made some graphics (they are not great), what do you think? More in the thread below. #JDWPL https://t.co/1v2n0CvO0w'",London
2018-04-15 20:51:35,b' #JDWPL RT @markpitman1: A 1-1 draw with @NewtownAFC confirms that @BarryTownUnited will compete in the @WPL_Official play-offs next month. A fanta\xe2\x80\xa6',London
2018-04-15 20:26:36,"b"" #JDWPL Wasn't the best performance from Barry this afternoon, but I thought Chris Hughes got tactics absolutely spot on. T\xe2\x80\xa6 https://t.co/2EbuX73sud""",London
2018-04-15 20:00:22,b'RT @YClwbPelDroed: Congratulations to Caernarfon Town who have been promoted to the JD Welsh Premier League. #HGA #JDWPL https://t.co/ENRUF\xe2\x80\xa6',London
2018-04-15 18:53:34,"b"" #JDWPL RT @WPL_Official: GOAL/G\xc3\x94L: @BarryTownUnited 1-1 @NewtownAFC (Hood, 38')\n\nEqualiser for Barry, and it's a tidy finish from Jonathan Hood, c\xe2\x80\xa6""",London
2018-04-15 18:50:34,b' #JDWPL RT @JoshSlackSport: Hood seals play-off berth for @BarryTownUnited. Throughly deserved - been a remarkable Phase Two for Gavin Chesterfield\xe2\x80\xa6',London
2018-04-15 17:52:35,"b"" #JDWPL RT @WPL_Official: FINAL SCORE/SGOR TERFYNOL: @BarryTownUnited 1-1 @NewtownAFC \n\nFull time at Jenner Park and the draw secures Barry's place\xe2\x80\xa6""",London
2018-04-15 16:58:08,b' #JDWPL RT @JoshSlackSport: Hood seals play-off berth for @BarryTownUnited. Throughly deserved - been a remarkable Phase Two for Gavin Chesterfield\xe2\x80\xa6',London
2018-04-15 16:57:36,b' #JDWPL Hood seals play-off berth for @BarryTownUnited. Throughly deserved - been a remarkable Phase Two for Gavin Chesterf\xe2\x80\xa6 https://t.co/uHZM9JimIe',London
2018-04-15 16:53:32,"b""Match Report @BarryTownUnited 1-1 @NewtownAFC - Jonathan Hood's strike secures play-off birth for Linnets. #JDWPL.\nhttps://t.co/H5onLGZsF7""",London
2018-04-15 16:52:10,b'RT @YClwbPelDroed: Congratulations to Caernarfon Town who have been promoted to the JD Welsh Premier League. #HGA #JDWPL https://t.co/ENRUF\xe2\x80\xa6',London
2018-04-15 16:36:47,"b"" #JDWPL RT @WPL_Official: FINAL SCORE/SGOR TERFYNOL: @BarryTownUnited 1-1 @NewtownAFC \n\nFull time at Jenner Park and the draw secures Barry's place\xe2\x80\xa6""",London
2018-04-15 16:35:28,b' #JDWPL RT @markpitman1: A 1-1 draw with @NewtownAFC confirms that @BarryTownUnited will compete in the @WPL_Official play-offs next month. A fanta\xe2\x80\xa6',London
2018-04-15 16:35:13,"b"" #JDWPL RT @WPL_Official: FINAL SCORE/SGOR TERFYNOL: @BarryTownUnited 1-1 @NewtownAFC \n\nFull time at Jenner Park and the draw secures Barry's place\xe2\x80\xa6""",London
2018-04-15 16:33:19,b' #JDWPL RT @markpitman1: A 1-1 draw with @NewtownAFC confirms that @BarryTownUnited will compete in the @WPL_Official play-offs next month. A fanta\xe2\x80\xa6',London
2018-04-15 16:33:12,"b"" #JDWPL RT @WPL_Official: FINAL SCORE/SGOR TERFYNOL: @BarryTownUnited 1-1 @NewtownAFC \n\nFull time at Jenner Park and the draw secures Barry's place\xe2\x80\xa6""",London
2018-04-15 16:32:29,"b"" #JDWPL RT @WPL_Official: FINAL SCORE/SGOR TERFYNOL: @BarryTownUnited 1-1 @NewtownAFC \n\nFull time at Jenner Park and the draw secures Barry's place\xe2\x80\xa6""",London
2018-04-15 16:29:00,b' #JDWPL RT @markpitman1: A 1-1 draw with @NewtownAFC confirms that @BarryTownUnited will compete in the @WPL_Official play-offs next month. A fanta\xe2\x80\xa6',London
2018-04-15 16:27:30,b' #JDWPL A 1-1 draw with @NewtownAFC confirms that @BarryTownUnited will compete in the @WPL_Official play-offs next month.\xe2\x80\xa6 https://t.co/F592AA3Oyg',London
2018-04-15 16:26:05,"b"" #JDWPL FINAL SCORE/SGOR TERFYNOL: @BarryTownUnited 1-1 @NewtownAFC \n\nFull time at Jenner Park and the draw secures Barry's\xe2\x80\xa6 https://t.co/yE8PJXGQQl""",London
2018-04-15 16:22:54,"b"" #JDWPL LIVE: It is all over at Jenner Park. That's secured a European play-off spot for the Linnets, too. Great value of e\xe2\x80\xa6 https://t.co/jsb9y9rvsl""",London
2018-04-15 16:18:16,b'LIVE: Three minutes of added time. Can any side find a winner? #JDWPL.\nhttps://t.co/L8hNWuyuRv',London
2018-04-15 16:16:21,b' #JDWPL LIVE: One last throw of the dice for Gavin Chesterfield perhaps? Louis Gerrard comes on to replace Drew Fahiya.\xe2\x80\xa6 https://t.co/Yjv3zY99kk',London
2018-04-15 16:15:46,b' #JDWPL Really enjoyed @BarryTownUnited vs @NewtownAFC on @sgorio although this spelling mistake has irritated me more than\xe2\x80\xa6 https://t.co/p3jJeqrYrb',London
2018-04-15 16:00:46,b'LIVE: Joylon Harries is replaced by Neil Mitchell. Anybody could win this one. #JDWPL. https://t.co/L8hNWuyuRv',London
2018-04-15 15:51:50,b'LIVE: Kayne McLaggon comes on for Ryan Newman to mark his return. #JDWPL.\nhttps://t.co/gbIXWbMqMu',London
2018-04-15 15:32:17,b'LIVE: Newtown get us back underway at Jenner Park. #JDWPL.\nhttps://t.co/L8hNWuyuRv',London
2018-04-15 15:30:52,"b"" #JDWPL Cracking half of football at Jenner Park. Hood cancelling out Jones' opener.\n\nAbout to get underway for the second-\xe2\x80\xa6 https://t.co/VidOQAeD8C""",London
2018-04-15 15:19:45,"b' #JDWPL HALF TIME/HANNER AMSER: @BarryTownUnited 1-1 @NewtownAFC \n\nBarry have the point they need at the break, but Newtown\xe2\x80\xa6 https://t.co/8SDCJrqBar'",London
2018-04-15 15:18:00,"b"" #JDWPL RT @YClwbPelDroed: Half-time: @BarryTownUnited 1-1 @NewtownAFC. Good value for entertainment as Jonathan Hood cancels out Ethan Jones' open\xe2\x80\xa6""",London
2018-04-15 15:16:56,"b"" #JDWPL Half-time: @BarryTownUnited 1-1 @NewtownAFC. Good value for entertainment as Jonathan Hood cancels out Ethan Jones'\xe2\x80\xa6 https://t.co/3by6pzLsPM""",London
2018-04-15 15:13:31,"b"" #JDWPL RT @WPL_Official: GOAL/G\xc3\x94L: @BarryTownUnited 1-1 @NewtownAFC (Hood, 38')\n\nEqualiser for Barry, and it's a tidy finish from Jonathan Hood, c\xe2\x80\xa6""",London
2018-04-15 15:10:03,"b"" #JDWPL RT @WPL_Official: GOAL/G\xc3\x94L: @BarryTownUnited 1-1 @NewtownAFC (Hood, 38')\n\nEqualiser for Barry, and it's a tidy finish from Jonathan Hood, c\xe2\x80\xa6""",London
2018-04-15 15:09:51,"b"" #JDWPL GOAL/G\xc3\x94L: @BarryTownUnited 1-1 @NewtownAFC (Hood, 38')\n\nEqualiser for Barry, and it's a tidy finish from Jonathan H\xe2\x80\xa6 https://t.co/8fTdqSQyZ7""",London
2018-04-15 15:08:55,b'LIVE: Goal! We are all level at Jenner Park. Jonathan Hood equalises for the hosts. #JDWPL.https://t.co/L8hNWuyuRv',London
2018-04-15 15:04:44,b'LIVE: A lack of tempo to the game at the moment. Newtown managing this game very efficiently indeed. #JDWPL. https://t.co/L8hNWuyuRv',London
2018-04-15 14:52:54,"b"" #JDWPL RT @WPL_Official: GOAL/G\xc3\x94L: @BarryTownUnited 0-1 @NewtownAFC (Jones, 15')\n\nThe visitors go in front! Great challenge from Ryan Kershaw to w\xe2\x80\xa6""",London
2018-04-15 14:49:26,b'1-0 Newtown. Cool as you like from Ethan Jones. They have started well at Jenner Park. #JDWPL.',London
2018-04-15 14:47:15,"b"" #JDWPL GOAL/G\xc3\x94L: @BarryTownUnited 0-1 @NewtownAFC (Jones, 15')\n\nThe visitors go in front! Great challenge from Ryan Kersha\xe2\x80\xa6 https://t.co/TACjsKwbCb""",London
2018-04-15 14:40:15,b'LIVE: Very even start at Jenner Park... #JDWPL.\nhttps://t.co/L8hNWuyuRv',London
2018-04-15 14:30:53,b'LIVE: We are away here at Jenner Park! #JDWPL.\nhttps://t.co/L8hNWuyuRv',London
2018-04-15 14:24:04,b'Just moments away from kick-off at Jenner Park. @BarryTownUnited against @NewtownAFC. #JDWPL. https://t.co/poAcVkAMpY',London
2018-04-15 14:19:40,b'LIVE: Can @BarryTownUnited book their play-off spot? #JDWPL.\nhttps://t.co/L8hNWuyuRv',London
2018-04-15 14:19:14,"b'LIVE: Two changes for both sides this afternoon, not long to go until kick-off now. #JDWPL.\nhttps://t.co/L8hNWuyuRv'",London
2018-04-15 13:52:58,b' #JDWPL RT @JoshSlackSport: Lewis Cosslett and Drew Fahiya come in for Barry this afternoon. Kayne McLaggon is on the bench for the first time sinc\xe2\x80\xa6',London
2018-04-15 13:52:40,b' #JDWPL RT @markpitman1: @BarryTownUnited can book their place in the @WPL_Official play-offs this afternoon live on @S4C @sgorio (3.30pm). The tea\xe2\x80\xa6',London
2018-04-15 13:52:34,b' #JDWPL Lewis Cosslett and Drew Fahiya come in for Barry this afternoon. Kayne McLaggon is on the bench for the first time\xe2\x80\xa6 https://t.co/pdhymy7qCV',London
2018-04-15 13:49:57,b' #JDWPL @BarryTownUnited can book their place in the @WPL_Official play-offs this afternoon live on @S4C @sgorio (3.30pm).\xe2\x80\xa6 https://t.co/w5LB2l2ObH',London
2018-04-15 13:48:44,b'RT @1matthewburgess: #JDWPL In-form @BarryTownUnited can wrap up 7th place and a play-off spot with a point at home to @NewtownAFC this aft\xe2\x80\xa6',London
2018-04-15 13:47:27,b'#JDWPL In-form @BarryTownUnited can wrap up 7th place and a play-off spot with a point at home to @NewtownAFC this afternoon. KO 3.30.',London
2018-04-15 13:28:27,"b""Predictions for today's game between @BarryTownUnited and @NewtownAFC? #JDWPL""",London
2018-04-15 13:03:55,b' #JDWPL Making my way to Jenner Park. Could be a memorable one for @BarryTownUnited supporters - a point secures a European\xe2\x80\xa6 https://t.co/TwV8ePBU0j',London
2018-04-15 12:58:46,b'RT @YClwbPelDroed: Congratulations to Caernarfon Town who have been promoted to the JD Welsh Premier League. #HGA #JDWPL https://t.co/ENRUF\xe2\x80\xa6',London
2018-04-15 12:50:29,b' #JDWPL RT @LlandudnoFC: CONGRATULATIONS | Well done to @CaernarfonTown on gaining promotion to the @WPL_Official for the 2018/19 season. We look f\xe2\x80\xa6',London
2018-04-15 12:21:47,b' #JDWPL RT @GUILS1957: Llongyfarchiadau / Congratulations @seanyeardz3 &amp; @CaernarfonTown on their promotion to the @WPL_Official. Fully deserved th\xe2\x80\xa6',London
2018-04-15 11:11:06,b' #JDWPL RT @LlandudnoFC: CONGRATULATIONS | Well done to @CaernarfonTown on gaining promotion to the @WPL_Official for the 2018/19 season. We look f\xe2\x80\xa6',London
2018-04-15 11:10:50,b'RT @the_nomads: #JDWPL MATCH REPORT\nTen man Nomads secure vital victory over Bangor\n\n\xf0\x9f\x93\x9d Report by @Willcatter \n\xf0\x9f\x93\xb8 Photos by @nikitasmesney\xe2\x80\xa6',London
2018-04-15 10:35:52,b' #JDWPL RT @LlandudnoFC: CONGRATULATIONS | Well done to @CaernarfonTown on gaining promotion to the @WPL_Official for the 2018/19 season. We look f\xe2\x80\xa6',London
2018-04-15 10:35:01,b' #JDWPL CONGRATULATIONS | Well done to @CaernarfonTown on gaining promotion to the @WPL_Official for the 2018/19 season. We\xe2\x80\xa6 https://t.co/MFHRhZi97s',London
2018-04-15 09:43:17,b' #JDWPL RT @WPL_Official: FINAL SCORE/SGOR TERFYNOL: @CarmarthenAFC 3-2 @LlandudnoFC \n\nThe Old Gold live to fight another day and set up an all or\xe2\x80\xa6',London
2018-04-15 09:10:29,b'RT @the_nomads: #JDWPL MATCH REPORT\nTen man Nomads secure vital victory over Bangor\n\n\xf0\x9f\x93\x9d Report by @Willcatter \n\xf0\x9f\x93\xb8 Photos by @nikitasmesney\xe2\x80\xa6',London
2018-04-15 09:00:36,b'#JDWPL MATCH REPORT\nTen man Nomads secure vital victory over Bangor\n\n\xf0\x9f\x93\x9d Report by @Willcatter \n\xf0\x9f\x93\xb8 Photos by\xe2\x80\xa6 https://t.co/JPb4AqaSdq',London
2018-04-15 08:39:57,"b'\xf0\x9f\x93\xba One game left of MD30, as Newtown travel to Barry for a 15:30 kick-off which is live on @S4C. #JDWPL https://t.co/nfKYTiIOoY'",London
2018-04-15 08:33:02,b'RT @YClwbPelDroed: Congratulations to Caernarfon Town who have been promoted to the JD Welsh Premier League. #HGA #JDWPL https://t.co/ENRUF\xe2\x80\xa6',London
2018-04-15 08:29:18,b'RT @bangorcityfc: #Citizens Interview: Kevin Nicholson \n\nhttps://t.co/pWZ5nn8BYZ via @Audioboom\n\n@WPL_Official @kevnicholson1 @CCCPDB #JDWPL',London
2018-04-15 08:24:48,b' #JDWPL Llongyfarchiadau / Congratulations @seanyeardz3 &amp; @CaernarfonTown on their promotion to the @WPL_Official. Fully de\xe2\x80\xa6 https://t.co/Q8TaKImReU',London
2018-04-15 07:35:05,b' #JDWPL RT @WPL_Official: TABLE/TABL | @CarmarthenAFC take their battle to avoid the drop into next week. Meanwhile @the_nomads go three points cle\xe2\x80\xa6',London
2018-04-15 07:15:30,"b"" #JDWPL RT @WPL_Official: FINAL SCORE/SGOR TERFYNOL: @the_nomads 1-0 @bangorcityfc\n\nSecond belongs to Connah's Quay tonight as Callum Morris' heade\xe2\x80\xa6""",London
2018-04-15 04:58:00,"b"" #JDWPL RT @WPL_Official: GOAL/G\xc3\x94L: @CefnDruids 3-1 @CardiffMetFC (Mudimu, 75')\n\nDruids have a third. An unfortunate slip from Edwards lets in Davi\xe2\x80\xa6""",London
2018-04-14 23:10:36,b'RT @YClwbPelDroed: Congratulations to Caernarfon Town who have been promoted to the JD Welsh Premier League. #HGA #JDWPL https://t.co/ENRUF\xe2\x80\xa6',London
2018-04-14 23:03:03,b'RT @YClwbPelDroed: Congratulations to Caernarfon Town who have been promoted to the JD Welsh Premier League. #HGA #JDWPL https://t.co/ENRUF\xe2\x80\xa6',London
2018-04-14 22:20:46,b'RT @YClwbPelDroed: Congratulations to Caernarfon Town who have been promoted to the JD Welsh Premier League. #HGA #JDWPL https://t.co/ENRUF\xe2\x80\xa6',London
2018-04-14 22:20:15,b'RT @YClwbPelDroed: Congratulations to Caernarfon Town who have been promoted to the JD Welsh Premier League. #HGA #JDWPL https://t.co/ENRUF\xe2\x80\xa6',London
2018-04-14 22:16:49,b'RT @YClwbPelDroed: Congratulations to Caernarfon Town who have been promoted to the JD Welsh Premier League. #HGA #JDWPL https://t.co/ENRUF\xe2\x80\xa6',London
2018-04-14 22:15:21,b'Congratulations to Caernarfon Town who have been promoted to the JD Welsh Premier League. #HGA #JDWPL https://t.co/ENRUF1mjVw',London
2018-04-14 22:02:31,"b'Congratulations @CaernarfonTown, first team to seal promotion to the @WPL_Official for the 2018/19 season! \xe2\x9a\xbd\xef\xb8\x8f #JDWPL https://t.co/hP489dbCOu'",London
2018-04-14 21:49:44,b'RT @WPL_Official: Caernarfon are one win away from securing the Huws Gray Alliance title and promotion back to the #JDWPL. They can achieve\xe2\x80\xa6',London
2018-04-14 21:04:02,b'RT @WPL_Official: Caernarfon are one win away from securing the Huws Gray Alliance title and promotion back to the #JDWPL. They can achieve\xe2\x80\xa6',London
2018-04-14 20:47:17,b'RT @WPL_Official: Caernarfon are one win away from securing the Huws Gray Alliance title and promotion back to the #JDWPL. They can achieve\xe2\x80\xa6',London
2018-04-14 20:46:55,"b"" #JDWPL RT @WPL_Official: GOAL/G\xc3\x94L: @CefnDruids 3-1 @CardiffMetFC (Mudimu, 75')\n\nDruids have a third. An unfortunate slip from Edwards lets in Davi\xe2\x80\xa6""",London
2018-04-14 20:45:35,b'RT @WPL_Official: Caernarfon are one win away from securing the Huws Gray Alliance title and promotion back to the #JDWPL. They can achieve\xe2\x80\xa6',London
2018-04-14 20:44:51,b'RT @WPL_Official: Caernarfon are one win away from securing the Huws Gray Alliance title and promotion back to the #JDWPL. They can achieve\xe2\x80\xa6',London
2018-04-14 20:39:26,b'RT @WPL_Official: Caernarfon are one win away from securing the Huws Gray Alliance title and promotion back to the #JDWPL. They can achieve\xe2\x80\xa6',London
2018-04-14 20:31:14,b'#Citizens Interview: Kevin Nicholson \n\nhttps://t.co/pWZ5nn8BYZ via @Audioboom\n\n@WPL_Official @kevnicholson1 @CCCPDB #JDWPL',London
2018-04-14 20:00:17,b'RT @WPL_Official: Caernarfon are one win away from securing the Huws Gray Alliance title and promotion back to the #JDWPL. They can achieve\xe2\x80\xa6',London
2018-04-14 19:51:37,b' #JDWPL RT @WPL_Official: TABLE/TABL | @CarmarthenAFC take their battle to avoid the drop into next week. Meanwhile @the_nomads go three points cle\xe2\x80\xa6',London
2018-04-14 19:26:45,b'RT @WPL_Official: Caernarfon are one win away from securing the Huws Gray Alliance title and promotion back to the #JDWPL. They can achieve\xe2\x80\xa6',London
2018-04-14 19:21:14,b'RT @WPL_Official: Caernarfon are one win away from securing the Huws Gray Alliance title and promotion back to the #JDWPL. They can achieve\xe2\x80\xa6',London
2018-04-14 19:15:19,b'RT @WPL_Official: Caernarfon are one win away from securing the Huws Gray Alliance title and promotion back to the #JDWPL. They can achieve\xe2\x80\xa6',London
2018-04-14 19:14:51,b'Caernarfon are one win away from securing the Huws Gray Alliance title and promotion back to the #JDWPL. They can a\xe2\x80\xa6 https://t.co/U6O2Je1Sjf',London
2018-04-14 19:09:55,b' #JDWPL RT @WPL_Official: TABLE/TABL | @CarmarthenAFC take their battle to avoid the drop into next week. Meanwhile @the_nomads go three points cle\xe2\x80\xa6',London
2018-04-14 19:08:43,b' #JDWPL RT @WPL_Official: TABLE/TABL | @CarmarthenAFC take their battle to avoid the drop into next week. Meanwhile @the_nomads go three points cle\xe2\x80\xa6',London
2018-04-14 19:07:33,b' #JDWPL TABLE/TABL | @CarmarthenAFC take their battle to avoid the drop into next week. Meanwhile @the_nomads go three poin\xe2\x80\xa6 https://t.co/eD0ebQwtZ4',London
2018-04-14 17:39:06,b'RT @WPL_Official: \xf0\x9f\x93\x9d #JDWPL Saturday Round-Up | Home wins all round as Carmarthen take their survival fight into next week.\n\n\xf0\x9f\x91\x89 https://t.co/\xe2\x80\xa6',London
2018-04-14 17:20:04,"b"" #JDWPL RT @WPL_Official: GOAL/G\xc3\x94L: @CefnDruids 3-1 @CardiffMetFC (Mudimu, 75')\n\nDruids have a third. An unfortunate slip from Edwards lets in Davi\xe2\x80\xa6""",London
2018-04-14 16:47:28,b'RT @WPL_Official: \xf0\x9f\x93\x9d #JDWPL Saturday Round-Up | Home wins all round as Carmarthen take their survival fight into next week.\n\n\xf0\x9f\x91\x89 https://t.co/\xe2\x80\xa6',London
2018-04-14 16:36:31,b'RT @WPL_Official: \xf0\x9f\x93\x9d #JDWPL Saturday Round-Up | Home wins all round as Carmarthen take their survival fight into next week.\n\n\xf0\x9f\x91\x89 https://t.co/\xe2\x80\xa6',London
2018-04-14 16:33:35,b'\xf0\x9f\x93\x9d #JDWPL Saturday Round-Up | Home wins all round as Carmarthen take their survival fight into next week.\n\n\xf0\x9f\x91\x89\xe2\x80\xa6 https://t.co/v1Yoc9KfeH',London
2018-04-14 16:27:20,b' #JDWPL FINAL SCORE/SGOR TERFYNOL: @CarmarthenAFC 3-2 @LlandudnoFC \n\nThe Old Gold live to fight another day and set up an a\xe2\x80\xa6 https://t.co/RTed6IFlsz',London
2018-04-14 16:12:23,"b""RT @bangorcityfc: 60'-WHAT A SAVE!\nOwens escapes the defence, but @1Matthall does excellently to save with his feet! #JDWPL @WPL_Official\xe2\x80\xa6""",London
2018-04-14 16:12:16,"b"" #JDWPL RT @WPL_Official: GOAL/G\xc3\x94L: @CarmarthenAFC 3-2 @LlandudnoFC (Thomas, 66' PEN)\n\nCarmarthen are back in front! Liam Thomas converts from the\xe2\x80\xa6""",London
2018-04-14 16:09:36,"b""RT @bangorcityfc: TODAY'S TEAMS!!!\n\n@the_nomads vs #CITIZENS\n@WPL_Official\n\xe2\x9a\xbd\xef\xb8\x8f 2:30pm Kick Off \n\xf0\x9f\x8f\x9f Deeside Stadium, Connah's Quay\n\n#JDWPL #KT\xe2\x80\xa6""",London
2018-04-14 16:00:19,"b"" #JDWPL GOAL/G\xc3\x94L: @CarmarthenAFC 3-2 @LlandudnoFC (Thomas, 66' PEN)\n\nCarmarthen are back in front! Liam Thomas converts fro\xe2\x80\xa6 https://t.co/XTcGIqpPN6""",London
2018-04-14 15:59:55,"b"" #JDWPL RT @WPL_Official: FINAL SCORE/SGOR TERFYNOL: @the_nomads 1-0 @bangorcityfc\n\nSecond belongs to Connah's Quay tonight as Callum Morris' heade\xe2\x80\xa6""",London
2018-04-14 15:57:14,b'Could be a big goal in the Welsh Premier League. @AberystwythTown not out of the woods quite yet #JDWPL https://t.co/CmeQyvUUv3',London
2018-04-14 15:44:57,b' #JDWPL RT @WPL_Official: GOALS/GOALAU | @CarmarthenAFC 2-2 @LlandudnoFC \n\nThere were two goals in the opening three minutes of the first half. The\xe2\x80\xa6',London
2018-04-14 15:42:42,b' #JDWPL GOALS/GOALAU | @CarmarthenAFC 2-2 @LlandudnoFC \n\nThere were two goals in the opening three minutes of the first hal\xe2\x80\xa6 https://t.co/Nsz122WF5V',London
2018-04-14 15:41:30,b' #JDWPL RT @WPL_Official: FINAL SCORE/SGOR TERFYNOL: @CefnDruids 3-1 @CardiffMetFC \n\nAn impressive second half showing send Druids above Met into f\xe2\x80\xa6',London
2018-04-14 15:33:27,"b""Stay tuned for post match reaction from today's win and vote for your MoM now! #JDWPL""",London
2018-04-14 15:32:24,b'A safe journey home to all here from @bangorcityfc. #JDWPL',London
2018-04-14 15:26:21,"b"" #JDWPL FINAL SCORE/SGOR TERFYNOL: @the_nomads 1-0 @bangorcityfc\n\nSecond belongs to Connah's Quay tonight as Callum Morris'\xe2\x80\xa6 https://t.co/xXL0vV3cTb""",London
2018-04-14 15:26:07,b'FULL TIME!\n\n@the_nomads 1 (Callum Morris)\nBANGOR CITY 0\n\n#JDWPL @WPL_Official #KTF',London
2018-04-14 15:24:48,b' #JDWPL FINAL SCORE/SGOR TERFYNOL: @CefnDruids 3-1 @CardiffMetFC \n\nAn impressive second half showing send Druids above Met\xe2\x80\xa6 https://t.co/o7YMjXExoi',London
2018-04-14 15:22:23,"b"" #JDWPL 90'-PENALTY APPEALS!\n@deanrittenberg goes down after a late aerial challenge, but the referee waves away the protes\xe2\x80\xa6 https://t.co/FZM7j86eND""",London
2018-04-14 15:21:45,"b"" #JDWPL RT @WPL_Official: HALF TIME/HANNER AMSER: @CarmarthenAFC 1-1 @LlandudnoFC \n\n45' down, and the Old Gold are level with Llandudno when only a\xe2\x80\xa6""",London
2018-04-14 15:21:26,"b"" #JDWPL HALF TIME/HANNER AMSER: @CarmarthenAFC 1-1 @LlandudnoFC \n\n45' down, and the Old Gold are level with Llandudno when\xe2\x80\xa6 https://t.co/ILiVysCe1z""",London
2018-04-14 15:18:13,"b""87'-Callum Morris booked! #JDWPL @WPL_Official\n\nLatest Score: Connah's Quay Nomads 1-0 BANGOR CITY""",London
2018-04-14 15:16:45,"b"" #JDWPL 85'-Chance for @SteHewitt1993 after a fantastic lobbed pass by @deanrittenberg, but his volley rolls just wide of t\xe2\x80\xa6 https://t.co/rt0NEqox2x""",London
2018-04-14 15:14:34,"b"" #JDWPL RT @WPL_Official: GOAL/G\xc3\x94L: @CefnDruids 3-1 @CardiffMetFC (Mudimu, 75')\n\nDruids have a third. An unfortunate slip from Edwards lets in Davi\xe2\x80\xa6""",London
2018-04-14 15:11:45,"b""80'-Darlington headers just wide of the mark! #JDWPL @WPL_Official\n\nLatest Score: Connah's Quay Nomads 1-0 BANGOR CITY""",London
2018-04-14 15:08:31,"b""76'-SUBSTITUTION FOR THE #CITIZENS!\n\n18-Sam Jones ON\n17-Joel Bembo-Leta OFF\n\n#JDWPL @WPL_Official\nLatest Score: Con\xe2\x80\xa6 https://t.co/W2QhRZw8ou""",London
2018-04-14 15:08:12,"b"" #JDWPL GOAL/G\xc3\x94L: @CefnDruids 3-1 @CardiffMetFC (Mudimu, 75')\n\nDruids have a third. An unfortunate slip from Edwards lets i\xe2\x80\xa6 https://t.co/D42jaXnvPy""",London
2018-04-14 15:07:36,"b"" #JDWPL 75'-BEMBO-LETA BOOKED!\nBembo-Leta races into the area, before going down! The referee books him for simulation!\xe2\x80\xa6 https://t.co/k0rCkB0Is0""",London
2018-04-14 15:06:06,b'RT @the_nomads: PHOTO: Jonny Spittle pleads his innocence following his red card #JDWPL https://t.co/Whv8wfoqkv',London
2018-04-14 15:05:14,"b""73'-FK #CITIZENS! George Harry pulled back by Pearson and wins a FK on the edge of the area! #JDWPL @WPL_Official\xe2\x80\xa6 https://t.co/tVvNgXEpLd""",London
2018-04-14 15:03:58,"b""73'-SUB @the_nomads!\n\n16-James Owen ON\n10-Andy Owens OFF\n\n#JDWPL @WPL_Official\n\nLatest Score: Connah's Quay Nomads 1-0 BANGOR CITY""",London
2018-04-14 15:01:23,"b""70'-Yellow card for Andy Owens! #JDWPL @WPL_Official\n\nLatest Score: Connah's Quay Nomads 1-0 BANGOR CITY""",London
2018-04-14 14:59:20,"b""66'-SUBSTITUTION FOR THE #CITIZENS!\n\n12-George Harry ON \n3-Tom Kennedy OFF\n\n#JDWPL @WPL_Official\nLatest Score: Conn\xe2\x80\xa6 https://t.co/U2gYmZXiVe""",London
2018-04-14 14:58:23,b'PHOTO: Jonny Spittle pleads his innocence following his red card #JDWPL https://t.co/Whv8wfoqkv',London
2018-04-14 14:58:11,"b"" #JDWPL 65'-SPITTLE SENT OFF!\nShocking tackle from Spittle on @SteHewitt1993, and the referee rightly shows him his second\xe2\x80\xa6 https://t.co/XAWsSmJpm9""",London
2018-04-14 14:57:45,"b"" #JDWPL \xf0\x9f\x94\xb4 RED CARD/CERDYN COCH | Nomads might be in front but they'll have to see out the game with 10 men after Jonny Spit\xe2\x80\xa6 https://t.co/j6lphyjS6K""",London
2018-04-14 14:53:53,"b"" #JDWPL 61'-SUB @the_nomads!\n\n11-Nathan Woolfe ON\n22-Michael Bakare OFF\n\n*The sub took place just before the Nomads goal in\xe2\x80\xa6 https://t.co/l1gzWgZgAg""",London
2018-04-14 14:53:22,"b"" #JDWPL GOAL/G\xc3\x94L: @CefnDruids 2-1 @CardiffMetFC (Piskorski, 60')\n\nThe home side are also in front at the Rock. Arek Piskors\xe2\x80\xa6 https://t.co/LwaGaaTSDP""",London
2018-04-14 14:52:11,"b""60'-WHAT A SAVE!\nOwens escapes the defence, but @1Matthall does excellently to save with his feet! #JDWPL\xe2\x80\xa6 https://t.co/4OQJUrMuVB""",London
2018-04-14 14:51:47,"b"" #JDWPL GOAL/G\xc3\x94L: @the_nomads 1-0 @bangorcityfc (Morris, 58') \n\nGoal for Nomads on Deeside, Callum Morris heading home from\xe2\x80\xa6 https://t.co/aNYrwZDJZP""",London
2018-04-14 14:51:07,"b""58'-GOAL @the_nomads!\nCallum Morris scores for the Nomads as his header beats Hall! #JDWPL @WPL_Official\n\nLatest Sc\xe2\x80\xa6 https://t.co/udKNlO8ojZ""",London
2018-04-14 14:49:20,"b"" #JDWPL 56'-WHAT A CHANCE! Best chance of the match so far as a ball is flicked behind @the_nomads defence to unlock\xe2\x80\xa6 https://t.co/aajLvYj91R""",London
2018-04-14 14:45:54,"b""54'-Poole handball, FK to the #Citizens! #JDWPL @WPL_Official\n\nLatest Score: Connah's Quay Nomads 0-0 BANGOR CITY""",London
2018-04-14 14:41:35,"b""50'-MILEY BOOKED! @AnthonyMiley5 is booked for a challenge on Poole! #JDWPL @WPL_Official\n\nLatest Score: Connah's Q\xe2\x80\xa6 https://t.co/BhW1mf196J""",London
2018-04-14 14:37:34,"b"" #JDWPL GOAL/G\xc3\x94L: @CarmarthenAFC 1-1 @LlandudnoFC (Thomas, 3')\n\nLee Thomas responds within two minutes for the visitors. Wh\xe2\x80\xa6 https://t.co/pdbiQaXLGo""",London
2018-04-14 14:36:22,"b""GOAL/G\xc3\x94L: @CarmarthenAFC 1-0 @LlandudnoFC (Bowen, 1')\n\nLuke Bowen strikes early, with a goal in the opening minute for the Old Gold. #JDWPL""",London
2018-04-14 14:36:03,"b'SECOND HALF! The teams are back out, and its @the_nomads who get the second half underway! #JDWPL @WPL_Official\n\nLa\xe2\x80\xa6 https://t.co/xPkLR6Ub5v'",London
2018-04-14 14:25:09,b' #JDWPL RT @WPL_Official: HALF TIME/HANNER AMSER:\n\nPlenty of incident at the Deeside but no goals at the break between Nomads and Bangor. \n\nMeanwhi\xe2\x80\xa6',London
2018-04-14 14:24:05,b' #JDWPL RT @WPL_Official: HALF TIME/HANNER AMSER:\n\nPlenty of incident at the Deeside but no goals at the break between Nomads and Bangor. \n\nMeanwhi\xe2\x80\xa6',London
2018-04-14 14:23:14,b' #JDWPL RT @WPL_Official: HALF TIME/HANNER AMSER:\n\nPlenty of incident at the Deeside but no goals at the break between Nomads and Bangor. \n\nMeanwhi\xe2\x80\xa6',London
2018-04-14 14:22:57,b' #JDWPL RT @WPL_Official: HALF TIME/HANNER AMSER:\n\nPlenty of incident at the Deeside but no goals at the break between Nomads and Bangor. \n\nMeanwhi\xe2\x80\xa6',London
2018-04-14 14:22:32,b' #JDWPL HALF TIME/HANNER AMSER:\n\nPlenty of incident at the Deeside but no goals at the break between Nomads and Bangor. \n\nM\xe2\x80\xa6 https://t.co/m35ES9LRVM',London
2018-04-14 14:20:12,b'HALF TIME!\n\n@the_nomads 0-0 #CITIZENS\n\n#JDWPL @WPL_Official',London
2018-04-14 14:17:57,"b""44'-Spittle booked for shoving in the build up to a corner kick! #JDWPL @WPL_Official\n\nLatest Score: Connah's Quay Nomads 0-0 BANGOR CITY""",London
2018-04-14 14:13:30,"b""40'-SUB @the_nomads!\n\n9-Michael Wilde ON\n7-Ryan Wignall OFF\n\n#JDWPL @WPL_Official\n\nLatest Score: Connah's Quay Nomads 0-0 BANGOR CITY""",London
2018-04-14 14:12:30,"b"" #JDWPL 39'-Wignall booked for coming back onto the pitch after being told to move off the pitch to receive treatment for a\xe2\x80\xa6 https://t.co/jmzwMyGAej""",London
2018-04-14 14:09:05,"b""36'-@SteHewitt1993 booked for blocking Sean Smith's run! #JDWPL @WPL_Official\n\nLatest Score: Connah's Quay Nomads 0-0 BANGOR CITY""",London
2018-04-14 14:05:53,"b"" #JDWPL GOAL/G\xc3\x94L: @CefnDruids 1-1 @CardiffMetFC (Davies, 31')\n\nEqualiser for Druids. Good work in midfield from Piskorski t\xe2\x80\xa6 https://t.co/fSuUdkjVdT""",London
2018-04-14 14:05:36,"b""32'-Danny Gosset is booked after Kai Edwards goes down following an aerial challenge! #JDWPL @WPL_Official\n\nLatest\xe2\x80\xa6 https://t.co/YaZ5ErcTS1""",London
2018-04-14 14:04:41,"b""31'-BOOKING! Danny Harrison is booked for a poor tackle on Gosset!  #JDWPL @WPL_Official\n\nLatest Score: Connah's Quay Nomads 0-0 BANGOR CITY""",London
2018-04-14 14:02:28,"b""29'-Bakare fires well over the bar! #JDWPL @WPL_Official\n\nLatest Score: Connah's Quay Nomads 0-0 BANGOR CITY""",London
2018-04-14 14:01:44,b'RT @the_nomads: PHOTOS: Early action from Deeside Stadium in this important #JDWPL clash https://t.co/LFXGOXO0Hk',London
2018-04-14 13:59:56,b'RT @the_nomads: PHOTOS: Early action from Deeside Stadium in this important #JDWPL clash https://t.co/LFXGOXO0Hk',London
2018-04-14 13:59:40,"b""26'-@deanrittenberg is fouled again! FK to the #Citizens! #JDWPL @WPL_Official\n\nLatest Score: Connah's Quay Nomads 0-0 BANGOR CITY""",London
2018-04-14 13:59:27,b'PHOTOS: Early action from Deeside Stadium in this important #JDWPL clash https://t.co/LFXGOXO0Hk',London
2018-04-14 13:57:06,"b"" #JDWPL 24'-@deanrittenberg header almost sneaks in, and Danby is forced to tap over the bar! First corner of the match for\xe2\x80\xa6 https://t.co/vqPx1xy5iv""",London
2018-04-14 13:54:37,"b"" #JDWPL 20'-OFFSIDE! Luke Wall does well to deliver a cross which is headed narrowly wide by @deanrittenberg, who's adjudge\xe2\x80\xa6 https://t.co/1nj3rDHufr""",London
2018-04-14 13:53:30,"b"" #JDWPL GOAL/G\xc3\x94L: @CefnDruids 0-1 @CardiffMetFC (Lam, 18')\n\nFirst blood at the Rock to Met. A quick break frees Eliot Evans\xe2\x80\xa6 https://t.co/AWptsvo79B""",London
2018-04-14 13:52:37,"b""19'-FK to the #Citizens as Miley is clattered into by Callum Morris whilst attempting to win a header! #JDWPL\xe2\x80\xa6 https://t.co/vwgr64tueN""",London
2018-04-14 13:52:15,"b""RT @bangorcityfc: 5'-The referee has sent @the_nomads manager Andy Morrison and his assistant Neil Gibson to the stands! #JDWPL @WPL_Offici\xe2\x80\xa6""",London
2018-04-14 13:49:21,"b""16'-Chance for Poole, but his curling effort is easy in the end for @1Matthall! #JDWPL @WPL_Official\n\nLatest Score:\xe2\x80\xa6 https://t.co/sv8YxnAx4m""",London
2018-04-14 13:48:12,"b""15'-FK to the #Citizens after Spittle clips Rittenberg's heels! #JDWPL @WPL_Official\n\nLatest Score: Connah's Quay Nomads 0-0 BANGOR CITY""",London
2018-04-14 13:45:12,"b' #JDWPL \xf0\x9f\x93\x8b Two changes for Llandudno from their win over Aber, Rutter and Marc Williams replacing Lynch and Gibbs. The home\xe2\x80\xa6 https://t.co/ZlvjXnCsJ7'",London
2018-04-14 13:44:08,"b""RT @bangorcityfc: 5'-The referee has sent @the_nomads manager Andy Morrison and his assistant Neil Gibson to the stands! #JDWPL @WPL_Offici\xe2\x80\xa6""",London
2018-04-14 13:43:22,"b"" #JDWPL 8'-Penalty appeals from the #Citizens as Darlington's shot appears to strike a @the_nomads defender's hand in the b\xe2\x80\xa6 https://t.co/p3gffKpmpb""",London
2018-04-14 13:41:35,"b""7'-Late tackle from Harrison catches Hewitt and the referee gives a free kick to the #Citizens! #JDWPL\xe2\x80\xa6 https://t.co/8iS0a5dUEy""",London
2018-04-14 13:39:58,"b""5'-The referee has sent @the_nomads manager Andy Morrison and his assistant Neil Gibson to the stands! #JDWPL\xe2\x80\xa6 https://t.co/KGMLWgCApF""",London
2018-04-14 13:35:44,"b""RT @bangorcityfc: TODAY'S TEAMS!!!\n\n@the_nomads vs #CITIZENS\n@WPL_Official\n\xe2\x9a\xbd\xef\xb8\x8f 2:30pm Kick Off \n\xf0\x9f\x8f\x9f Deeside Stadium, Connah's Quay\n\n#JDWPL #KT\xe2\x80\xa6""",London
2018-04-14 13:35:36,"b""KICK OFF! The #Citizens get the match underway! #JDWPL @WPL_Official\n\nLatest Score: Connah's Quay Nomads 0-0 BANGOR CITY""",London
2018-04-14 13:34:05,"b""\xe2\x9a\xbd\xef\xb8\x8f We're underway in both of our 14:30 kick-offs. #JDWPL""",London
2018-04-14 13:32:57,b'This #JDWPL game is underway!',London
2018-04-14 13:25:37,"b""Remember to follow today's action right here on our twitter feed for minute by minute commentary. #JDWPL https://t.co/wHkfZjF0KH""",London
2018-04-14 13:20:26,"b""With 10 minutes until kick off, here's a reminder of your teams today...#JDWPL""",London
2018-04-14 13:09:07,"b""RT @bangorcityfc: TODAY'S TEAMS!!!\n\n@the_nomads vs #CITIZENS\n@WPL_Official\n\xe2\x9a\xbd\xef\xb8\x8f 2:30pm Kick Off \n\xf0\x9f\x8f\x9f Deeside Stadium, Connah's Quay\n\n#JDWPL #KT\xe2\x80\xa6""",London
2018-04-14 13:05:06,b'One change for Nomads as Danny Harrison replaces Rob Hughes in the starting line up. #JDWPL https://t.co/wKpKZIbYOf',London
2018-04-14 12:58:54,"b""RT @bangorcityfc: TODAY'S TEAMS!!!\n\n@the_nomads vs #CITIZENS\n@WPL_Official\n\xe2\x9a\xbd\xef\xb8\x8f 2:30pm Kick Off \n\xf0\x9f\x8f\x9f Deeside Stadium, Connah's Quay\n\n#JDWPL #KT\xe2\x80\xa6""",London
2018-04-14 12:58:15,"b"" #JDWPL TODAY'S TEAMS!!!\n\n@the_nomads vs #CITIZENS\n@WPL_Official\n\xe2\x9a\xbd\xef\xb8\x8f 2:30pm Kick Off \n\xf0\x9f\x8f\x9f Deeside Stadium, Connah's Quay\xe2\x80\xa6 https://t.co/CGNGN7B0yJ""",London
2018-04-14 12:52:42,"b"" #JDWPL RT @WPL_Official: \xf0\x9f\x93\x8b Three changes from the teams that started last week's #JDWelshCup clash: Harrison in for Hughes for Nomads, while for B\xe2\x80\xa6""",London
2018-04-14 12:51:56,"b"" #JDWPL \xf0\x9f\x93\x8b Three changes from the teams that started last week's #JDWelshCup clash: Harrison in for Hughes for Nomads, while\xe2\x80\xa6 https://t.co/NBOEAhpApz""",London
2018-04-14 12:33:29,"b' #JDWPL \xf0\x9f\x93\x8b One change for Druids from their win against Bala, with Cartwright replacing Simpson. Three for Met from their de\xe2\x80\xa6 https://t.co/xZgsl2asZ6'",London
2018-04-14 12:15:06,"b'This afternoon is our final home game of the season at Deeside, which has been host to some big #JDWPL moments duri\xe2\x80\xa6 https://t.co/NcYLfq26J6'",London
2018-04-14 11:33:09,b' #JDWPL Lovely day for @WPL_Official action at the Rock as @CefnDruids host @CardiffMetFC. Come and enjoy football in the s\xe2\x80\xa6 https://t.co/qMRHYtdrgD',London
2018-04-14 11:23:29,b' #JDWPL \xe2\x9a\xbd\xef\xb8\x8f\xe2\x9a\xbd\xef\xb8\x8f\xe2\x9a\xbd\xef\xb8\x8f\n\nAndy Owens hit a hat trick for us in the semi final last week! \n\nWill he be on target again in this vital\xe2\x80\xa6 https://t.co/kgLXxYbm3H',London
2018-04-14 08:51:08,"b'RT @bangorcityfc: \xf0\x9f\x93\xb0 MATCH PREVIEW | @WPL_Official #JDWPL Matchday 30\n\n@the_nomads  v #Citizens\n\xf0\x9f\x97\x93\xef\xb8\x8f Sat, 14 April\n\xe2\x8f\xb1\xef\xb8\x8f 2:30pm Kick Off\n\xf0\x9f\x8f\x9f\xef\xb8\x8f #Dees\xe2\x80\xa6'",London
2018-04-14 08:33:43,b'RT @the_nomads: Our attentions turn to the #JDWPL today after we reached the #JDWelshCup semis for the first time in 20 years last week. ht\xe2\x80\xa6',London
2018-04-14 08:11:38,b'Our attentions turn to the #JDWPL today after we reached the #JDWelshCup semis for the first time in 20 years last\xe2\x80\xa6 https://t.co/KRqjamr8LQ',London
2018-04-14 07:37:36,"b'RT @bangorcityfc: \xf0\x9f\x93\xb0 MATCH PREVIEW | @WPL_Official #JDWPL Matchday 30\n\n@the_nomads  v #Citizens\n\xf0\x9f\x97\x93\xef\xb8\x8f Sat, 14 April\n\xe2\x8f\xb1\xef\xb8\x8f 2:30pm Kick Off\n\xf0\x9f\x8f\x9f\xef\xb8\x8f #Dees\xe2\x80\xa6'",London
2018-04-14 07:13:24,b' #JDWPL RT @WPL_Official: TABLE/TABL | The big result of the night sees @AberystwythTown go eight points clear of @CarmarthenAFC in the battle for\xe2\x80\xa6',London
2018-04-14 07:12:00,b' #JDWPL RT @WPL_Official: FRIDAY RESULTS / CANLYNIADAU NOS WENER | Three points for Saints whilst Aber take a big step towards safety with victory\xe2\x80\xa6',London
2018-04-13 23:18:21,"b"" #JDWPL RT @WPL_Official: FINAL SCORE/SGOR TERFYNOL: @BalaTownFC 1-4 @tnsfc \n\nIt's another three goal victory over Bala for the Saints as they regi\xe2\x80\xa6""",London
2018-04-13 22:53:42,b' #JDWPL RT @WPL_Official: TABLE/TABL | The big result of the night sees @AberystwythTown go eight points clear of @CarmarthenAFC in the battle for\xe2\x80\xa6',London
2018-04-13 22:45:33,b' #JDWPL RT @ptfcseasiders: Full Time \nPrestatyn 0-1 @AberystwythTown \n1 moment of indecision cost The Seasiders tonight thanks @Ptfcfans for your s\xe2\x80\xa6',London
2018-04-13 22:44:00,b' #JDWPL RT @WPL_Official: FRIDAY RESULTS / CANLYNIADAU NOS WENER | Three points for Saints whilst Aber take a big step towards safety with victory\xe2\x80\xa6',London
2018-04-13 22:39:04,b'RT @tnsfc: 90| BAL 1-4 TNS\n2 minutes added at the end of the second half. #JDWPL',London
2018-04-13 22:15:17,"b""RT @1matthewburgess: #JDWPL Big win for @AberystwythTown. @BalaTownFC's end of season slump continues. https://t.co/hE26hlShgr""",London
2018-04-13 22:14:50,"b""#JDWPL Big win for @AberystwythTown. @BalaTownFC's end of season slump continues. https://t.co/hE26hlShgr""",London
2018-04-13 22:03:44,"b"" #JDWPL RT @CallumHowen: I'd love to see the Welsh Premier League in #FIFA19. Wales gets NO recognition other than the NT being in the game. You ca\xe2\x80\xa6""",London
2018-04-13 22:02:52,"b""RT @tnsfc: 28'| A second for TNS! BAL 0-2 TNS \nGreg Draper doubles the advantage after a good initial save from Morris. #JDWPL https://t.co\xe2\x80\xa6""",London
2018-04-13 21:04:12,b' #JDWPL RT @WPL_Official: TABLE/TABL | The big result of the night sees @AberystwythTown go eight points clear of @CarmarthenAFC in the battle for\xe2\x80\xa6',London
2018-04-13 20:54:51,b' #JDWPL TABLE/TABL | The big result of the night sees @AberystwythTown go eight points clear of @CarmarthenAFC in the battl\xe2\x80\xa6 https://t.co/M0nZV5cOPB',London
2018-04-13 20:50:24,b' #JDWPL RT @WPL_Official: FRIDAY RESULTS / CANLYNIADAU NOS WENER | Three points for Saints whilst Aber take a big step towards safety with victory\xe2\x80\xa6',London
2018-04-13 20:45:14,b' #JDWPL FRIDAY RESULTS / CANLYNIADAU NOS WENER | Three points for Saints whilst Aber take a big step towards safety with vi\xe2\x80\xa6 https://t.co/h3rXRN1RRB',London
2018-04-13 20:42:48,b' #JDWPL Full Time \nPrestatyn 0-1 @AberystwythTown \n1 moment of indecision cost The Seasiders tonight thanks @Ptfcfans for y\xe2\x80\xa6 https://t.co/aePIxeO4zG',London
2018-04-13 20:41:46,"b"" #JDWPL FINAL SCORE/SGOR TERFYNOL: @BalaTownFC 1-4 @tnsfc \n\nIt's another three goal victory over Bala for the Saints as the\xe2\x80\xa6 https://t.co/UKhgxs4lb1""",London
2018-04-13 20:39:06,b' #JDWPL RT @tnsfc: Full-time and the game at Maes Tegid has ended Bala Town 1-4 The New Saints. A strong TNS display ensures that the three points\xe2\x80\xa6',London
2018-04-13 20:38:36,b' #JDWPL Full-time and the game at Maes Tegid has ended Bala Town 1-4 The New Saints. A strong TNS display ensures that the\xe2\x80\xa6 https://t.co/bkhUMsKhlR',London
2018-04-13 20:37:01,b'90| BAL 1-4 TNS\n2 minutes added at the end of the second half. #JDWPL',London
2018-04-13 20:29:39,"b"" #JDWPL GOAL/G\xc3\x94L: @BalaTownFC 1-4 @tnsfc (Edwards, 82')\n\nLooks like we have an answer to the comeback question, as Aeron Ed\xe2\x80\xa6 https://t.co/vik8yzxn2g""",London
2018-04-13 20:28:52,"b""81'| Goal for TNS! BAL 1-4 TNS\nBrobbel steals the ball in midfield and finds Ebbe, who plays in Edwards. #JDWPL https://t.co/hy6fFgyuj7""",London
2018-04-13 20:27:03,b'82m Penalty Saved Carl Jones from Declan Walker  / Arbediad campus @ptfcseasiders 0  @AberystwythTown 1 #JDWPL.',London
2018-04-13 20:24:33,b'10 minutes left of the 90 &amp; @AberystwythTown still lead 1 nil #JDWPL',London
2018-04-13 20:21:27,"b"" #JDWPL GOAL/G\xc3\x94L: @BalaTownFC 1-3 @tnsfc (Sheridan, 73')\n\nIs a comeback stirring by the lake? Ian Sheridan bundles home Pea\xe2\x80\xa6 https://t.co/AgRUGXWw3I""",London
2018-04-13 20:19:23,"b""73'| BAL 1-3 TNS \nIan Sheridan gets a goal back for the hosts. #JDWPL""",London
2018-04-13 20:18:24,"b""RT @tnsfc: 64'| BAL 0-3 TNS\nKevin Kauber rockets an effort off the crossbar! #JDWPL""",London
2018-04-13 20:09:51,"b""64'| BAL 0-3 TNS\nKevin Kauber rockets an effort off the crossbar! #JDWPL""",London
2018-04-13 20:06:28,"b""GOAL/G\xc3\x94L: @BalaTownFC 0-3 @tnsfc (Kauber, 58')\n\nIt's a third for the Champions as Kevin Kauber gets on the scoresheet. #JDWPL""",London
2018-04-13 20:05:13,"b"" #JDWPL 58'| A third for TNS! BAL 0-3 TNS\nKevin Kauber puts the ball past Ashley Morris for his second goal of the season.\xe2\x80\xa6 https://t.co/FEwnvAmvki""",London
2018-04-13 20:02:04,"b""54'| BAL 0-2 TNS\nA good defensive header back to Morris from the Bala defence, with Ebbe and Kauber applying pressure. #JDWPL""",London
2018-04-13 19:56:43,"b""RT @tnsfc: 37'| BAL 0-2 TNS\nA very fast TNS counter attack gives Spender a chance in-behind, but the flag is up. #JDWPL""",London
2018-04-13 19:56:34,"b""RT @tnsfc: 12'| BAL 0-1 TNS\nRawlinson rises well to head clear a Bala corner. #JDWPL""",London
2018-04-13 19:56:13,"b""49'| BAL 0-2 TNS\nDraper plays in Brobbel but his attempted chip finds the goalkeeper's arms. #JDWPL""",London
2018-04-13 19:52:59,b'RT @WPL_Official: HT/HA: Aber and TNS are in charge at the break this evening. #JDWPL https://t.co/WOyJ5p8kW6',London
2018-04-13 19:51:38,"b""46'| BAL 0-2 TNS\nThe home side get us back underway. #JDWPL""",London
2018-04-13 19:44:35,b'RT @WPL_Official: HT/HA: Aber and TNS are in charge at the break this evening. #JDWPL https://t.co/WOyJ5p8kW6',London
2018-04-13 19:37:12,b'HT/HA: Aber and TNS are in charge at the break this evening. #JDWPL https://t.co/WOyJ5p8kW6',London
2018-04-13 19:37:01,b'Half Time \nPrestatyn 0-1 @AberystwythTown #JDWPL',London
2018-04-13 19:34:44,b' #JDWPL Half-time at Maes Tegid and the score is Bala Town 0-2 The New Saints. Goals from Ryan Brobbel and Greg Draper have\xe2\x80\xa6 https://t.co/Omjk6wnJT8',London
2018-04-13 19:29:20,"b""RT @tnsfc: 41'| BAL 0-2 TNS\nTom Holland goes into the book. #JDWPL""",London
2018-04-13 19:28:26,"b""41'| BAL 0-2 TNS\nTom Holland goes into the book. #JDWPL""",London
2018-04-13 19:24:33,"b""37'| BAL 0-2 TNS\nA very fast TNS counter attack gives Spender a chance in-behind, but the flag is up. #JDWPL""",London
2018-04-13 19:17:43,"b"" #JDWPL GOAL/G\xc3\x94L: @BalaTownFC 0-2 @tnsfc (Draper, 28')\n\nA twentieth league goal of the season for Greg Draper, who scores a\xe2\x80\xa6 https://t.co/qllnptecvf""",London
2018-04-13 19:16:09,"b""28'| A second for TNS! BAL 0-2 TNS \nGreg Draper doubles the advantage after a good initial save from Morris. #JDWPL https://t.co/gV1LbQhFIR""",London
2018-04-13 19:11:16,"b""24'| BAL 0-1 TNS\nNathan Burke forces a save from Paul Harrison. #JDWPL""",London
2018-04-13 19:05:23,"b""18'| BAL 0-1 TNS\nBrobbel has another effort, but this time it's out for a goal kick. #JDWPL""",London
2018-04-13 18:59:52,"b""12'| BAL 0-1 TNS\nRawlinson rises well to head clear a Bala corner. #JDWPL""",London
2018-04-13 18:56:02,"b"" #JDWPL GOAL/G\xc3\x94L: @BalaTownFC 0-1 @tnsfc (Brobbel, 6')\n\nAway sides on top in the early stages tonight as Saints go in front\xe2\x80\xa6 https://t.co/nj6m3vBrV3""",London
2018-04-13 18:55:30,"b""7'| Goal for TNS! BAL 0-1 TNS\nRyan Brobbel gives the saints the lead. #JDWPL https://t.co/Zfxgop7jOE""",London
2018-04-13 18:53:24,"b""6'| BAL 0-0 TNS\nA good searching pass from Brobbel tries to play in Spender, but it's cut out. #JDWPL""",London
2018-04-13 18:53:17,b' #JDWPL 5\xe2\x80\x99 @AberystwythTown opening the scoring Prestatyn took a quick free kick after the Aber keeper pick up a back pass\xe2\x80\xa6 https://t.co/8RSnAuGWRI',London
2018-04-13 18:52:41,b'5 mins Gol / Goal @ptfcseasiders 0 @AberystwythTown 1 Hobson #JDWPL',London
2018-04-13 18:49:06,"b""2'| BAL 0-0 TNS\nDean Ebbe is caught offside. #JDWPL""",London
2018-04-13 18:47:34,"b""1'| BAL 0-0 TNS\nThe New Saints get us underway. #JDWPL""",London
2018-04-13 18:43:49,"b' #JDWPL RT @WPL_Official: \xf0\x9f\x93\x8b Two changes for Bala from their defeat at Druids: Jones and Sheridan in for Owens and Hayes. For Saints, just the one c\xe2\x80\xa6'",London
2018-04-13 18:41:34,"b"" #JDWPL RT @tnsfc: The New Saints line-up like this for tonight's match at Bala Town. Scott Ruscoe makes just the one change from the last game, se\xe2\x80\xa6""",London
2018-04-13 18:39:27,"b"" #JDWPL The New Saints line-up like this for tonight's match at Bala Town. Scott Ruscoe makes just the one change from the\xe2\x80\xa6 https://t.co/x1t4Tjxbpb""",London
2018-04-13 18:25:01,"b' #JDWPL \xf0\x9f\x93\x8b Three changes for Prestatyn from last time out against Barry, with Taylor, Williams and Buckley all coming into t\xe2\x80\xa6 https://t.co/6KEqEs7b48'",London
2018-04-13 18:17:10,"b' #JDWPL \xf0\x9f\x93\x8b Two changes for Bala from their defeat at Druids: Jones and Sheridan in for Owens and Hayes. For Saints, just the\xe2\x80\xa6 https://t.co/Iwre90qyBo'",London
2018-04-13 18:08:49,b' #JDWPL Tonight\xe2\x80\x99s Starting 11 \nJones \nIrvine Williams Hayes (c) Fairhurst \nWeaver Stephens Maher Taylor \nZy.Edwards Buckley\xe2\x80\xa6 https://t.co/PZt6n1Ciib',London
2018-04-13 18:08:19,b'RT @AberystwythTown: GAME DAY!! \n#JDWPL \n\xf0\x9f\x8f\x9fBastion Gardens\n@ptfcseasiders \n\xe2\x8f\xb17:45p.m Kick Off\n#GreenArmy',London
2018-04-13 17:33:55,b'When you remember MD30 starts tonight! #JDWPL https://t.co/qSKgTQUxZF',London
2018-04-13 17:14:59,"b"" #JDWPL RT @marcwebber: @AberystwythTown's Bari Morgan talks development success and the future members of the #greenandwhitearmy. Listen here http\xe2\x80\xa6""",London
2018-04-13 17:10:42,"b"" #JDWPL RT @marcwebber: @AberystwythTown's Bari Morgan talks development success and the future members of the #greenandwhitearmy. Listen here http\xe2\x80\xa6""",London
2018-04-13 16:40:10,"b"" #JDWPL @AberystwythTown's Bari Morgan talks development success and the future members of the #greenandwhitearmy. Listen h\xe2\x80\xa6 https://t.co/VYESSqDiSd""",London
2018-04-13 15:26:39,b'RT @1matthewburgess: #JDWPL @WPL_Official Weekend Preview: Disney Sets @BalaTownFC Nine-Point Target; @bangorcityfc Look To Avenge Cup Defe\xe2\x80\xa6',London
2018-04-13 11:52:12,b'RT @AberystwythTown: GAME DAY!! \n#JDWPL \n\xf0\x9f\x8f\x9fBastion Gardens\n@ptfcseasiders \n\xe2\x8f\xb17:45p.m Kick Off\n#GreenArmy',London
2018-04-13 10:43:53,b'GAME DAY!! \n#JDWPL \n\xf0\x9f\x8f\x9fBastion Gardens\n@ptfcseasiders \n\xe2\x8f\xb17:45p.m Kick Off\n#GreenArmy',London
2018-04-13 08:49:53,b'RT @the_nomads: #JDWPL MATCH PREVIEW\nSecond meet third at Deeside in crucial clash\n\nhttps://t.co/d8WWzDh84A https://t.co/e7iPeRYoRs',London
2018-04-13 08:49:23,b'RT @1matthewburgess: #JDWPL @WPL_Official Weekend Preview: Disney Sets @BalaTownFC Nine-Point Target; @bangorcityfc Look To Avenge Cup Defe\xe2\x80\xa6',London
2018-04-13 08:44:12,b'RT @1matthewburgess: #JDWPL @WPL_Official Weekend Preview: Disney Sets @BalaTownFC Nine-Point Target; @bangorcityfc Look To Avenge Cup Defe\xe2\x80\xa6',London
2018-04-13 08:22:12,b'RT @1matthewburgess: #JDWPL @WPL_Official Weekend Preview: Disney Sets @BalaTownFC Nine-Point Target; @bangorcityfc Look To Avenge Cup Defe\xe2\x80\xa6',London
2018-04-13 07:45:15,b'RT @PlayerTek: Big welcome to @bangorcityfc - the latest team to use our game-changing GPS tech \xf0\x9f\x91\x8c\xf0\x9f\x8f\xbc\xf0\x9f\x8e\x89 #BCFC #JDWPL https://t.co/c9JXZhKUpv',London
2018-04-13 07:44:44,b'#JDWPL @WPL_Official Weekend Preview: Disney Sets @BalaTownFC Nine-Point Target; @bangorcityfc Look To Avenge Cup D\xe2\x80\xa6 https://t.co/rPElXwja44',London
2018-04-13 07:08:05,"b'RT @bangorcityfc: \xf0\x9f\x93\xb0 MATCH PREVIEW | @WPL_Official #JDWPL Matchday 30\n\n@the_nomads  v #Citizens\n\xf0\x9f\x97\x93\xef\xb8\x8f Sat, 14 April\n\xe2\x8f\xb1\xef\xb8\x8f 2:30pm Kick Off\n\xf0\x9f\x8f\x9f\xef\xb8\x8f #Dees\xe2\x80\xa6'",London
2018-04-13 06:29:46,b'RT @the_nomads: #JDWPL MATCH PREVIEW\nSecond meet third at Deeside in crucial clash\n\nhttps://t.co/d8WWzDh84A https://t.co/e7iPeRYoRs',London
2018-04-12 10:24:01,"b'RT @bangorcityfc: \xf0\x9f\x93\xb0 MATCH PREVIEW | @WPL_Official #JDWPL Matchday 30\n\n@the_nomads  v #Citizens\n\xf0\x9f\x97\x93\xef\xb8\x8f Sat, 14 April\n\xe2\x8f\xb1\xef\xb8\x8f 2:30pm Kick Off\n\xf0\x9f\x8f\x9f\xef\xb8\x8f #Dees\xe2\x80\xa6'",London
2018-04-12 10:20:48,"b'RT @bangorcityfc: \xf0\x9f\x93\xb0 MATCH PREVIEW | @WPL_Official #JDWPL Matchday 30\n\n@the_nomads  v #Citizens\n\xf0\x9f\x97\x93\xef\xb8\x8f Sat, 14 April\n\xe2\x8f\xb1\xef\xb8\x8f 2:30pm Kick Off\n\xf0\x9f\x8f\x9f\xef\xb8\x8f #Dees\xe2\x80\xa6'",London
2018-04-12 10:16:08,"b'\xf0\x9f\x93\xb0 MATCH PREVIEW | @WPL_Official #JDWPL Matchday 30\n\n@the_nomads  v #Citizens\n\xf0\x9f\x97\x93\xef\xb8\x8f Sat, 14 April\n\xe2\x8f\xb1\xef\xb8\x8f 2:30pm Kick Off\n\xf0\x9f\x8f\x9f\xef\xb8\x8f\xe2\x80\xa6 https://t.co/nLDaHBcJlR'",London
2018-04-12 08:35:28,b'#JDWPL MATCH PREVIEW\nSecond meet third at Deeside in crucial clash\n\nhttps://t.co/d8WWzDh84A https://t.co/e7iPeRYoRs',London
2018-04-11 12:29:30,"b' #JDWPL RT @WPL_Official: \xf0\x9f\x97\xa3\xe2\x80\x99We\xe2\x80\x99re very respectful of the achievement, but we\xe2\x80\x99re under no illusions with regards to what it means for this coming we\xe2\x80\xa6'",London
2018-04-10 19:33:23,"b"" #JDWPL RT @CallumHowen: I'd love to see the Welsh Premier League in #FIFA19. Wales gets NO recognition other than the NT being in the game. You ca\xe2\x80\xa6""",London
2018-04-10 19:31:24,"b"" #JDWPL RT @CallumHowen: I'd love to see the Welsh Premier League in #FIFA19. Wales gets NO recognition other than the NT being in the game. You ca\xe2\x80\xa6""",London
2018-04-10 17:05:22,"b"" #JDWPL I'd love to see the Welsh Premier League in #FIFA19. Wales gets NO recognition other than the NT being in the game.\xe2\x80\xa6 https://t.co/meiDR2yx3r""",London
2018-04-10 11:26:36,"b' #JDWPL RT @WPL_Official: \xf0\x9f\x97\xa3\xe2\x80\x99We\xe2\x80\x99re very respectful of the achievement, but we\xe2\x80\x99re under no illusions with regards to what it means for this coming we\xe2\x80\xa6'",London
2018-04-10 10:34:15,"b' #JDWPL \xf0\x9f\x97\xa3\xe2\x80\x99We\xe2\x80\x99re very respectful of the achievement, but we\xe2\x80\x99re under no illusions with regards to what it means for this com\xe2\x80\xa6 https://t.co/mVagNL7jwl'",London
2018-04-10 09:02:48,"b' #JDWPL RT @WPL_Official: REARRANGED DATE | @ptfcseasiders v @BarryTownUnited has been rearranged for Tuesday 24th April, with a 19:45 kick-off. #J\xe2\x80\xa6'",London
