2018-04-20 20:14:29,b'RT @WellsWMN: Not long to go before the #PeoplesChoice is announced in the #SoldieringOnAwards. Here\xe2\x80\x99s a reminder of the amazing people up\xe2\x80\xa6',London
2018-04-20 20:13:45,b'Not long to go before the #PeoplesChoice is announced in the #SoldieringOnAwards. Here\xe2\x80\x99s a reminder of the amazing\xe2\x80\xa6 https://t.co/x5cPJgaaCR',London
2018-04-20 20:13:31,"b""RT @SoldierOnAwards: It's 6 days until the #SoldieringOnAwards hit London! @AndyAllen88 explains why they're so important https://t.co/cRze\xe2\x80\xa6""",London
2018-04-20 20:12:12,b' #SoldieringOnAwards RT @uuponline: Congratulations to Andy Allen MLA on his win at the Soldiering On Awards tonight \xf0\x9f\x91\x8f\xf0\x9f\x8f\xbb\xf0\x9f\x91\x8f\xf0\x9f\x8f\xbb\xf0\x9f\x91\x8f\xf0\x9f\x8f\xbb An inspiration to us all #Soldiering\xe2\x80\xa6',London
2018-04-20 20:12:00,b' #SoldieringOnAwards RT @SoldierOnAwards: Congratulations to @AndyAllen88 for winning the @telent_UK Inspiration Award - fantastic work and a brilliant speech #\xe2\x80\xa6',London
2018-04-20 20:11:49,b'RT @doddlcutlery: Excited to have just met the gorgeous @vickimichelle #SoldieringOnAwards https://t.co/qSw6j2der8',London
2018-04-20 20:11:22,b'RT @InvictusGChoir: Keep your fingers crossed #invictusgameschoir #SoldieringOnAwards https://t.co/CenAWG4rA7',London
2018-04-20 20:09:57,b' #SoldieringOnAwards RT @SoldierOnAwards: Congratulations to @AndyAllen88 for winning the @telent_UK Inspiration Award - fantastic work and a brilliant speech #\xe2\x80\xa6',London
2018-04-20 20:09:47,b' #SoldieringOnAwards RT @SoldierOnAwards: Congratulations to @AndyAllen88 for winning the @telent_UK Inspiration Award - fantastic work and a brilliant speech #\xe2\x80\xa6',London
2018-04-20 20:09:30,"b"" #SoldieringOnAwards RT @BackonTrackRace: We won!! #backontrack patron @DrKhanTBT from @harleystskin with his Healthcare and Rehabilitation Award from tonight's\xe2\x80\xa6""",London
2018-04-20 20:08:17,"b'RT @OfficialXForces: Team XFE and guests are having a wonderful evening, celebrating veteran achievement at the 2018 #SoldieringOnAwards. C\xe2\x80\xa6'",London
2018-04-20 20:08:00,"b' #SoldieringOnAwards RT @OfficialXForces: RT @fsb_policy: ""Why I\'m encouraging more ex-Forces personnel to consider starting up a business"" explains @MikeCherry\xe2\x80\xa6'",London
2018-04-20 20:07:00,b'RT @doddlcutlery: Loving the #SoldieringOnAwards - so many inspirational finalists and winners! https://t.co/B4qTe1DqQe',London
2018-04-20 20:06:57,b' #SoldieringOnAwards RT @SoldierOnAwards: Congratulations to @AndyAllen88 for winning the @telent_UK Inspiration Award - fantastic work and a brilliant speech #\xe2\x80\xa6',London
2018-04-20 20:06:32,b' #SoldieringOnAwards RT @ForcesRadioBFBS: Our #broadcasting pal @theJeremyVine hosting @SoldierOnAwards #HatchandGeere @bfbshatch @veritygeere #SoldieringOnAwar\xe2\x80\xa6',London
2018-04-20 20:05:10,b' #SoldieringOnAwards RT @ForcesRadioBFBS: Our #broadcasting pal @theJeremyVine hosting @SoldierOnAwards #HatchandGeere @bfbshatch @veritygeere #SoldieringOnAwar\xe2\x80\xa6',London
2018-04-20 20:04:45,b' #SoldieringOnAwards Our #broadcasting pal @theJeremyVine hosting @SoldierOnAwards #HatchandGeere @bfbshatch @veritygeere\xe2\x80\xa6 https://t.co/ewX4tudhX0',London
2018-04-20 20:04:08,b'Excited to have just met the gorgeous @vickimichelle #SoldieringOnAwards https://t.co/qSw6j2der8',London
2018-04-20 20:02:11,"b""RT @RBLS_Riders: He's ready. #soldieringonawards @SoldierOnAwards @LegionScotland https://t.co/ZNHDZLUq0P""",London
2018-04-20 19:58:58,"b'RT @OfficialXForces: Team XFE and guests are having a wonderful evening, celebrating veteran achievement at the 2018 #SoldieringOnAwards. C\xe2\x80\xa6'",London
2018-04-20 19:58:56,b' #SoldieringOnAwards RT @SoldierOnAwards: Congratulations to @AndyAllen88 for winning the @telent_UK Inspiration Award - fantastic work and a brilliant speech #\xe2\x80\xa6',London
2018-04-20 19:58:30,"b'Team XFE and guests are having a wonderful evening, celebrating veteran achievement at the 2018 #SoldieringOnAwards\xe2\x80\xa6 https://t.co/xZdPhmZlBg'",London
2018-04-20 19:57:04,b'RT @ali_posts: Disappointed in the lack of food photos #soldieringonawards https://t.co/2ORotQ7tZK',London
2018-04-20 19:56:31,b'Loving the #SoldieringOnAwards - so many inspirational finalists and winners! https://t.co/B4qTe1DqQe',London
2018-04-20 19:55:51,b'RT @FiMTrust: Such a deserved winner @SoldierOnAwards #soldieringonawards @COBSEO housing cluster https://t.co/zHkvR64Cm3',London
2018-04-20 19:55:23,"b"" #SoldieringOnAwards RT @BackonTrackRace: @LesleyReynolds_ @DrKhanTBT @MarkRacingAllen having a great time at the @SoldierOnAwards this evening! It's been so gr\xe2\x80\xa6""",London
2018-04-20 19:55:22,b'Disappointed in the lack of food photos #soldieringonawards https://t.co/2ORotQ7tZK',London
2018-04-20 19:55:11,"b""RT @Forces_Network: The Prime Minister @theresa_may has sent a message of support to tonight's #SoldieringOnAwards. Read what she said here\xe2\x80\xa6""",London
2018-04-20 19:52:10,b'@BBMF_Spitflyer Thank you again for your generous support for #SoldieringOnAwards Visit and Pictures are raising lots of cash',London
2018-04-20 19:51:52,"b"" #SoldieringOnAwards RT @BackonTrackRace: @LesleyReynolds_ @DrKhanTBT @MarkRacingAllen having a great time at the @SoldierOnAwards this evening! It's been so gr\xe2\x80\xa6""",London
2018-04-20 19:50:43,"b"" #SoldieringOnAwards @LesleyReynolds_ @DrKhanTBT @MarkRacingAllen having a great time at the @SoldierOnAwards this evening! It's been so\xe2\x80\xa6 https://t.co/1c0KCYvI9t""",London
2018-04-20 19:50:07,b' #SoldieringOnAwards RT @uuponline: Congratulations to Andy Allen MLA on his win at the Soldiering On Awards tonight \xf0\x9f\x91\x8f\xf0\x9f\x8f\xbb\xf0\x9f\x91\x8f\xf0\x9f\x8f\xbb\xf0\x9f\x91\x8f\xf0\x9f\x8f\xbb An inspiration to us all #Soldiering\xe2\x80\xa6',London
2018-04-20 19:49:52,b' #SoldieringOnAwards RT @qassociates: Proud to be supporting the 2018 Soldiering On Awards this evening. Good luck to all the amazing finalists. #soldieringonaw\xe2\x80\xa6',London
2018-04-20 19:49:48,b'Thank you for 20 years of stunning partnership #SoldieringOnAwards https://t.co/6wK65dtwNx',London
2018-04-20 19:45:16,b' #SoldieringOnAwards RT @uuponline: Congratulations to Andy Allen MLA on his win at the Soldiering On Awards tonight \xf0\x9f\x91\x8f\xf0\x9f\x8f\xbb\xf0\x9f\x91\x8f\xf0\x9f\x8f\xbb\xf0\x9f\x91\x8f\xf0\x9f\x8f\xbb An inspiration to us all #Soldiering\xe2\x80\xa6',London
2018-04-20 19:43:58,b' #SoldieringOnAwards RT @uuponline: Congratulations to Andy Allen MLA on his win at the Soldiering On Awards tonight \xf0\x9f\x91\x8f\xf0\x9f\x8f\xbb\xf0\x9f\x91\x8f\xf0\x9f\x8f\xbb\xf0\x9f\x91\x8f\xf0\x9f\x8f\xbb An inspiration to us all #Soldiering\xe2\x80\xa6',London
2018-04-20 19:42:25,b'Great to see @Tobias_Ellwood at the #SoldieringOnAwards tonight https://t.co/vIt2cx7Uoz',London
2018-04-20 19:40:15,b' #SoldieringOnAwards RT @uuponline: Congratulations to Andy Allen MLA on his win at the Soldiering On Awards tonight \xf0\x9f\x91\x8f\xf0\x9f\x8f\xbb\xf0\x9f\x91\x8f\xf0\x9f\x8f\xbb\xf0\x9f\x91\x8f\xf0\x9f\x8f\xbb An inspiration to us all #Soldiering\xe2\x80\xa6',London
2018-04-20 19:39:24,b' #SoldieringOnAwards RT @uuponline: Congratulations to Andy Allen MLA on his win at the Soldiering On Awards tonight \xf0\x9f\x91\x8f\xf0\x9f\x8f\xbb\xf0\x9f\x91\x8f\xf0\x9f\x8f\xbb\xf0\x9f\x91\x8f\xf0\x9f\x8f\xbb An inspiration to us all #Soldiering\xe2\x80\xa6',London
2018-04-20 19:39:09,b' #SoldieringOnAwards RT @SoldierOnAwards: Congratulations to @AndyAllen88 for winning the @telent_UK Inspiration Award - fantastic work and a brilliant speech #\xe2\x80\xa6',London
2018-04-20 19:35:26,b' #SoldieringOnAwards RT @uuponline: Congratulations to Andy Allen MLA on his win at the Soldiering On Awards tonight \xf0\x9f\x91\x8f\xf0\x9f\x8f\xbb\xf0\x9f\x91\x8f\xf0\x9f\x8f\xbb\xf0\x9f\x91\x8f\xf0\x9f\x8f\xbb An inspiration to us all #Soldiering\xe2\x80\xa6',London
2018-04-20 19:34:29,b' #SoldieringOnAwards RT @uuponline: Congratulations to Andy Allen MLA on his win at the Soldiering On Awards tonight \xf0\x9f\x91\x8f\xf0\x9f\x8f\xbb\xf0\x9f\x91\x8f\xf0\x9f\x8f\xbb\xf0\x9f\x91\x8f\xf0\x9f\x8f\xbb An inspiration to us all #Soldiering\xe2\x80\xa6',London
2018-04-20 19:32:44,b' #SoldieringOnAwards RT @uuponline: Congratulations to Andy Allen MLA on his win at the Soldiering On Awards tonight \xf0\x9f\x91\x8f\xf0\x9f\x8f\xbb\xf0\x9f\x91\x8f\xf0\x9f\x8f\xbb\xf0\x9f\x91\x8f\xf0\x9f\x8f\xbb An inspiration to us all #Soldiering\xe2\x80\xa6',London
2018-04-20 19:32:42,b' #SoldieringOnAwards RT @uuponline: Congratulations to Andy Allen MLA on his win at the Soldiering On Awards tonight \xf0\x9f\x91\x8f\xf0\x9f\x8f\xbb\xf0\x9f\x91\x8f\xf0\x9f\x8f\xbb\xf0\x9f\x91\x8f\xf0\x9f\x8f\xbb An inspiration to us all #Soldiering\xe2\x80\xa6',London
2018-04-20 19:32:30,b' #SoldieringOnAwards Congratulations to Andy Allen MLA on his win at the Soldiering On Awards tonight \xf0\x9f\x91\x8f\xf0\x9f\x8f\xbb\xf0\x9f\x91\x8f\xf0\x9f\x8f\xbb\xf0\x9f\x91\x8f\xf0\x9f\x8f\xbb An inspiration to us all\xe2\x80\xa6 https://t.co/YZYfP2yRQC',London
2018-04-20 19:31:57,b'RT @SoldierOnAwards: Huge congratulations to Dr Khan &amp; @BackonTrackRace AND @Deptherapy for winning the #SoldieringOnAwards Healthcare and\xe2\x80\xa6',London
2018-04-20 19:31:54,b'RT @Blesma: Blesma Member @TriSteveGB scoops up the Sporting Excellence  Award at the inspirational #SoldieringOnAwards https://t.co/AA7Tp8\xe2\x80\xa6',London
2018-04-20 19:26:10,b'RT @FiMTrust: Such a deserved winner @SoldierOnAwards #soldieringonawards @COBSEO housing cluster https://t.co/zHkvR64Cm3',London
2018-04-20 19:24:45,b' #SoldieringOnAwards Proud to be supporting the 2018 Soldiering On Awards this evening. Good luck to all the amazing finalists.\xe2\x80\xa6 https://t.co/I0ajtAD985',London
2018-04-20 19:23:53,b'Getting ready for dinner. All the winners so far have been well deserved! #SoldieringOnAwards @SoldierOnAwards https://t.co/ipnQtv4p4A',London
2018-04-20 19:23:30,b'RT @ForcesRadioBFBS: The suit fitted!!! #HatchandGeere @bfbshatch @veritygeere #soldieringonawards #honouredtobehere Tune in @ForcesRadioBF\xe2\x80\xa6',London
2018-04-20 19:23:30,b' #SoldieringOnAwards RT @SoldierOnAwards: Congratulations to @AndyAllen88 for winning the @telent_UK Inspiration Award - fantastic work and a brilliant speech #\xe2\x80\xa6',London
2018-04-20 19:23:17,b'RT @InvictusGChoir: Keep your fingers crossed #invictusgameschoir #SoldieringOnAwards https://t.co/CenAWG4rA7',London
2018-04-20 19:22:31,b'RT @InvictusGChoir: Keep your fingers crossed #invictusgameschoir #SoldieringOnAwards https://t.co/CenAWG4rA7',London
2018-04-20 19:22:22,b'RT @ForcesRadioBFBS: The suit fitted!!! #HatchandGeere @bfbshatch @veritygeere #soldieringonawards #honouredtobehere Tune in @ForcesRadioBF\xe2\x80\xa6',London
2018-04-20 19:22:15,b'RT @RandomFlopsy: I\xe2\x80\x99m having such an inspirationalnight at the #SoldieringOnAwards with @bfbshatch and @veritygeere and the amazing men and\xe2\x80\xa6',London
2018-04-20 19:22:08,b'RT @Blesma: Blesma Member @TriSteveGB scoops up the Sporting Excellence  Award at the inspirational #SoldieringOnAwards https://t.co/AA7Tp8\xe2\x80\xa6',London
2018-04-20 19:22:06,b' #SoldieringOnAwards RT @SoldierOnAwards: Congratulations to @AndyAllen88 for winning the @telent_UK Inspiration Award - fantastic work and a brilliant speech #\xe2\x80\xa6',London
2018-04-20 19:21:08,b'Keep your fingers crossed #invictusgameschoir #SoldieringOnAwards https://t.co/CenAWG4rA7',London
2018-04-20 19:17:17,b' #SoldieringOnAwards RT @SoldierOnAwards: Congratulations to @AndyAllen88 for winning the @telent_UK Inspiration Award - fantastic work and a brilliant speech #\xe2\x80\xa6',London
2018-04-20 19:16:30,b' #SoldieringOnAwards RT @SoldierOnAwards: Congratulations to @AndyAllen88 for winning the @telent_UK Inspiration Award - fantastic work and a brilliant speech #\xe2\x80\xa6',London
2018-04-20 19:16:04,b' #SoldieringOnAwards RT @SoldierOnAwards: Congratulations to @AndyAllen88 for winning the @telent_UK Inspiration Award - fantastic work and a brilliant speech #\xe2\x80\xa6',London
2018-04-20 19:15:50,b' #SoldieringOnAwards RT @SoldierOnAwards: Congratulations to @AndyAllen88 for winning the @telent_UK Inspiration Award - fantastic work and a brilliant speech #\xe2\x80\xa6',London
2018-04-20 19:14:25,b'RT @FiMTrust: Such a deserved winner @SoldierOnAwards #soldieringonawards @COBSEO housing cluster https://t.co/zHkvR64Cm3',London
2018-04-20 19:14:16,b'RT @robserving: congratulations to the #cobseo #housing cluster for winning the #FiMtrust working together award #SoldieringOnAwards https:\xe2\x80\xa6',London
2018-04-20 19:13:58,b'@Forces_Network #soldieringonawards Congratulations to everyone nominated and all the winners already my pal\xe2\x80\xa6 https://t.co/Sy4SYuGyZQ',London
2018-04-20 19:13:57,b'RT @FiMTrust: Such a deserved winner @SoldierOnAwards #soldieringonawards @COBSEO housing cluster https://t.co/zHkvR64Cm3',London
2018-04-20 19:13:54,b'RT @robserving: congratulations to the #cobseo #housing cluster for winning the #FiMtrust working together award #SoldieringOnAwards https:\xe2\x80\xa6',London
2018-04-20 19:12:50,b'RT @SoldierOnAwards: Huge congratulations to Dr Khan &amp; @BackonTrackRace AND @Deptherapy for winning the #SoldieringOnAwards Healthcare and\xe2\x80\xa6',London
2018-04-20 19:12:27,"b"" #SoldieringOnAwards RT @BackonTrackRace: We won!! #backontrack patron @DrKhanTBT from @harleystskin with his Healthcare and Rehabilitation Award from tonight's\xe2\x80\xa6""",London
2018-04-20 19:12:06,"b"" #SoldieringOnAwards RT @BackonTrackRace: We won!! #backontrack patron @DrKhanTBT from @harleystskin with his Healthcare and Rehabilitation Award from tonight's\xe2\x80\xa6""",London
2018-04-20 19:11:32,b' #SoldieringOnAwards We won!! #backontrack patron @DrKhanTBT from @harleystskin with his Healthcare and Rehabilitation Award from tonigh\xe2\x80\xa6 https://t.co/o4P8SIop1V',London
2018-04-20 19:10:59,b'RT @FiMTrust: Such a deserved winner @SoldierOnAwards #soldieringonawards @COBSEO housing cluster https://t.co/zHkvR64Cm3',London
2018-04-20 19:10:30,b'RT @ForcesRadioBFBS: The suit fitted!!! #HatchandGeere @bfbshatch @veritygeere #soldieringonawards #honouredtobehere Tune in @ForcesRadioBF\xe2\x80\xa6',London
2018-04-20 19:10:28,b'congratulations to the #cobseo #housing cluster for winning the #FiMtrust working together award #SoldieringOnAwards https://t.co/nvhIIaMBTr',London
2018-04-20 19:10:09,b'Such a deserved winner @SoldierOnAwards #soldieringonawards @COBSEO housing cluster https://t.co/zHkvR64Cm3',London
2018-04-20 19:08:38,b'The suit fitted!!! #HatchandGeere @bfbshatch @veritygeere #soldieringonawards #honouredtobehere Tune in\xe2\x80\xa6 https://t.co/fbxbxQPPPk',London
2018-04-20 19:07:59,b'FiMT Soldiering on Awards winner is Cobseo Housing Cluster. How wonderful #soldieringonawards #fimtrust',London
2018-04-20 19:07:49,b' #SoldieringOnAwards RT @SoldierOnAwards: Congratulations to @AndyAllen88 for winning the @telent_UK Inspiration Award - fantastic work and a brilliant speech #\xe2\x80\xa6',London
2018-04-20 19:07:07,b'Beyond delighted that @Ed_Tytherleigh of #stoll has won at #SoldieringOnAwards! https://t.co/twiI5wbmOF',London
2018-04-20 19:03:11,"b""@JamesDLindsay If you add your support in a tweet with the #SoldieringOnAwards hashtag James, we'll put it in the l\xe2\x80\xa6 https://t.co/mIThC7D683""",London
2018-04-20 19:03:04,b'Huge congratulations to Dr Aamer Khan of @harleystskin for winning a #soldieringonawards for outstanding work withi\xe2\x80\xa6 https://t.co/wu63m42O1Z',London
2018-04-20 19:01:53,b'RT @SoldierOnAwards: Catch all the action on the @Forces_Network live blog #soldieringonawards https://t.co/2kRi7U1jPu',London
2018-04-20 19:01:48,b' #SoldieringOnAwards RT @SoldierOnAwards: Congratulations to @AndyAllen88 for winning the @telent_UK Inspiration Award - fantastic work and a brilliant speech #\xe2\x80\xa6',London
2018-04-20 19:01:27,"b'#SoldieringOnAwards, amazing evening, so inspirational. Vicki Michelle, sell kisses, raise loads of money...allo allo x'",London
2018-04-20 19:01:22,b' #SoldieringOnAwards Congratulations to @AndyAllen88 for winning the @telent_UK Inspiration Award - fantastic work and a brilliant speec\xe2\x80\xa6 https://t.co/5Jvu8QysqY',London
2018-04-20 19:00:19,b'RT @RandomFlopsy: I\xe2\x80\x99m having such an inspirationalnight at the #SoldieringOnAwards with @bfbshatch and @veritygeere and the amazing men and\xe2\x80\xa6',London
2018-04-20 18:58:42,b'I\xe2\x80\x99m having such an inspirationalnight at the #SoldieringOnAwards with @bfbshatch and @veritygeere and the amazing m\xe2\x80\xa6 https://t.co/VzFVtVcHjg',London
2018-04-20 18:58:25,b'RT @ART_Aware: Great start to the @SoldierOnAwards with @theJeremyVine #taittinger #soldieringonawards @OfficialXForces https://t.co/Fq6NW2\xe2\x80\xa6',London
2018-04-20 18:57:06,b' #SoldieringOnAwards RT @SoldierOnAwards: Our first winner of the night! Join us in wishing The Connell Family a huge congratulations in winning the @NetApp Fam\xe2\x80\xa6',London
2018-04-20 18:56:46,b'RT @SoldierOnAwards: Huge congratulations to Dr Khan &amp; @BackonTrackRace AND @Deptherapy for winning the #SoldieringOnAwards Healthcare and\xe2\x80\xa6',London
2018-04-20 18:56:43,b' #SoldieringOnAwards RT @SoldierOnAwards: Our first winner of the night! Join us in wishing The Connell Family a huge congratulations in winning the @NetApp Fam\xe2\x80\xa6',London
2018-04-20 18:56:36,b'RT @SoldierOnAwards: Huge congratulations to Dr Khan &amp; @BackonTrackRace AND @Deptherapy for winning the #SoldieringOnAwards Healthcare and\xe2\x80\xa6',London
2018-04-20 18:55:59,b'Blesma Member @TriSteveGB scoops up the Sporting Excellence  Award at the inspirational #SoldieringOnAwards https://t.co/AA7Tp8OeXZ',London
2018-04-20 18:55:57,b'RT @SoldierOnAwards: Huge congratulations to Dr Khan &amp; @BackonTrackRace AND @Deptherapy for winning the #SoldieringOnAwards Healthcare and\xe2\x80\xa6',London
2018-04-20 18:55:54,b'RT @OfficialXForces: Steve Crowley wins the Sporting Excellence #SoldieringOnAwards https://t.co/bNlmyCDj5e',London
2018-04-20 18:53:41,b'RT @SoldierOnAwards: We cannot wait to see everyone tonight! #soldieringonawards https://t.co/QcmEGXePWl',London
2018-04-20 18:51:54,b'Steve Crowley wins the Sporting Excellence #SoldieringOnAwards https://t.co/bNlmyCDj5e',London
2018-04-20 18:51:04,b'RT @SoldierOnAwards: Huge congratulations to Dr Khan &amp; @BackonTrackRace AND @Deptherapy for winning the #SoldieringOnAwards Healthcare and\xe2\x80\xa6',London
2018-04-20 18:50:47,b'Huge congratulations to Dr Khan &amp; @BackonTrackRace AND @Deptherapy for winning the #SoldieringOnAwards Healthcare a\xe2\x80\xa6 https://t.co/PExzjNhS00',London
2018-04-20 18:47:59,"b""RT @RBLS_Riders: He's ready. #soldieringonawards @SoldierOnAwards @LegionScotland https://t.co/ZNHDZLUq0P""",London
2018-04-20 18:47:47,b' #SoldieringOnAwards RT @SoldierOnAwards: Our first winner of the night! Join us in wishing The Connell Family a huge congratulations in winning the @NetApp Fam\xe2\x80\xa6',London
2018-04-20 18:47:10,b'RT @SimonBucks: A great night in store at the #soldieringonawards  - follow it live on https://t.co/empJVcwwr3 and @ForcesNews https://t.co\xe2\x80\xa6',London
2018-04-20 18:44:00,b'RT @AdamRossMeyer: Great start to the @SoldierOnAwards with @theJeremyVine #taittinger #soldieringonawards @OfficialXForces @sageuk https:/\xe2\x80\xa6',London
2018-04-20 18:41:11,"b""RT @Forces_Network: The Prime Minister @theresa_may has sent a message of support to tonight's #SoldieringOnAwards. Read what she said here\xe2\x80\xa6""",London
2018-04-20 18:40:53,b' #SoldieringOnAwards Our first winner of the night! Join us in wishing The Connell Family a huge congratulations in winning the @NetApp\xe2\x80\xa6 https://t.co/9G0XwoTHzl',London
2018-04-20 18:38:31,"b""The Prime Minister @theresa_may has sent a message of support to tonight's #SoldieringOnAwards. Read what she said\xe2\x80\xa6 https://t.co/D0ro8FmQm9""",London
2018-04-20 18:35:55,b'A great night in store at the #soldieringonawards  - follow it live on https://t.co/empJVcwwr3 and @ForcesNews https://t.co/D2NLn84KUK',London
2018-04-20 18:34:43,b'RT @DigitalLauraS: Can\xe2\x80\x99t attend the #SoldieringOnAwards? Fear not! @Forces_Network is lovingly updating a live blog for you right here \xe2\xac\x87\xef\xb8\x8f\xe2\xac\x87\xef\xb8\x8f\xe2\x80\xa6',London
2018-04-20 18:34:02,b'Proud and delighted to be at the #soldieringonawards as part of the #Cobseo Housing Cluster nominated for the Worki\xe2\x80\xa6 https://t.co/tXVICb2Y0i',London
2018-04-20 18:32:29,b'Congratulations to the Connell family for winning the Family Values Award #SoldieringOnAwards @SoldierOnAwards',London
2018-04-20 18:32:05,b'Delighted to be at the #soldieringonawards as a guest of @sageuk. Really looking forward to a very inspiring evenin\xe2\x80\xa6 https://t.co/zmPy3cwkB9',London
2018-04-20 18:31:21,b' #SoldieringOnAwards @SoldierOnAwards event in Westminister this evening. Looking forward to great evening with fantastic finalists. All\xe2\x80\xa6 https://t.co/z4Ln02vSey',London
2018-04-20 18:30:45,b'RT @forcescharities: Best of luck to all @SoldierOnAwards nominees tonight! #SoldieringOnAwards https://t.co/j2zXWshSrP',London
2018-04-20 18:30:24,b'Can\xe2\x80\x99t attend the #SoldieringOnAwards? Fear not! @Forces_Network is lovingly updating a live blog for you right here\xe2\x80\xa6 https://t.co/vebdfkD1M3',London
2018-04-20 18:29:34,b'RT @WeekendWitch: The Rt Hon Earl Howe PC - celebrating some fantastic achievements at #soldieringonawards 2018.  @SoldierOnAwards https://\xe2\x80\xa6',London
2018-04-20 18:29:26,b'RT @AdamRossMeyer: Great start to the @SoldierOnAwards with @theJeremyVine #taittinger #soldieringonawards @OfficialXForces @sageuk https:/\xe2\x80\xa6',London
2018-04-20 18:29:11,b'Ready for #SoldieringOnAwards with bfbs_uk with #partnerincrime #privilegedtobehere\xe2\x80\xa6 https://t.co/PdoFQjBJWn',London
2018-04-20 18:28:58,b'At the 2018 Soldiering On Awards #SoldieringOnAwards https://t.co/FlzuuuWcow',London
2018-04-20 18:28:44,b'Great start to the @SoldierOnAwards with @theJeremyVine #taittinger #soldieringonawards @OfficialXForces @sageuk https://t.co/HHwEESFecJ',London
2018-04-20 18:28:37,"b'RT @SportingForce: #SoldieringOnAwards Sporting Force represent!!!! Amazed to be here tonight, everyone one in this room is a winner! https\xe2\x80\xa6'",London
2018-04-20 18:28:19,b'Great start to the @SoldierOnAwards with @theJeremyVine #taittinger #soldieringonawards @OfficialXForces https://t.co/Fq6NW2UhR9',London
2018-04-20 18:27:49,b' #SoldieringOnAwards Hey @Forces_Network sending love mucho mucho from us here @BFBS_Falklands to all those taking part tonight\xe2\x80\xa6 https://t.co/eY1jZerBvM',London
2018-04-20 18:27:36,b'RT @SoldierOnAwards: Welcome to the #SoldieringOnAwards 2018 https://t.co/pzkqjKwMgY',London
2018-04-20 18:27:33,b'The Rt Hon Earl Howe PC - celebrating some fantastic achievements at #soldieringonawards 2018.  @SoldierOnAwards https://t.co/RtJutTwBgD',London
2018-04-20 18:27:23,b'RT @SoldierOnAwards: Look who we bumped into at the #soldieringonawards @vickimichelle https://t.co/NbmGHrReMI',London
2018-04-20 18:26:59,b'Look who we bumped into at the #soldieringonawards @vickimichelle https://t.co/NbmGHrReMI',London
2018-04-20 18:26:31,"b""So inspired already and we've only just started @SoldierOnAwards #soldieringonawards""",London
2018-04-20 18:26:15,"b'#SoldieringOnAwards Sporting Force represent!!!! Amazed to be here tonight, everyone one in this room is a winner! https://t.co/hWdGcEs8ml'",London
2018-04-20 18:25:03,b'Honoured to be at  #soldieringonawards. Already feeling humbled and the awards haven\xe2\x80\x99t even started.',London
2018-04-20 18:18:58,"b'RT @GiniCarlin: Great to hear our @BfbsTim at the #soldieringonawards for @ForcesRadioBFBS sending lots of love to all those involved, from\xe2\x80\xa6'",London
2018-04-20 18:18:01,"b""RT @Forces_Network: That #FridayFeeling as messages of support for all those up for awards in tonight's #SoldieringOnAwards come in from ar\xe2\x80\xa6""",London
2018-04-20 18:16:16,b'Absolutely amazing performance from the @LdnMilitaryBand at the #SoldieringOnAwards https://t.co/CovSfA8Trs',London
2018-04-20 18:13:42,"b'RT @SoldierOnAwards: .@renkapur, representing @OfficialXForces, was first to arrive (of course) #soldieringonawards https://t.co/9h6RncrUyS'",London
2018-04-20 18:12:48,b'@theJeremyVine and @JohnNicholRAF join @Forces_Network before the #SoldieringOnAwards begins: Follow our updates du\xe2\x80\xa6 https://t.co/iLKFcyOGl1',London
2018-04-20 18:12:29,b'#soldieringonawards Proud to be representing #SoldiersArtsAcademy as finalists tonight \xf0\x9f\x98\x8a',London
2018-04-20 18:12:15,"b' #SoldieringOnAwards A warm welcome from Rt Hon Earl Howe to recognise &amp; celebrate the talent, inspiration &amp; enterprising skills of full\xe2\x80\xa6 https://t.co/LLSI0By5Aa'",London
2018-04-20 18:11:37,"b""RT @ForcesRadioBFBS: Good luck to all those in tonight's #SoldieringOnAwards. Guests are now starting to arrive. Keep up to date with our l\xe2\x80\xa6""",London
2018-04-20 18:11:27,b'RT @SoldierOnAwards: All we can say is WOW - we can\xe2\x80\x99t wait for you guys to see the venue #SoldieringOnAwards https://t.co/8laxOu5EgD',London
2018-04-20 17:48:06,"b""RT @ForcesRadioBFBS: Good luck to all those in tonight's #SoldieringOnAwards. Guests are now starting to arrive. Keep up to date with our l\xe2\x80\xa6""",London
2018-04-20 17:46:38,"b""RT @ForcesRadioBFBS: Good luck to all those in tonight's #SoldieringOnAwards. Guests are now starting to arrive. Keep up to date with our l\xe2\x80\xa6""",London
2018-04-20 17:45:40,"b'RT @GiniCarlin: Great to hear our @BfbsTim at the #soldieringonawards for @ForcesRadioBFBS sending lots of love to all those involved, from\xe2\x80\xa6'",London
2018-04-20 17:41:27,"b'Great to welcome Mark, Jerry and the @ServiceDogsUK UK team to the #SoldieringOnAwards https://t.co/wJX9aiUZaZ'",London
2018-04-20 17:38:26,"b""RT @ForcesRadioBFBS: Good luck to all those in tonight's #SoldieringOnAwards. Guests are now starting to arrive. Keep up to date with our l\xe2\x80\xa6""",London
2018-04-20 17:36:23,"b""RT @ForcesRadioBFBS: Good luck to all those in tonight's #SoldieringOnAwards. Guests are now starting to arrive. Keep up to date with our l\xe2\x80\xa6""",London
2018-04-20 17:36:10,"b""RT @ForcesRadioBFBS: Good luck to all those in tonight's #SoldieringOnAwards. Guests are now starting to arrive. Keep up to date with our l\xe2\x80\xa6""",London
2018-04-20 17:35:57,"b""Good luck to all those in tonight's #SoldieringOnAwards. Guests are now starting to arrive. Keep up to date with ou\xe2\x80\xa6 https://t.co/h6cVt97Gou""",London
2018-04-20 17:34:45,b'Great to hear our @BfbsTim at the #soldieringonawards for @ForcesRadioBFBS sending lots of love to all those involv\xe2\x80\xa6 https://t.co/GL7S5po9hm',London
2018-04-20 17:32:43,"b""That #FridayFeeling as messages of support for all those up for awards in tonight's #SoldieringOnAwards come in fro\xe2\x80\xa6 https://t.co/PHksIfkMHq""",London
2018-04-20 17:32:10,b'Welcome to the #SoldieringOnAwards 2018 https://t.co/pzkqjKwMgY',London
2018-04-20 17:28:43,b'Soldiering On Awards - always a fantastic evening celebrating some outstanding achievements! #soldieringonawards https://t.co/KwapiQnR2B',London
2018-04-20 17:27:52,"b'RT @SoldierOnAwards: .@renkapur, representing @OfficialXForces, was first to arrive (of course) #soldieringonawards https://t.co/9h6RncrUyS'",London
2018-04-20 17:26:22,"b'.@renkapur, representing @OfficialXForces, was first to arrive (of course) #soldieringonawards https://t.co/9h6RncrUyS'",London
2018-04-20 17:25:08,b'Catch all the action on the @Forces_Network live blog #soldieringonawards https://t.co/2kRi7U1jPu',London
2018-04-20 17:24:27,"b""We're live at the #SoldieringOnAwards and get ready as the guests begin arriving. Join in with your own messages of\xe2\x80\xa6 https://t.co/3JTPeXNcXh""",London
2018-04-20 17:23:49,b'Sign ups can be a lot of fun! #SoldieringOnAwards https://t.co/WJoyGp6krL',London
2018-04-20 17:21:26,b'RT @SoldierOnAwards: All we can say is WOW - we can\xe2\x80\x99t wait for you guys to see the venue #SoldieringOnAwards https://t.co/8laxOu5EgD',London
2018-04-20 17:06:55,"b'RT @SoldierOnAwards: And so we welcome you, to the #SoldieringOnAwards 2018 https://t.co/AeXlDKOtmV'",London
2018-04-20 17:06:46,b'RT @forcescharities: Best of luck to all @SoldierOnAwards nominees tonight! #SoldieringOnAwards https://t.co/j2zXWshSrP',London
2018-04-20 17:01:15,"b'And so we welcome you, to the #SoldieringOnAwards 2018 https://t.co/AeXlDKOtmV'",London
2018-04-20 16:58:56,b'#SoldieringOnAwards wishing all finalists the very best of luck. Special mention to Luke Delahunty',London
2018-04-20 16:43:31,b'Good luck @Ed_Tytherleigh!#SoldieringOnAwards https://t.co/g6VF7OR9TQ',London
2018-04-20 16:40:56,b'So excited to be attending #SoldieringOnAwards tonight! Kindly invited to accompany my boss by the  fabulous @renkapur.',London
2018-04-20 16:35:40,"b""RT @RBLS_Riders: He's ready. #soldieringonawards @SoldierOnAwards @LegionScotland https://t.co/ZNHDZLUq0P""",London
2018-04-20 16:34:57,"b""RT @RBLS_Riders: He's ready. #soldieringonawards @SoldierOnAwards @LegionScotland https://t.co/ZNHDZLUq0P""",London
2018-04-20 16:33:45,"b""RT @RBLS_Riders: He's ready. #soldieringonawards @SoldierOnAwards @LegionScotland https://t.co/ZNHDZLUq0P""",London
2018-04-20 16:32:32,"b""He's ready. #soldieringonawards @SoldierOnAwards @LegionScotland https://t.co/ZNHDZLUq0P""",London
2018-04-20 16:28:55,"b' #SoldieringOnAwards RT @Alf_Turner: Looking forward to attending the @SoldierOnAwards tonight in London , which celebrates all that is great about the British\xe2\x80\xa6'",London
2018-04-20 16:19:42,"b' #SoldieringOnAwards RT @Alf_Turner: Looking forward to attending the @SoldierOnAwards tonight in London , which celebrates all that is great about the British\xe2\x80\xa6'",London
2018-04-20 16:19:05,b'Good Luck to all the finalists this evening. You are all amazing! #SoldieringOnAwards https://t.co/UNIvVz9u0y',London
2018-04-20 16:15:01,"b' #SoldieringOnAwards Looking forward to attending the @SoldierOnAwards tonight in London , which celebrates all that is great about the\xe2\x80\xa6 https://t.co/V5cAUkczgZ'",London
2018-04-20 16:03:45,b'RT @Forces_Network: All set and ready for tonight\xe2\x80\x99s live online coverage on https://t.co/stfA2GJliS of this year\xe2\x80\x99s #SoldieringOnAwards. Loo\xe2\x80\xa6',London
2018-04-20 16:01:19,b'https://t.co/hLoFTZOBJS are blogging all evening from @SoldierOnAwards! Tweet your messages of support for the nominees #soldieringonawards',London
2018-04-20 15:53:48,b'RT @forcescharities: Best of luck to all @SoldierOnAwards nominees tonight! #SoldieringOnAwards https://t.co/j2zXWshSrP',London
2018-04-20 15:52:06,b'Best of luck to all @SoldierOnAwards nominees tonight! #SoldieringOnAwards https://t.co/j2zXWshSrP',London
2018-04-20 15:47:03,b'RT @SoldierOnAwards: We cannot wait to see everyone tonight! #soldieringonawards https://t.co/QcmEGXePWl',London
2018-04-20 15:41:31,b'RT @SoldierOnAwards: All we can say is WOW - we can\xe2\x80\x99t wait for you guys to see the venue #SoldieringOnAwards https://t.co/8laxOu5EgD',London
2018-04-20 15:36:58,b' #SoldieringOnAwards RT @cathbra: Who will win the Sporting Excellence category at the @SoldierOnAwards on Friday night? @WeAreInvictus archer Matt Neve @Swanse\xe2\x80\xa6',London
2018-04-20 15:36:55,b' #SoldieringOnAwards RT @cathbra: Followed the changing career of @MarkSmithBB &amp; he fully deserves to be nominated for the Sporting Excellence award at the @Sol\xe2\x80\xa6',London
2018-04-20 15:36:51,b' #SoldieringOnAwards RT @cathbra: Sporting Excellence sums up @TriSteveGB just look at his results from the last 12 months! A real privilege to finally track th\xe2\x80\xa6',London
2018-04-20 15:30:21,b'RT @SoldierOnAwards: All we can say is WOW - we can\xe2\x80\x99t wait for you guys to see the venue #SoldieringOnAwards https://t.co/8laxOu5EgD',London
2018-04-20 15:06:22,b'RT @ForcesRadioBFBS: Less than four hours to go until the #SoldieringOnAwards starts. Meet the finalists here &gt; https://t.co/DKEPZLl82j',London
2018-04-20 15:05:43,b'All we can say is WOW - we can\xe2\x80\x99t wait for you guys to see the venue #SoldieringOnAwards https://t.co/8laxOu5EgD',London
2018-04-20 14:57:48,b'RT @Forces_Network: All set and ready for tonight\xe2\x80\x99s live online coverage on https://t.co/stfA2GJliS of this year\xe2\x80\x99s #SoldieringOnAwards. Loo\xe2\x80\xa6',London
2018-04-20 14:56:25,b'Glad rags on.  Best shoes out of the box.  Humbled to be en route to the #soldieringonawards.  Good luck to all the\xe2\x80\xa6 https://t.co/zFbRrcoUC2',London
2018-04-20 14:24:37,"b' #SoldieringOnAwards RT @OfficialXForces: RT @fsb_policy: ""Why I\'m encouraging more ex-Forces personnel to consider starting up a business"" explains @MikeCherry\xe2\x80\xa6'",London
2018-04-20 14:24:20,"b""RT @Forces_Network: Not long to go now before the winners are announced at this year's glitzy #SoldieringOnAwards: https://t.co/iBGm9AeoZv""",London
2018-04-20 14:23:32,b'RT @SoldierOnAwards: We cannot wait to see everyone tonight! #soldieringonawards https://t.co/QcmEGXePWl',London
2018-04-20 14:22:41,b'RT @SoldierOnAwards: We cannot wait to see everyone tonight! #soldieringonawards https://t.co/QcmEGXePWl',London
2018-04-20 14:20:23,b' #SoldieringOnAwards RT @strngmind: A big shout out to the black cabbie who picked us up at Waterloo and brought us to the hotel FOC as Richard was a veteran #s\xe2\x80\xa6',London
2018-04-20 14:02:55,"b' #SoldieringOnAwards RT @fsb_policy: ""Why I\'m encouraging more ex-Forces personnel to consider starting up a business"" explains @MikeCherryFSB, ahead of the X-F\xe2\x80\xa6'",London
2018-04-20 14:01:39,b'More from previous awards nights......\n#SoldieringOnAwards\n#TalLambert\n#kiajalark\n#Hosties4Heroes\n#joemcelderry91 https://t.co/YXTdkp5B0Y',London
2018-04-20 13:38:44,"b"" #SoldieringOnAwards RT @SoldierOnAwards: For up to date information on all our amazing finalists (and winners) make sure you're following us and using #Soldier\xe2\x80\xa6""",London
2018-04-20 13:28:52,"b""RT @Forces_Network: Not long to go now before the winners are announced at this year's glitzy #SoldieringOnAwards: https://t.co/iBGm9AeoZv""",London
2018-04-20 13:27:43,b' #SoldieringOnAwards RT @DarrenKamara: Only hours to go until the 2018 Soldiering on Awards is underway! Flashback friday pics will be appearing throughout the\xe2\x80\xa6',London
2018-04-20 13:18:13,b'RT @ForcesRadioBFBS: Less than four hours to go until the #SoldieringOnAwards starts. Meet the finalists here &gt; https://t.co/DKEPZLl82j',London
2018-04-20 13:17:33,b'Less than four hours to go until the #SoldieringOnAwards starts. Meet the finalists here &gt; https://t.co/DKEPZLl82j',London
2018-04-20 13:08:05,"b""Not long to go now before the winners are announced at this year's glitzy #SoldieringOnAwards: https://t.co/iBGm9AeoZv""",London
2018-04-20 12:52:58,b'All set and ready for tonight\xe2\x80\x99s live online coverage on https://t.co/stfA2GJliS of this year\xe2\x80\x99s #SoldieringOnAwards.\xe2\x80\xa6 https://t.co/ktCvZzLL6w',London
2018-04-20 12:47:11,b'RT @SoldierOnAwards: We cannot wait to see everyone tonight! #soldieringonawards https://t.co/QcmEGXePWl',London
2018-04-20 12:43:25,b'Checked in to @ParkPlazaHotels and been upgraded to a suite no less. We are overwhelmed so far #SoldieringOnAwards #strongmind',London
2018-04-20 12:41:32,b'RT @SoldierOnAwards: We cannot wait to see everyone tonight! #soldieringonawards https://t.co/QcmEGXePWl',London
2018-04-20 12:40:30,b' #SoldieringOnAwards A big shout out to the black cabbie who picked us up at Waterloo and brought us to the hotel FOC as Richard was a v\xe2\x80\xa6 https://t.co/wGlZGUw76h',London
2018-04-20 12:31:17,b'RT @SoldierOnAwards: We cannot wait to see everyone tonight! #soldieringonawards https://t.co/QcmEGXePWl',London
2018-04-20 12:29:17,"b'.@theJeremyVine and @vickimichelle host the @SoldierOnAwards tonight, 20Apr #SoldieringOnAwards https://t.co/FDKzPxBmqs'",London
2018-04-20 12:00:59,b'RT @OfficialXForces: START UP BUSINESS OF THE YEAR sponsored by @CiscoUKI \n@hqcombat \n@doddlcutlery \n@TrueTechTeam \n#soldieringonawards',London
2018-04-20 11:59:56,"b' #SoldieringOnAwards RT @OfficialXForces: RT @fsb_policy: ""Why I\'m encouraging more ex-Forces personnel to consider starting up a business"" explains @MikeCherry\xe2\x80\xa6'",London
2018-04-20 11:59:35,"b'RT @strngmind: Medals polished, black tie found, Sues posh frock ironed, and now we wait. #soldieringonawards is tomorrow evening, if our n\xe2\x80\xa6'",London
2018-04-20 11:48:17,b' #SoldieringOnAwards RT @OfficialXForces: @fsb_policy @MikeCherryFSB @SoldierOnAwards We are excited about developing the new partnership with the FSB. Thank yo\xe2\x80\xa6',London
2018-04-20 11:34:54,"b' #SoldieringOnAwards RT @fsb_policy: ""Why I\'m encouraging more ex-Forces personnel to consider starting up a business"" explains @MikeCherryFSB, ahead of the X-F\xe2\x80\xa6'",London
2018-04-20 11:25:20,b'RT @SoldierOnAwards: We cannot wait to see everyone tonight! #soldieringonawards https://t.co/QcmEGXePWl',London
2018-04-20 11:18:16,b' #SoldieringOnAwards RT @OfficialXForces: COMMUNITY IMPACT BUSINESS OF THE YEAR sponsored by @landmarcNEWS \n@AAA_CCaretaker \n@CFSpitfire \n@SportingForce \n#soldi\xe2\x80\xa6',London
2018-04-20 11:12:22,"b' #SoldieringOnAwards RT fsb_policy ""RT OfficialXForces: fsb_policy MikeCherryFSB SoldierOnAwards We are excited about developing the new\xe2\x80\xa6 https://t.co/VP31GMUD3X'",London
2018-04-20 11:07:21,b' #SoldieringOnAwards RT @OfficialXForces: @fsb_policy @MikeCherryFSB @SoldierOnAwards We are excited about developing the new partnership with the FSB. Thank yo\xe2\x80\xa6',London
2018-04-20 11:05:32,"b' #SoldieringOnAwards RT @fsb_policy: ""Why I\'m encouraging more ex-Forces personnel to consider starting up a business"" explains\xe2\x80\xa6 https://t.co/DDv73vWO77'",London
2018-04-20 11:05:02,b' #SoldieringOnAwards @fsb_policy @MikeCherryFSB @SoldierOnAwards We are excited about developing the new partnership with the FSB. Thank\xe2\x80\xa6 https://t.co/CZfCFzkyy0',London
2018-04-20 11:02:53,"b"" #SoldieringOnAwards RT @SoldierOnAwards: For up to date information on all our amazing finalists (and winners) make sure you're following us and using #Soldier\xe2\x80\xa6""",London
2018-04-20 10:58:37,b'RT @OfficialXForces: SCALE UP BUSINESS OF THE YEAR sponsored by @sageuk \n@HannamanMHLtd \n@strngmind \n@ProNoctis \n#soldieringonawards',London
2018-04-20 10:58:28,"b"" #SoldieringOnAwards RT @SoldierOnAwards: For up to date information on all our amazing finalists (and winners) make sure you're following us and using #Soldier\xe2\x80\xa6""",London
2018-04-20 10:47:24,"b"" #SoldieringOnAwards RT @SoldierOnAwards: For up to date information on all our amazing finalists (and winners) make sure you're following us and using #Soldier\xe2\x80\xa6""",London
2018-04-20 10:45:43,b'RT @OfficialXForces: SCALE UP BUSINESS OF THE YEAR sponsored by @sageuk \n@HannamanMHLtd \n@strngmind \n@ProNoctis \n#soldieringonawards',London
2018-04-20 10:44:06,"b"" #SoldieringOnAwards RT @RBLS_Riders: Today's the day when our chairman @Nabber60 travels to London for the Soldiering on awards! Good luck to him &amp; fellow bran\xe2\x80\xa6""",London
2018-04-20 10:41:40,"b' #SoldieringOnAwards RT @fsb_policy: ""Why I\'m encouraging more ex-Forces personnel to consider starting up a business"" explains @MikeCherryFSB, ahead of the X-F\xe2\x80\xa6'",London
2018-04-20 10:40:20,"b'RT @SoldierOnAwards: Find out everything you need to know @TriSteveGB, @MarkSmithBB &amp; @Swanseaarcher #SoldieringOnAwards https://t.co/nIGHy\xe2\x80\xa6'",London
2018-04-20 10:39:27,"b' #SoldieringOnAwards RT @fsb_policy: ""Why I\'m encouraging more ex-Forces personnel to consider starting up a business"" explains @MikeCherryFSB, ahead of the X-F\xe2\x80\xa6'",London
2018-04-20 10:38:19,"b"" #SoldieringOnAwards RT @SoldierOnAwards: For up to date information on all our amazing finalists (and winners) make sure you're following us and using #Soldier\xe2\x80\xa6""",London
2018-04-20 10:37:59,"b"" #SoldieringOnAwards RT @SoldierOnAwards: For up to date information on all our amazing finalists (and winners) make sure you're following us and using #Soldier\xe2\x80\xa6""",London
2018-04-20 10:37:03,"b' #SoldieringOnAwards RT fsb_policy """"Why I\'m encouraging more ex-Forces personnel to consider starting up a business"" explains MikeCherr\xe2\x80\xa6 https://t.co/1elBL5mf72'",London
2018-04-20 10:35:53,"b"" #SoldieringOnAwards RT @SoldierOnAwards: For up to date information on all our amazing finalists (and winners) make sure you're following us and using #Soldier\xe2\x80\xa6""",London
2018-04-20 10:35:41,"b' #SoldieringOnAwards RT @fsb_policy: ""Why I\'m encouraging more ex-Forces personnel to consider starting up a business"" explains @MikeCherryFSB, ahead of the X-F\xe2\x80\xa6'",London
2018-04-20 10:35:39,b' #SoldieringOnAwards RT @OfficialXForces: COMMUNITY IMPACT BUSINESS OF THE YEAR sponsored by @landmarcNEWS \n@AAA_CCaretaker \n@CFSpitfire \n@SportingForce \n#soldi\xe2\x80\xa6',London
2018-04-20 10:35:03,"b'Find out everything you need to know @TriSteveGB, @MarkSmithBB &amp; @Swanseaarcher #SoldieringOnAwards https://t.co/nIGHyjKtwN'",London
2018-04-20 10:34:58,b' #SoldieringOnAwards RT @OfficialXForces: COMMUNITY IMPACT BUSINESS OF THE YEAR sponsored by @landmarcNEWS \n@AAA_CCaretaker \n@CFSpitfire \n@SportingForce \n#soldi\xe2\x80\xa6',London
2018-04-20 10:34:40,b'COMMUNITY IMPACT BUSINESS OF THE YEAR sponsored by @landmarcNEWS \n@AAA_CCaretaker \n@CFSpitfire \n@SportingForce \n#soldieringonawards',London
2018-04-20 10:34:21,"b"" #SoldieringOnAwards RT @SoldierOnAwards: For up to date information on all our amazing finalists (and winners) make sure you're following us and using #Soldier\xe2\x80\xa6""",London
2018-04-20 10:34:18,b'START UP BUSINESS OF THE YEAR sponsored by @CiscoUKI \n@hqcombat \n@doddlcutlery \n@TrueTechTeam \n#soldieringonawards',London
2018-04-20 10:33:57,b'RT @OfficialXForces: SCALE UP BUSINESS OF THE YEAR sponsored by @sageuk \n@HannamanMHLtd \n@strngmind \n@ProNoctis \n#soldieringonawards',London
2018-04-20 10:33:37,b'SCALE UP BUSINESS OF THE YEAR sponsored by @sageuk \n@HannamanMHLtd \n@strngmind \n@ProNoctis \n#soldieringonawards',London
2018-04-20 10:33:27,"b' #SoldieringOnAwards ""Why I\'m encouraging more ex-Forces personnel to consider starting up a business"" explains @MikeCherryFSB, ahead of\xe2\x80\xa6 https://t.co/U7WCLERl0Q'",London
2018-04-20 10:29:55,b' #SoldieringOnAwards Congratulations &amp; good luck to all the finalists tonight @SoldierOnAwards I\xe2\x80\x99m sure you\xe2\x80\x99re all have an incredible ni\xe2\x80\xa6 https://t.co/KisqsdzmWo',London
2018-04-20 10:29:33,b'RT @SoldierOnAwards: We cannot wait to see everyone tonight! #soldieringonawards https://t.co/QcmEGXePWl',London
2018-04-20 10:13:07,"b"" #SoldieringOnAwards RT @SoldierOnAwards: For up to date information on all our amazing finalists (and winners) make sure you're following us and using #Soldier\xe2\x80\xa6""",London
2018-04-20 10:11:57,b'Everyone is coming from all over the country for the #soldieringonawards! Are our international finalists here ok?\xe2\x80\xa6 https://t.co/r2SqjgMeOw',London
2018-04-20 10:05:06,"b"" #SoldieringOnAwards For up to date information on all our amazing finalists (and winners) make sure you're following us and using\xe2\x80\xa6 https://t.co/hJNafAkYJY""",London
2018-04-20 09:48:35,"b'RT @strngmind: Medals polished, black tie found, Sues posh frock ironed, and now we wait. #soldieringonawards is tomorrow evening, if our n\xe2\x80\xa6'",London
2018-04-20 09:40:31,b'RT @SoldierOnAwards: We cannot wait to see everyone tonight! #soldieringonawards https://t.co/QcmEGXePWl',London
2018-04-20 09:38:05,b'RT @SoldierOnAwards: What a handsome bunch! We want to see how YOU are getting to the #SoldieringOnAwards https://t.co/dnQVrrl3q2',London
2018-04-20 09:37:45,b'What a handsome bunch! We want to see how YOU are getting to the #SoldieringOnAwards https://t.co/dnQVrrl3q2',London
2018-04-20 09:33:26,b'RT @SoldierOnAwards: We cannot wait to see everyone tonight! #soldieringonawards https://t.co/QcmEGXePWl',London
2018-04-20 09:33:01,b'RT @SoldierOnAwards: We cannot wait to see everyone tonight! #soldieringonawards https://t.co/QcmEGXePWl',London
2018-04-20 09:32:42,b'We would like to wish Tony Stubbs the very best of luck at the #SoldieringOnAwards in London tonight. \n\nTony is a f\xe2\x80\xa6 https://t.co/X7tBoBvVTC',London
2018-04-20 09:29:49,b'We would like to wish Tony Stubbs the very best of luck at the #SoldieringOnAwards in London tonight. \n\nTony is a f\xe2\x80\xa6 https://t.co/lO3YjuONa2',London
2018-04-20 09:06:24,b'RT @SoldierOnAwards: We cannot wait to see everyone tonight! #soldieringonawards https://t.co/QcmEGXePWl',London
2018-04-20 08:56:06,b'RT @SoldierOnAwards: We cannot wait to see everyone tonight! #soldieringonawards https://t.co/QcmEGXePWl',London
2018-04-20 08:25:04,b'RT @vickimichelle: Just had a call from @TalLambert at #SoldieringOnAwards asking if I can co-host at this year\xe2\x80\x99s awards as #FionaDolman is\xe2\x80\xa6',London
2018-04-20 08:24:37,b' #SoldieringOnAwards RT @DarrenKamara: Only hours to go until the 2018 Soldiering on Awards is underway! Flashback friday pics will be appearing throughout the\xe2\x80\xa6',London
2018-04-20 08:24:31,b'RT @SoldierOnAwards: We cannot wait to see everyone tonight! #soldieringonawards https://t.co/QcmEGXePWl',London
2018-04-20 08:24:00,b'RT @SoldierOnAwards: We cannot wait to see everyone tonight! #soldieringonawards https://t.co/QcmEGXePWl',London
2018-04-20 08:23:27,b'RT @SoldierOnAwards: We cannot wait to see everyone tonight! #soldieringonawards https://t.co/QcmEGXePWl',London
2018-04-20 08:18:43,b'We cannot wait to see everyone tonight! #soldieringonawards https://t.co/QcmEGXePWl',London
2018-04-20 08:12:06,"b"" #SoldieringOnAwards RT @RBLS_Riders: Today's the day when our chairman @Nabber60 travels to London for the Soldiering on awards! Good luck to him &amp; fellow bran\xe2\x80\xa6""",London
2018-04-20 08:08:23,"b"" #SoldieringOnAwards RT @ForcesRadioBFBS: Coming up #HatchandGeere @bfbshatch @veritygeere chat to @theJeremyVine about hosting tonight's @SoldierOnAwards #SOA\xe2\x80\xa6""",London
2018-04-20 08:08:18,"b"" #SoldieringOnAwards RT @RBLS_Riders: Today's the day when our chairman @Nabber60 travels to London for the Soldiering on awards! Good luck to him &amp; fellow bran\xe2\x80\xa6""",London
2018-04-20 08:07:48,"b"" #SoldieringOnAwards RT @ForcesRadioBFBS: Coming up #HatchandGeere @bfbshatch @veritygeere chat to @theJeremyVine about hosting tonight's @SoldierOnAwards #SOA\xe2\x80\xa6""",London
2018-04-20 08:04:32,"b"" #SoldieringOnAwards Coming up #HatchandGeere @bfbshatch @veritygeere chat to @theJeremyVine about hosting tonight's @SoldierOnAwards\xe2\x80\xa6 https://t.co/grHKmXe53a""",London
2018-04-20 07:55:35,b' #SoldieringOnAwards Only hours to go until the 2018 Soldiering on Awards is underway! Flashback friday pics will be appearing throughou\xe2\x80\xa6 https://t.co/f2xu2vIcPu',London
2018-04-20 07:46:47,b'RT @vickimichelle: Just had a call from @TalLambert at #SoldieringOnAwards asking if I can co-host at this year\xe2\x80\x99s awards as #FionaDolman is\xe2\x80\xa6',London
2018-04-20 07:46:22,"b"" #SoldieringOnAwards RT @SoldierOnAwards: We're incredibly sad to announce @FionaDolman is unwell and unable to attend tomorrow. However, we're also incredibly\xe2\x80\xa6""",London
2018-04-20 07:29:38,b' #SoldieringOnAwards RT @cathbra: Sporting Excellence sums up @TriSteveGB just look at his results from the last 12 months! A real privilege to finally track th\xe2\x80\xa6',London
2018-04-20 06:47:20,b' #SoldieringOnAwards RT @cathbra: Sporting Excellence sums up @TriSteveGB just look at his results from the last 12 months! A real privilege to finally track th\xe2\x80\xa6',London
2018-04-20 06:11:32,"b"" #SoldieringOnAwards RT @RBLS_Riders: Today's the day when our chairman @Nabber60 travels to London for the Soldiering on awards! Good luck to him &amp; fellow bran\xe2\x80\xa6""",London
2018-04-20 06:07:18,"b"" #SoldieringOnAwards Today's the day when our chairman @Nabber60 travels to London for the Soldiering on awards! Good luck to him &amp; fell\xe2\x80\xa6 https://t.co/yyxZhGAg1t""",London
2018-04-20 05:57:32,"b'RT @strngmind: Medals polished, black tie found, Sues posh frock ironed, and now we wait. #soldieringonawards is tomorrow evening, if our n\xe2\x80\xa6'",London
2018-04-20 04:41:52,b' #SoldieringOnAwards RT @cathbra: Who will win the Sporting Excellence category at the @SoldierOnAwards on Friday night? @WeAreInvictus archer Matt Neve @Swanse\xe2\x80\xa6',London
2018-04-19 23:47:32,b'RT @vickimichelle: Just had a call from @TalLambert at #SoldieringOnAwards asking if I can co-host at this year\xe2\x80\x99s awards as #FionaDolman is\xe2\x80\xa6',London
2018-04-19 23:29:23,b' #SoldieringOnAwards Sporting Excellence sums up @TriSteveGB just look at his results from the last 12 months! A real privilege to final\xe2\x80\xa6 https://t.co/tWbxLsFIMr',London
2018-04-19 23:23:44,b' #SoldieringOnAwards Followed the changing career of @MarkSmithBB &amp; he fully deserves to be nominated for the Sporting Excellence award\xe2\x80\xa6 https://t.co/bn27Gj7S7g',London
2018-04-19 23:18:24,b' #SoldieringOnAwards Who will win the Sporting Excellence category at the @SoldierOnAwards on Friday night? @WeAreInvictus archer Matt N\xe2\x80\xa6 https://t.co/9PspziM5BU',London
2018-04-19 21:35:01,b'RT @SoldierOnAwards: Tomorrow! How is everyone getting to London for the #SoldieringOnAwards? https://t.co/Qi3SLRw383',London
2018-04-19 21:11:56,b'RT @SoldierOnAwards: Tomorrow! How is everyone getting to London for the #SoldieringOnAwards? https://t.co/Qi3SLRw383',London
2018-04-19 19:54:10,b'RT @SoldierOnAwards: Tomorrow! How is everyone getting to London for the #SoldieringOnAwards? https://t.co/Qi3SLRw383',London
2018-04-19 19:45:36,b'RT @vickimichelle: Just had a call from @TalLambert at #SoldieringOnAwards asking if I can co-host at this year\xe2\x80\x99s awards as #FionaDolman is\xe2\x80\xa6',London
2018-04-19 19:15:41,"b""RT @SoldierOnAwards: We're very excited to open the #SoldieringOnAwards on Friday with the @LdnMilitaryBand https://t.co/mfFHVpVoqJ""",London
2018-04-19 18:45:50,b'RT @vickimichelle: Just had a call from @TalLambert at #SoldieringOnAwards asking if I can co-host at this year\xe2\x80\x99s awards as #FionaDolman is\xe2\x80\xa6',London
2018-04-19 18:35:55,b'RT @SoldierOnAwards: Tomorrow! How is everyone getting to London for the #SoldieringOnAwards? https://t.co/Qi3SLRw383',London
2018-04-19 18:35:33,b'RT @SoldierOnAwards: Tomorrow! How is everyone getting to London for the #SoldieringOnAwards? https://t.co/Qi3SLRw383',London
2018-04-19 17:53:02,"b""RT @SoldierOnAwards: It's 6 days until the #SoldieringOnAwards hit London! @AndyAllen88 explains why they're so important https://t.co/cRze\xe2\x80\xa6""",London
2018-04-19 17:30:23,"b'RT @strngmind: Medals polished, black tie found, Sues posh frock ironed, and now we wait. #soldieringonawards is tomorrow evening, if our n\xe2\x80\xa6'",London
2018-04-19 17:02:00,"b'RT @strngmind: Medals polished, black tie found, Sues posh frock ironed, and now we wait. #soldieringonawards is tomorrow evening, if our n\xe2\x80\xa6'",London
2018-04-19 16:53:16,"b'RT @strngmind: Medals polished, black tie found, Sues posh frock ironed, and now we wait. #soldieringonawards is tomorrow evening, if our n\xe2\x80\xa6'",London
2018-04-19 16:51:56,"b'Medals polished, black tie found, Sues posh frock ironed, and now we wait. #soldieringonawards is tomorrow evening,\xe2\x80\xa6 https://t.co/e11x6RnL49'",London
2018-04-19 16:40:09,b'RT @SoldierOnAwards: Tomorrow! How is everyone getting to London for the #SoldieringOnAwards? https://t.co/Qi3SLRw383',London
2018-04-19 13:24:30,b'RT @SoldierOnAwards: Tomorrow! How is everyone getting to London for the #SoldieringOnAwards? https://t.co/Qi3SLRw383',London
2018-04-19 12:36:53,"b"" #SoldieringOnAwards RT @SoldierOnAwards: We're incredibly sad to announce @FionaDolman is unwell and unable to attend tomorrow. However, we're also incredibly\xe2\x80\xa6""",London
2018-04-19 12:36:24,"b' #SoldieringOnAwards RT @HannamanMHLtd: Very excited for tomorrow\'s @SoldierOnAwards as we are nominated for ""Business of the Year, Scale Up"" category! Congratu\xe2\x80\xa6'",London
2018-04-19 12:13:30,b' #SoldieringOnAwards #TBT to last year when we designed the 2017 Audio Visual and Lectern for the Soldiering On awards @SoldierOnAwards\xe2\x80\xa6 https://t.co/b3ueEVtHEQ',London
2018-04-19 12:07:52,b'RT @SoldierOnAwards: We caught up with @TriSteveGB ahead of the #SoldieringOnAwards on Friday https://t.co/fLHVgVTSnC',London
2018-04-19 11:28:57,"b' #SoldieringOnAwards RT @HannamanMHLtd: Very excited for tomorrow\'s @SoldierOnAwards as we are nominated for ""Business of the Year, Scale Up"" category! Congratu\xe2\x80\xa6'",London
2018-04-19 11:20:40,"b' #SoldieringOnAwards Very excited for tomorrow\'s @SoldierOnAwards as we are nominated for ""Business of the Year, Scale Up"" category! Con\xe2\x80\xa6 https://t.co/1A7HIeDFhu'",London
2018-04-19 11:11:00,b'RT @vickimichelle: Just had a call from @TalLambert at #SoldieringOnAwards asking if I can co-host at this year\xe2\x80\x99s awards as #FionaDolman is\xe2\x80\xa6',London
2018-04-19 10:50:34,"b"" #SoldieringOnAwards RT @SoldierOnAwards: We're incredibly sad to announce @FionaDolman is unwell and unable to attend tomorrow. However, we're also incredibly\xe2\x80\xa6""",London
2018-04-19 10:50:00,"b"" #SoldieringOnAwards We're incredibly sad to announce @FionaDolman is unwell and unable to attend tomorrow. However, we're also incredib\xe2\x80\xa6 https://t.co/nkKKebsIgy""",London
2018-04-19 10:33:24,b'RT @SoldierOnAwards: Tomorrow! How is everyone getting to London for the #SoldieringOnAwards? https://t.co/Qi3SLRw383',London
2018-04-19 10:32:15,b'RT @SoldierOnAwards: Tomorrow! How is everyone getting to London for the #SoldieringOnAwards? https://t.co/Qi3SLRw383',London
2018-04-19 10:27:01,b'RT @SoldierOnAwards: Tomorrow! How is everyone getting to London for the #SoldieringOnAwards? https://t.co/Qi3SLRw383',London
2018-04-19 10:25:23,b'RT @SoldierOnAwards: Tomorrow! How is everyone getting to London for the #SoldieringOnAwards? https://t.co/Qi3SLRw383',London
2018-04-19 10:20:58,b'RT @vickimichelle: Just had a call from @TalLambert at #SoldieringOnAwards asking if I can co-host at this year\xe2\x80\x99s awards as #FionaDolman is\xe2\x80\xa6',London
2018-04-19 10:17:43,b'Just had a call from @TalLambert at #SoldieringOnAwards asking if I can co-host at this year\xe2\x80\x99s awards as\xe2\x80\xa6 https://t.co/bingsw9QcE',London
2018-04-19 10:12:09,"b""RT @SoldierOnAwards: We're very excited to open the #SoldieringOnAwards on Friday with the @LdnMilitaryBand https://t.co/mfFHVpVoqJ""",London
2018-04-19 10:10:01,b'Tomorrow! How is everyone getting to London for the #SoldieringOnAwards? https://t.co/Qi3SLRw383',London
2018-04-19 07:55:38,"b""RT @SoldierOnAwards: It's 6 days until the #SoldieringOnAwards hit London! @AndyAllen88 explains why they're so important https://t.co/cRze\xe2\x80\xa6""",London
2018-04-18 21:46:25,b'RT @SoldierOnAwards: We caught up with @TriSteveGB ahead of the #SoldieringOnAwards on Friday https://t.co/fLHVgVTSnC',London
2018-04-18 19:18:09,"b""RT @SoldierOnAwards: We're very excited to open the #SoldieringOnAwards on Friday with the @LdnMilitaryBand https://t.co/mfFHVpVoqJ""",London
2018-04-18 18:21:31,"b""RT @SoldierOnAwards: We're very excited to open the #SoldieringOnAwards on Friday with the @LdnMilitaryBand https://t.co/mfFHVpVoqJ""",London
2018-04-18 17:32:13,b'RT @SoldierOnAwards: We caught up with @TriSteveGB ahead of the #SoldieringOnAwards on Friday https://t.co/fLHVgVTSnC',London
2018-04-18 17:32:03,"b""RT @SoldierOnAwards: We're very excited to open the #SoldieringOnAwards on Friday with the @LdnMilitaryBand https://t.co/mfFHVpVoqJ""",London
2018-04-18 17:27:40,b'RT @SoldierOnAwards: We finally got our invite for Friday! #soldieringonawards https://t.co/uL2kEtmpxI',London
2018-04-18 17:00:32,"b"" #SoldieringOnAwards He's so dedicated he'll leave for a training week just hours after finding out whether he's won at the\xe2\x80\xa6 https://t.co/KAJ2j5jUvy""",London
2018-04-18 16:36:20,b'We finally got our invite for Friday! #soldieringonawards https://t.co/uL2kEtmpxI',London
2018-04-18 16:12:29,b'RT @SoldierOnAwards: We caught up with @TriSteveGB ahead of the #SoldieringOnAwards on Friday https://t.co/fLHVgVTSnC',London
2018-04-18 16:12:12,"b""RT @SoldierOnAwards: We're very excited to open the #SoldieringOnAwards on Friday with the @LdnMilitaryBand https://t.co/mfFHVpVoqJ""",London
2018-04-18 16:11:26,"b""RT @SoldierOnAwards: We're very excited to open the #SoldieringOnAwards on Friday with the @LdnMilitaryBand https://t.co/mfFHVpVoqJ""",London
2018-04-18 15:28:10,"b""RT @SoldierOnAwards: We're very excited to open the #SoldieringOnAwards on Friday with the @LdnMilitaryBand https://t.co/mfFHVpVoqJ""",London
2018-04-18 15:15:57,"b""RT @SoldierOnAwards: We're very excited to open the #SoldieringOnAwards on Friday with the @LdnMilitaryBand https://t.co/mfFHVpVoqJ""",London
2018-04-18 14:25:05,"b""We're very excited to open the #SoldieringOnAwards on Friday with the @LdnMilitaryBand https://t.co/mfFHVpVoqJ""",London
2018-04-18 14:18:20,b'RT @SoldierOnAwards: We caught up with @TriSteveGB ahead of the #SoldieringOnAwards on Friday https://t.co/fLHVgVTSnC',London
2018-04-18 13:47:46,b'RT @SoldierOnAwards: We caught up with @TriSteveGB ahead of the #SoldieringOnAwards on Friday https://t.co/fLHVgVTSnC',London
2018-04-18 13:40:26,b'We caught up with @TriSteveGB ahead of the #SoldieringOnAwards on Friday https://t.co/fLHVgVTSnC',London
2018-04-18 13:25:39,b'RT @SoldierOnAwards: 5 days until we go full #SoldieringOnAwards https://t.co/tK3lDD2z61 https://t.co/scffOgZTNw',London
2018-04-18 11:57:01,"b"" #SoldieringOnAwards RT @hqcombat: We're getting very excited for the @SoldierOnAwards ceremony which takes place next week! Combat Pest Control have been short\xe2\x80\xa6""",London
2018-04-18 09:56:46,"b""RT @SoldierOnAwards: Preparations are fully underway - we can't wait to see you on Friday for the #SoldieringOnAwards https://t.co/zfMf7Xh4\xe2\x80\xa6""",London
2018-04-17 16:11:54,b'RT @SoldierOnAwards: #SoldieringOnAwards - get up to date with the other finalists https://t.co/YYt5d5Z2As https://t.co/ZmMmvlUnFc',London
2018-04-17 15:01:52,"b""RT @SoldierOnAwards: It's 6 days until the #SoldieringOnAwards hit London! @AndyAllen88 explains why they're so important https://t.co/cRze\xe2\x80\xa6""",London
2018-04-17 15:01:23,"b""RT @SoldierOnAwards: It's 6 days until the #SoldieringOnAwards hit London! @AndyAllen88 explains why they're so important https://t.co/cRze\xe2\x80\xa6""",London
2018-04-17 13:30:25,"b"" #SoldieringOnAwards Can't wait to meet Mark from @wingswarriorsuk on Friday! Make sure you're up to date with all our finalists for the\xe2\x80\xa6 https://t.co/xlYT8y4hvj""",London
2018-04-17 12:20:42,b'Only 3 days to go for Neils big night at #SoldieringOnAwards..finalist in the Lifetime Achievement category after 5\xe2\x80\xa6 https://t.co/jvP6qEQ2fG',London
2018-04-17 10:29:09,b'RT @SoldierOnAwards: #SoldieringOnAwards - get up to date with the other finalists https://t.co/YYt5d5Z2As https://t.co/ZmMmvlUnFc',London
2018-04-17 10:05:03,b'#SoldieringOnAwards - get up to date with the other finalists https://t.co/YYt5d5Z2As https://t.co/ZmMmvlUnFc',London
2018-04-17 09:31:10,"b""RT @SoldierOnAwards: Preparations are fully underway - we can't wait to see you on Friday for the #SoldieringOnAwards https://t.co/zfMf7Xh4\xe2\x80\xa6""",London
2018-04-17 07:21:52,b' #SoldieringOnAwards Looking forward to attending the @SoldierOnAwards on 20 Apr as an @OfficialXForces #ambassador. @theJeremyVine &amp;\xe2\x80\xa6 https://t.co/JjYesiy7mU',London
2018-04-17 05:26:47,"b""RT @SoldierOnAwards: Preparations are fully underway - we can't wait to see you on Friday for the #SoldieringOnAwards https://t.co/zfMf7Xh4\xe2\x80\xa6""",London
2018-04-16 23:43:02,"b""RT @SoldierOnAwards: Preparations are fully underway - we can't wait to see you on Friday for the #SoldieringOnAwards https://t.co/zfMf7Xh4\xe2\x80\xa6""",London
2018-04-16 18:49:40,"b""RT @SoldierOnAwards: Preparations are fully underway - we can't wait to see you on Friday for the #SoldieringOnAwards https://t.co/zfMf7Xh4\xe2\x80\xa6""",London
2018-04-16 16:40:01,"b""RT @SoldierOnAwards: It's 6 days until the #SoldieringOnAwards hit London! @AndyAllen88 explains why they're so important https://t.co/cRze\xe2\x80\xa6""",London
2018-04-16 16:25:27,"b""RT @SoldierOnAwards: It's 6 days until the #SoldieringOnAwards hit London! @AndyAllen88 explains why they're so important https://t.co/cRze\xe2\x80\xa6""",London
2018-04-16 14:23:35,"b""RT @SoldierOnAwards: Preparations are fully underway - we can't wait to see you on Friday for the #SoldieringOnAwards https://t.co/zfMf7Xh4\xe2\x80\xa6""",London
2018-04-16 13:07:26,b' #SoldieringOnAwards RT @Military_Mutual: Happy Monday! We\xe2\x80\x99re excited this week to be joining @OfficialXForces at the @SoldierOnAwards! Keep your eyes on our so\xe2\x80\xa6',London
2018-04-16 12:22:56,"b""RT @SoldierOnAwards: Preparations are fully underway - we can't wait to see you on Friday for the #SoldieringOnAwards https://t.co/zfMf7Xh4\xe2\x80\xa6""",London
2018-04-16 12:01:23,"b""RT @SoldierOnAwards: Preparations are fully underway - we can't wait to see you on Friday for the #SoldieringOnAwards https://t.co/zfMf7Xh4\xe2\x80\xa6""",London
2018-04-16 10:52:36,"b""RT @SoldierOnAwards: Preparations are fully underway - we can't wait to see you on Friday for the #SoldieringOnAwards https://t.co/zfMf7Xh4\xe2\x80\xa6""",London
2018-04-16 10:37:16,"b""RT @SoldierOnAwards: Preparations are fully underway - we can't wait to see you on Friday for the #SoldieringOnAwards https://t.co/zfMf7Xh4\xe2\x80\xa6""",London
2018-04-16 09:57:47,"b""RT @SoldierOnAwards: Preparations are fully underway - we can't wait to see you on Friday for the #SoldieringOnAwards https://t.co/zfMf7Xh4\xe2\x80\xa6""",London
2018-04-16 09:50:13,"b""Preparations are fully underway - we can't wait to see you on Friday for the #SoldieringOnAwards https://t.co/zfMf7Xh4an""",London
2018-04-16 09:20:33,b' #SoldieringOnAwards RT @Military_Mutual: Happy Monday! We\xe2\x80\x99re excited this week to be joining @OfficialXForces at the @SoldierOnAwards! Keep your eyes on our so\xe2\x80\xa6',London
2018-04-16 09:17:51,b' #SoldieringOnAwards RT @Military_Mutual: Happy Monday! We\xe2\x80\x99re excited this week to be joining @OfficialXForces at the @SoldierOnAwards! Keep your eyes on our so\xe2\x80\xa6',London
2018-04-16 08:59:16,b' #SoldieringOnAwards RT @Military_Mutual: Happy Monday! We\xe2\x80\x99re excited this week to be joining @OfficialXForces at the @SoldierOnAwards! Keep your eyes on our so\xe2\x80\xa6',London
2018-04-16 08:14:35,b' #SoldieringOnAwards RT @Military_Mutual: Happy Monday! We\xe2\x80\x99re excited this week to be joining @OfficialXForces at the @SoldierOnAwards! Keep your eyes on our so\xe2\x80\xa6',London
2018-04-16 08:03:11,"b""RT @SoldierOnAwards: It's 6 days until the #SoldieringOnAwards hit London! @AndyAllen88 explains why they're so important https://t.co/cRze\xe2\x80\xa6""",London
2018-04-16 07:43:18,b'RT @SoldierOnAwards: 5 days until we go full #SoldieringOnAwards https://t.co/tK3lDD2z61 https://t.co/scffOgZTNw',London
2018-04-16 07:30:32,b'RT @SoldierOnAwards: 5 days until we go full #SoldieringOnAwards https://t.co/tK3lDD2z61 https://t.co/scffOgZTNw',London
2018-04-16 07:19:23,b'RT @SoldierOnAwards: 5 days until we go full #SoldieringOnAwards https://t.co/tK3lDD2z61 https://t.co/scffOgZTNw',London
2018-04-16 07:15:11,b' #SoldieringOnAwards Happy Monday! We\xe2\x80\x99re excited this week to be joining @OfficialXForces at the @SoldierOnAwards! Keep your eyes on our\xe2\x80\xa6 https://t.co/ZI3LxgnPng',London
2018-04-15 18:58:29,b'RT @SoldierOnAwards: 5 days until we go full #SoldieringOnAwards https://t.co/tK3lDD2z61 https://t.co/scffOgZTNw',London
2018-04-15 16:52:28,"b""RT @SoldierOnAwards: It's 6 days until the #SoldieringOnAwards... Who's excited? https://t.co/LWwXYWDjqR""",London
2018-04-15 15:24:19,"b""RT @SoldierOnAwards: It's 6 days until the #SoldieringOnAwards hit London! @AndyAllen88 explains why they're so important https://t.co/cRze\xe2\x80\xa6""",London
2018-04-15 13:14:40,b'RT @SoldierOnAwards: 5 days until we go full #SoldieringOnAwards https://t.co/tK3lDD2z61 https://t.co/scffOgZTNw',London
2018-04-15 12:10:55,"b""RT @SoldierOnAwards: It's 6 days until the #SoldieringOnAwards... Who's excited? https://t.co/LWwXYWDjqR""",London
2018-04-15 11:27:18,b'RT @SoldierOnAwards: 5 days until we go full #SoldieringOnAwards https://t.co/tK3lDD2z61 https://t.co/scffOgZTNw',London
2018-04-15 10:40:12,"b""RT @SoldierOnAwards: It's 6 days until the #SoldieringOnAwards hit London! @AndyAllen88 explains why they're so important https://t.co/cRze\xe2\x80\xa6""",London
2018-04-15 10:00:29,b'5 days until we go full #SoldieringOnAwards https://t.co/tK3lDD2z61 https://t.co/scffOgZTNw',London
2018-04-15 09:15:49,"b""RT @SoldierOnAwards: It's 6 days until the #SoldieringOnAwards... Who's excited? https://t.co/LWwXYWDjqR""",London
2018-04-15 09:15:14,"b""RT @SoldierOnAwards: It's 6 days until the #SoldieringOnAwards... Who's excited? https://t.co/LWwXYWDjqR""",London
2018-04-15 07:54:34,"b""RT @SoldierOnAwards: It's 6 days until the #SoldieringOnAwards hit London! @AndyAllen88 explains why they're so important https://t.co/cRze\xe2\x80\xa6""",London
2018-04-15 05:12:21,"b""RT @SoldierOnAwards: It's 6 days until the #SoldieringOnAwards hit London! @AndyAllen88 explains why they're so important https://t.co/cRze\xe2\x80\xa6""",London
2018-04-15 03:40:18,"b""RT @SoldierOnAwards: It's 6 days until the #SoldieringOnAwards hit London! @AndyAllen88 explains why they're so important https://t.co/cRze\xe2\x80\xa6""",London
2018-04-15 00:04:52,"b""RT @SoldierOnAwards: It's 6 days until the #SoldieringOnAwards hit London! @AndyAllen88 explains why they're so important https://t.co/cRze\xe2\x80\xa6""",London
2018-04-15 00:03:09,"b""RT @SoldierOnAwards: It's 6 days until the #SoldieringOnAwards hit London! @AndyAllen88 explains why they're so important https://t.co/cRze\xe2\x80\xa6""",London
2018-04-14 22:47:19,"b""RT @SoldierOnAwards: It's 6 days until the #SoldieringOnAwards hit London! @AndyAllen88 explains why they're so important https://t.co/cRze\xe2\x80\xa6""",London
2018-04-14 22:08:55,"b""RT @SoldierOnAwards: It's 6 days until the #SoldieringOnAwards hit London! @AndyAllen88 explains why they're so important https://t.co/cRze\xe2\x80\xa6""",London
2018-04-14 21:55:09,"b""RT @SoldierOnAwards: It's 6 days until the #SoldieringOnAwards hit London! @AndyAllen88 explains why they're so important https://t.co/cRze\xe2\x80\xa6""",London
2018-04-14 20:03:56,"b""RT @SoldierOnAwards: It's 6 days until the #SoldieringOnAwards hit London! @AndyAllen88 explains why they're so important https://t.co/cRze\xe2\x80\xa6""",London
2018-04-14 20:00:02,"b""RT @SoldierOnAwards: It's 6 days until the #SoldieringOnAwards hit London! @AndyAllen88 explains why they're so important https://t.co/cRze\xe2\x80\xa6""",London
2018-04-14 19:53:06,"b""RT @SoldierOnAwards: It's 6 days until the #SoldieringOnAwards hit London! @AndyAllen88 explains why they're so important https://t.co/cRze\xe2\x80\xa6""",London
2018-04-14 19:50:38,"b""RT @SoldierOnAwards: It's 6 days until the #SoldieringOnAwards hit London! @AndyAllen88 explains why they're so important https://t.co/cRze\xe2\x80\xa6""",London
2018-04-14 19:32:13,"b""RT @SoldierOnAwards: It's 6 days until the #SoldieringOnAwards hit London! @AndyAllen88 explains why they're so important https://t.co/cRze\xe2\x80\xa6""",London
2018-04-14 19:06:32,b' #SoldieringOnAwards RT @PDTDesign: #TBT to last year when we designed the 2017 awards programme for the Soldiering On Awards. Very proud to be involved again f\xe2\x80\xa6',London
2018-04-14 18:48:19,"b""RT @SoldierOnAwards: It's 6 days until the #SoldieringOnAwards hit London! @AndyAllen88 explains why they're so important https://t.co/cRze\xe2\x80\xa6""",London
2018-04-14 18:40:35,"b""RT @SoldierOnAwards: It's 6 days until the #SoldieringOnAwards hit London! @AndyAllen88 explains why they're so important https://t.co/cRze\xe2\x80\xa6""",London
2018-04-14 18:06:30,"b""RT @SoldierOnAwards: It's 6 days until the #SoldieringOnAwards hit London! @AndyAllen88 explains why they're so important https://t.co/cRze\xe2\x80\xa6""",London
2018-04-14 17:58:57,"b""RT @SoldierOnAwards: It's 6 days until the #SoldieringOnAwards hit London! @AndyAllen88 explains why they're so important https://t.co/cRze\xe2\x80\xa6""",London
2018-04-14 17:55:57,"b""RT @SoldierOnAwards: It's 6 days until the #SoldieringOnAwards hit London! @AndyAllen88 explains why they're so important https://t.co/cRze\xe2\x80\xa6""",London
2018-04-14 17:42:53,"b""RT @SoldierOnAwards: It's 6 days until the #SoldieringOnAwards... Who's excited? https://t.co/LWwXYWDjqR""",London
2018-04-14 17:23:24,"b""RT @SoldierOnAwards: It's 6 days until the #SoldieringOnAwards hit London! @AndyAllen88 explains why they're so important https://t.co/cRze\xe2\x80\xa6""",London
2018-04-14 17:04:47,"b""RT @SoldierOnAwards: It's 6 days until the #SoldieringOnAwards hit London! @AndyAllen88 explains why they're so important https://t.co/cRze\xe2\x80\xa6""",London
2018-04-14 16:59:24,"b""RT @SoldierOnAwards: It's 6 days until the #SoldieringOnAwards... Who's excited? https://t.co/LWwXYWDjqR""",London
2018-04-14 16:58:42,"b""RT @SoldierOnAwards: It's 6 days until the #SoldieringOnAwards... Who's excited? https://t.co/LWwXYWDjqR""",London
2018-04-14 16:37:19,"b""RT @SoldierOnAwards: It's 6 days until the #SoldieringOnAwards hit London! @AndyAllen88 explains why they're so important https://t.co/cRze\xe2\x80\xa6""",London
2018-04-14 16:25:18,"b""RT @SoldierOnAwards: It's 6 days until the #SoldieringOnAwards... Who's excited? https://t.co/LWwXYWDjqR""",London
2018-04-14 16:04:55,"b""RT @SoldierOnAwards: It's 6 days until the #SoldieringOnAwards hit London! @AndyAllen88 explains why they're so important https://t.co/cRze\xe2\x80\xa6""",London
2018-04-14 15:52:41,"b""RT @SoldierOnAwards: It's 6 days until the #SoldieringOnAwards hit London! @AndyAllen88 explains why they're so important https://t.co/cRze\xe2\x80\xa6""",London
2018-04-14 15:07:09,"b""RT @SoldierOnAwards: It's 6 days until the #SoldieringOnAwards hit London! @AndyAllen88 explains why they're so important https://t.co/cRze\xe2\x80\xa6""",London
2018-04-14 15:03:09,"b""RT @SoldierOnAwards: It's 6 days until the #SoldieringOnAwards hit London! @AndyAllen88 explains why they're so important https://t.co/cRze\xe2\x80\xa6""",London
2018-04-14 14:57:13,"b""RT @SoldierOnAwards: It's 6 days until the #SoldieringOnAwards hit London! @AndyAllen88 explains why they're so important https://t.co/cRze\xe2\x80\xa6""",London
2018-04-14 14:49:12,"b""RT @SoldierOnAwards: It's 6 days until the #SoldieringOnAwards hit London! @AndyAllen88 explains why they're so important https://t.co/cRze\xe2\x80\xa6""",London
2018-04-14 14:32:58,"b""RT @SoldierOnAwards: It's 6 days until the #SoldieringOnAwards hit London! @AndyAllen88 explains why they're so important https://t.co/cRze\xe2\x80\xa6""",London
2018-04-14 14:25:07,"b""RT @SoldierOnAwards: It's 6 days until the #SoldieringOnAwards hit London! @AndyAllen88 explains why they're so important https://t.co/cRze\xe2\x80\xa6""",London
2018-04-14 14:17:52,"b""RT @SoldierOnAwards: It's 6 days until the #SoldieringOnAwards hit London! @AndyAllen88 explains why they're so important https://t.co/cRze\xe2\x80\xa6""",London
2018-04-14 14:16:03,"b""RT @SoldierOnAwards: We're incredibly excited to announce @CarlyPaoli will be performing at the #SoldieringOnAwards https://t.co/wxrOpfMogS""",London
2018-04-14 13:15:15,"b""It's 6 days until the #SoldieringOnAwards hit London! @AndyAllen88 explains why they're so important https://t.co/cRzearAcUn""",London
2018-04-14 12:38:31,"b""RT @SoldierOnAwards: It's 6 days until the #SoldieringOnAwards... Who's excited? https://t.co/LWwXYWDjqR""",London
2018-04-14 11:54:33,"b'RT @ali_posts: Signs you\xe2\x80\x99ve got the #FridayFeeling -  4 cups of tea, half a pack of biscuits and tons of amazing #SoldieringOnAwards plans\xe2\x80\xa6'",London
2018-04-14 11:39:49,"b""RT @SoldierOnAwards: It's 6 days until the #SoldieringOnAwards... Who's excited? https://t.co/LWwXYWDjqR""",London
2018-04-14 10:45:40,"b""RT @SoldierOnAwards: It's 6 days until the #SoldieringOnAwards... Who's excited? https://t.co/LWwXYWDjqR""",London
2018-04-14 10:26:54,"b""RT @SoldierOnAwards: It's 6 days until the #SoldieringOnAwards... Who's excited? https://t.co/LWwXYWDjqR""",London
2018-04-14 10:05:02,"b""It's 6 days until the #SoldieringOnAwards... Who's excited? https://t.co/LWwXYWDjqR""",London
2018-04-14 07:32:03,"b""RT @SoldierOnAwards: We're 7 days away from the #SoldieringOnAwards - see you next Friday! https://t.co/xoTVcWrZrz""",London
2018-04-14 06:39:06,"b""RT @SoldierOnAwards: We're 7 days away from the #SoldieringOnAwards - see you next Friday! https://t.co/xoTVcWrZrz""",London
2018-04-14 06:03:18,"b"" #SoldieringOnAwards RT @hqcombat: We're getting very excited for the @SoldierOnAwards ceremony which takes place next week! Combat Pest Control have been short\xe2\x80\xa6""",London
2018-04-13 19:05:24,"b""RT @SoldierOnAwards: We're 7 days away from the #SoldieringOnAwards - see you next Friday! https://t.co/xoTVcWrZrz""",London
2018-04-13 17:56:53,"b""RT @OfficialXForces: RT @soldieronawards: We're 7 days away from the #SoldieringOnAwards - see you next Friday! https://t.co/CcMkfZxCU1""",London
2018-04-13 15:36:26,"b""RT @SoldierOnAwards: We're 7 days away from the #SoldieringOnAwards - see you next Friday! https://t.co/xoTVcWrZrz""",London
2018-04-13 15:27:08,"b""RT @OfficialXForces: RT @soldieronawards: We're 7 days away from the #SoldieringOnAwards - see you next Friday! https://t.co/CcMkfZxCU1""",London
2018-04-13 12:03:05,"b""RT @SoldierOnAwards: We're 7 days away from the #SoldieringOnAwards - see you next Friday! https://t.co/xoTVcWrZrz""",London
2018-04-13 11:45:02,"b'RT @ali_posts: Signs you\xe2\x80\x99ve got the #FridayFeeling -  4 cups of tea, half a pack of biscuits and tons of amazing #SoldieringOnAwards plans\xe2\x80\xa6'",London
2018-04-13 11:44:46,"b' #SoldieringOnAwards Signs you\xe2\x80\x99ve got the #FridayFeeling -  4 cups of tea, half a pack of biscuits and tons of amazing\xe2\x80\xa6 https://t.co/heTDbXn5TS'",London
2018-04-13 11:12:25,"b""RT @OfficialXForces: RT @soldieronawards: We're 7 days away from the #SoldieringOnAwards - see you next Friday! https://t.co/CcMkfZxCU1""",London
2018-04-13 10:30:26,"b""RT @soldieronawards: We're 7 days away from the #SoldieringOnAwards - see you next Friday! https://t.co/CcMkfZxCU1""",London
2018-04-13 10:20:24,"b""RT @SoldierOnAwards: We're 7 days away from the #SoldieringOnAwards - see you next Friday! https://t.co/xoTVcWrZrz""",London
2018-04-13 10:20:01,"b""RT @SoldierOnAwards: We're 7 days away from the #SoldieringOnAwards - see you next Friday! https://t.co/xoTVcWrZrz""",London
2018-04-13 09:08:54,"b""RT @SoldierOnAwards: We're 7 days away from the #SoldieringOnAwards - see you next Friday! https://t.co/xoTVcWrZrz""",London
2018-04-13 08:40:53,"b""RT @SoldierOnAwards: We're 7 days away from the #SoldieringOnAwards - see you next Friday! https://t.co/xoTVcWrZrz""",London
2018-04-13 08:33:05,"b""RT @SoldierOnAwards: We're 7 days away from the #SoldieringOnAwards - see you next Friday! https://t.co/xoTVcWrZrz""",London
2018-04-13 08:13:59,"b""RT @SoldierOnAwards: We're 7 days away from the #SoldieringOnAwards - see you next Friday! https://t.co/xoTVcWrZrz""",London
2018-04-13 08:13:00,"b""We're 7 days away from the #SoldieringOnAwards - see you next Friday! https://t.co/xoTVcWrZrz""",London
2018-04-13 03:16:22,"b""RT @SoldierOnAwards: We're incredibly excited to announce @CarlyPaoli will be performing at the #SoldieringOnAwards https://t.co/wxrOpfMogS""",London
2018-04-12 15:58:24,"b""RT @SoldierOnAwards: We're incredibly excited to announce @CarlyPaoli will be performing at the #SoldieringOnAwards https://t.co/wxrOpfMogS""",London
2018-04-12 14:22:47,b' #SoldieringOnAwards #TBT to last year when we designed the 2017 awards programme for the Soldiering On Awards. Very proud to be involve\xe2\x80\xa6 https://t.co/ONGVAv8pLw',London
2018-04-12 12:21:36,"b""RT @SoldierOnAwards: We're incredibly excited to announce @CarlyPaoli will be performing at the #SoldieringOnAwards https://t.co/wxrOpfMogS""",London
2018-04-12 11:36:08,"b"" #SoldieringOnAwards RT @hqcombat: We're getting very excited for the @SoldierOnAwards ceremony which takes place next week! Combat Pest Control have been short\xe2\x80\xa6""",London
2018-04-12 08:05:29,"b""RT @SoldierOnAwards: We're incredibly excited to announce @CarlyPaoli will be performing at the #SoldieringOnAwards https://t.co/wxrOpfMogS""",London
2018-04-11 19:49:47,"b""RT @SoldierOnAwards: We're incredibly excited to announce @CarlyPaoli will be performing at the #SoldieringOnAwards https://t.co/wxrOpfMogS""",London
2018-04-11 16:53:00,"b""RT @SoldierOnAwards: We're incredibly excited to announce @CarlyPaoli will be performing at the #SoldieringOnAwards https://t.co/wxrOpfMogS""",London
2018-04-11 16:52:51,"b""RT @SoldierOnAwards: We're incredibly excited to announce @CarlyPaoli will be performing at the #SoldieringOnAwards https://t.co/wxrOpfMogS""",London
2018-04-11 13:03:00,"b""RT @SoldierOnAwards: We're incredibly excited to announce @CarlyPaoli will be performing at the #SoldieringOnAwards https://t.co/wxrOpfMogS""",London
2018-04-11 12:54:18,"b""RT @SoldierOnAwards: We're incredibly excited to announce @CarlyPaoli will be performing at the #SoldieringOnAwards https://t.co/wxrOpfMogS""",London
2018-04-11 12:41:04,"b""We're incredibly excited to announce @CarlyPaoli will be performing at the #SoldieringOnAwards https://t.co/wxrOpfMogS""",London
2018-04-10 13:43:18,"b"" #SoldieringOnAwards RT @hqcombat: We're getting very excited for the @SoldierOnAwards ceremony which takes place next week! Combat Pest Control have been short\xe2\x80\xa6""",London
2018-04-10 13:08:24,"b"" #SoldieringOnAwards RT @hqcombat: We're getting very excited for the @SoldierOnAwards ceremony which takes place next week! Combat Pest Control have been short\xe2\x80\xa6""",London
2018-04-10 12:47:17,"b"" #SoldieringOnAwards RT @hqcombat: We're getting very excited for the @SoldierOnAwards ceremony which takes place next week! Combat Pest Control have been short\xe2\x80\xa6""",London
2018-04-10 10:04:55,"b"" #SoldieringOnAwards RT @hqcombat: We're getting very excited for the @SoldierOnAwards ceremony which takes place next week! Combat Pest Control have been short\xe2\x80\xa6""",London
2018-04-10 09:27:48,"b"" #SoldieringOnAwards We're getting very excited for the @SoldierOnAwards ceremony which takes place next week! Combat Pest Control have\xe2\x80\xa6 https://t.co/UO6k6iXK6O""",London
