2018-04-20 20:15:55,b'RT @Beta_Teacher: #thebutton thirty seconds in and I\xe2\x80\x99m switching channels. Gogglebox meets Noel\xe2\x80\x99s frickin House Party.',London
2018-04-20 20:15:26,"b"" #TheButton Is the BBC struggling for original programming? \n\nNot content with screwing up #BBCnews, now they're treating us to\xe2\x80\xa6 https://t.co/aeyoOfuhl3""",London
2018-04-20 20:15:10,b'Really enjoyed #TheButton. The fun heart of Taskmaster but with \xe2\x80\x98real people\xe2\x80\x99 in a nice little half hour.',London
2018-04-20 20:15:03,b'#TheButton #wtf ....seriously ....#wtf ...wifey is actually watching it....',London
2018-04-20 20:15:01,"b""I didn't know what to think but actually I really enjoyed that!! See you next week!!  #bringonthebutton #TheButton @BBCOne""",London
2018-04-20 20:14:51,b'Can I just have Alex Horne in my living room please ..  #thebutton',London
2018-04-20 20:14:34,"b""RT @EggheadNurse: Loved @BBCOne's #TheButton - a fun and fast paced gameshow. #TheButton obviously steals the show. Much better than the tr\xe2\x80\xa6""",London
2018-04-20 20:14:20,"b'.@BBCOne #TheButton No, no and no thank you. \xf0\x9f\x98\x8c'",London
2018-04-20 20:14:19,b'What are the vowels ... Gordon Bennet  #thebutton',London
2018-04-20 20:13:55,b'Little Alex Horne done well #TheButton',London
2018-04-20 20:13:54,"b'I for one thought #TheButton was pretty good. Not quite as good as #Taskmaster, but still a decent watch.'",London
2018-04-20 20:13:51,b'Funny but true!\xf0\x9f\x98\x82\xf0\x9f\x98\x82 #TheButton @charcharward  @Glorza #teamWardMills https://t.co/kocRTAK3eF',London
2018-04-20 20:13:50,"b' #TheButton Great program, totally wrong time slot! Old school ""family entertainment"" that we could have all sat down to watch\xe2\x80\xa6 https://t.co/HieqgLw54l'",London
2018-04-20 20:13:44,b'Ohhhhh made me \xf0\x9f\x98\x81 so much #thebutton \xe2\x99\xa5 the kids alphabet &amp;running up  with toys \xf0\x9f\x98\x81 https://t.co/eAOMDfeRTO',London
2018-04-20 20:12:52,b'Anyone have the number of the fit bloke with his mother lol ..  #thebutton',London
2018-04-20 20:12:34,b' #TheButton RT @robpw2: @Robertneary They have shown an advert every break for the last week for the Johnny Vegas thing ... I can practically quote it\xe2\x80\xa6',London
2018-04-20 20:12:27,"b'@KaiserSkisoI Just search ""#TheButton"" and you\'ll see a split audience.\n\nI\'d say 65/35 in favour of it being a poor\xe2\x80\xa6 https://t.co/e6QdALjTLb'",London
2018-04-20 20:12:06,"b"" #TheButton The Button is the strangest thing I've ever seen, but it's a bit of fun. Some people on here are taking it far too\xe2\x80\xa6 https://t.co/4SZTjHw5bj""",London
2018-04-20 20:11:56,b'A TV channel by one man and his daughter is better then #TheButton on BBC1 @TalkingPicsTV',London
2018-04-20 20:11:53,b'Little Alex Horne!\n#thebutton',London
2018-04-20 20:11:43,"b""RT @EggheadNurse: Loved @BBCOne's #TheButton - a fun and fast paced gameshow. #TheButton obviously steals the show. Much better than the tr\xe2\x80\xa6""",London
2018-04-20 20:11:07,"b""Loved @BBCOne's #TheButton - a fun and fast paced gameshow. #TheButton obviously steals the show. Much better than\xe2\x80\xa6 https://t.co/gOAMociIK8""",London
2018-04-20 20:10:41,b' #TheButton This is another one of those Pilot shows that was  put in the BBC Betamax and accidentally broadcast.  The sooner t\xe2\x80\xa6 https://t.co/5OpD6SjzuX',London
2018-04-20 20:10:26,b'I would be useless at this bounce a ball task  #thebutton',London
2018-04-20 20:10:22,b'#TheButton....Another example of prime time BBC shite masquerading as an entertainment show...we are not 6 year olds https://t.co/AO8rEliPxK',London
2018-04-20 20:09:56,b' #TheButton There was a time when the BBC was globally recognised for consistently producing the highest quality television in\xe2\x80\xa6 https://t.co/bYs5oENE8W',London
2018-04-20 20:09:36,"b""RT @GiNgEr_JaMeS: Really enjoyed #TheButton but 8:30 feels the totally wrong time for it. It's got Saturday 6pm all over it""",London
2018-04-20 20:09:32,b'@bbcPoV @BBCOne No. Dreadful. Leave this purile TV to commercial television! #TheButton',London
2018-04-20 20:09:23,b'Loving  #thebutton - I mean I watched #dontscarethehare and #changemytune so this is really highbrow',London
2018-04-20 20:09:21,b'#thebutton pure genius best thing I\xe2\x80\x99ve watched for years!',London
2018-04-20 20:09:10,b'Bravo @bbcone 3 generations of our family watching #thebutton and loving it.',London
2018-04-20 20:08:45,b'Why watch #thebutton while there\xe2\x80\x99s a wall of paint yearning to be watched?',London
2018-04-20 20:08:41,"b""Really enjoyed #TheButton but 8:30 feels the totally wrong time for it. It's got Saturday 6pm all over it""",London
2018-04-20 20:08:36,"b""Yet @BBCOne have #thebutton \n\n Poorest families 'going without food or power' https://t.co/SSYkFEVzJB""",London
2018-04-20 20:08:08,"b""#TheButton is being trashed by viewers. Remember you all paid for this. That money could've went to buying a decent show on Blu-ray.""",London
2018-04-20 20:08:06,"b'Wonder if @davechannel might be interested in my #TheButton spin off idea? Happy to go 50/50 on it, if it gets comm\xe2\x80\xa6 https://t.co/egnFg7MRit'",London
2018-04-20 20:07:27,"b"" #TheButton Sorry Richard... Looked dire... I don't pay a licence fee for brainless commercial television game shows. \xf0\x9f\x98\x96\xe2\x80\xa6 https://t.co/HaaZJb5f1a""",London
2018-04-20 20:07:26,b'What a show \xf0\x9f\x98\x82 simple yet entertaining  #TheButton',London
2018-04-20 20:07:24,b'They all failed miserably ...  #thebutton',London
2018-04-20 20:07:20,"b'loved it, fun show miles better than generation game was. #TheButton'",London
2018-04-20 20:06:56,"b""Just watched #TheButton and I reckon a Celebrity version would do really well @AlexHorne\nAs Celebs won't want their\xe2\x80\xa6 https://t.co/52MdiwlOlu""",London
2018-04-20 20:06:25,"b""So after watching people sitting on their sofas watching #thebutton ! , I'm going to watch people sitting on their\xe2\x80\xa6 https://t.co/A2pmIOUCnb""",London
2018-04-20 20:06:16,b'#thebutton Had to check several times that I was on BBC1.',London
2018-04-20 20:06:15,b'Car crash tv  #TheButton but we love it. Wrong time slot tho. Have had to record it for the kids to watch \xf0\x9f\xa6\x84',London
2018-04-20 20:06:13,"b'#TheButton . . . A late April Fools Day joke, or early onset armageddon? - you decide.'",London
2018-04-20 20:05:47,"b'#TheButton utter rubbish, why am I paying for such a crap show'",London
2018-04-20 20:05:33,b'@BBCOne Loved watching #thebutton tonight my family would love to be on the show.',London
2018-04-20 20:05:33,"b""surprised to see not many are enjoying #TheButton i think it's great""",London
2018-04-20 20:05:13,b'Just watched #thebutton. https://t.co/CA0FhArdkn',London
2018-04-20 20:05:12,b'#TheButton was very good. It also appears to be an admission from the BBC that they should have commissioned Taskmaster.',London
2018-04-20 20:05:10,b'So many people critical of #thebutton. These are the people taken in every week by Simon Cowell!',London
2018-04-20 20:05:05,"b""Right. That's it. Im gunna stay up all night on twitter telling people why #thebutton is great.""",London
2018-04-20 20:05:05,"b""I've just witnessed the end of a monstrosity called #thebutton.\n\nHow do shows like this make it past the brainstorming stage?""",London
2018-04-20 20:04:59,b'The button is basically Gogglebox mixed with a game show...#thebutton',London
2018-04-20 20:04:56,b'That was actually a lot better than I expected. #thebutton',London
2018-04-20 20:04:51,"b'Not seen #TheButton but I\xe2\x80\x99m gathering from Twitshire, yep... more disposable shite?'",London
2018-04-20 20:04:48,b'So proud \xe2\x98\xba\xef\xb8\x8f #thebutton',London
2018-04-20 20:04:44,b'#TheButton loved it. Fun programme to watch. Mixture of googlebox and taskmaster.',London
2018-04-20 20:04:26,"b""Seems like I'm in the minority that enjoyed #TheButton""",London
2018-04-20 20:04:24,b'Just seen the last 5 mins of #thebutton on #bbc1 - what a pile of shit. https://t.co/dbxPFkwDC9',London
2018-04-20 20:04:11,b'Good to be back in England watching proper tv \xf0\x9f\x98\x9d #TheButton',London
2018-04-20 20:03:58,b'Had to check the kids hadn\xe2\x80\x99t left the tv tuned to CBeebies. #TheButton.',London
2018-04-20 20:03:58,b'Scrolling through Twitter it looks like I\xe2\x80\x99m the only one who enjoyed #TheButton',London
2018-04-20 20:03:56,b'I should add that #thebutton is/was nowhere near as good as #taskmaster',London
2018-04-20 20:03:55,b'Have you got any books ... no #awkward who doesn\xe2\x80\x99t own books  #thebutton',London
2018-04-20 20:03:47,b'#theButton please do to this what you did too the generation game with Mel and Sue.',London
2018-04-20 20:03:45,b'Great to see #TheButton trending and generating lots of chat @BBCOne \nAlex Horne and Avalon who also make BAFTA-nom\xe2\x80\xa6 https://t.co/rlSN9gCtVJ',London
2018-04-20 20:03:44,b'Loving #thebutton how do get my mad house on this @BBC @ApplauseStoreUK #weneedonthis',London
2018-04-20 20:03:39,"b"" #TheButton That was actually good. BBC's best new entertainment show in a long time. Of course it'll flop because of the weath\xe2\x80\xa6 https://t.co/a8WNf0iWaW""",London
2018-04-20 20:03:33,"b""#TheButton well that was a complete waste of 30 minutes of my life. Think I'll press the button with the number 3 on it next week""",London
2018-04-20 20:03:28,b'#TheButton was horrific. But I\xe2\x80\x99m more annoyed than I should be at the Garstons using their teeth to cheat. Teeth ar\xe2\x80\xa6 https://t.co/QXQUso0hef',London
2018-04-20 20:03:24,"b'RT @dirtyozzy: #thebutton male contestants are screwed, they never hit the button \xf0\x9f\x98\x82\xf0\x9f\x98\x82'",London
2018-04-20 20:03:21,b'How bonkers crazy was that nutty programme? #thebutton',London
2018-04-20 20:03:20,b'#TheButton should air on Saturday evenings before Strictly to get higher ratings.\nI like The Button but Friday even\xe2\x80\xa6 https://t.co/4MJaCa3SH9',London
2018-04-20 20:03:19,b'\xe2\x9d\xa4\xef\xb8\x8f #thebutton this evening - it made me laugh \xf0\x9f\x98\x82 but can see twitter is not so sure...',London
2018-04-20 20:03:17,b'With Alex Horne as the voice of #thebutton on @BBCOne did anyone else think it was just #taskmaster without celebrities or Greg?',London
2018-04-20 20:03:17,"b'#TheButton I don\xe2\x80\x99t have a dog, so I\xe2\x80\x99m going to steal one and take it for a walk, well away from this dribble.'",London
2018-04-20 20:03:07,b'#TheButton I actually enjoyed it!',London
2018-04-20 20:03:05,"b""I'm glad that team one. Hope they win again next week. #TheButton""",London
2018-04-20 20:03:02,"b""#thebutton seriously we pay our licences for this ? No wonder we're a thick nation with dribble like this""",London
2018-04-20 20:02:50,"b'Never watched it but,going by the title,guessing it was shit then!! #TheButton'",London
2018-04-20 20:02:50,b'Cannot believe my license money is going on utter drivel like #Thebutton come on @BBCOne you need to do better than this #whataloadofcrap',London
2018-04-20 20:02:49,b'RT @norfldn: What kind of cunt commissions shit like this.  Oh yea some cunt at the bbc with licence payers  money #thebutton',London
2018-04-20 20:02:40,b'RT @CescaFay: Watching the button \n@BBCOne #thebutton https://t.co/5FXisuWBfm',London
2018-04-20 20:02:38,"b""RT @DazBear1969: I'd love #thebutton to be good, but it's shite.""",London
2018-04-20 20:02:34,b'RT @robpw2: It\xe2\x80\x99s like #gogglebox but with kids  #thebutton',London
2018-04-20 20:02:33,b'RT @miketrim77: Wow @BBCOne hits a new low #thebutton',London
2018-04-20 20:02:30,b'That man just sitting their ... lol  #thebutton',London
2018-04-20 20:02:30,b'Cannot believe I pay my Tv licence for shows like #thebutton',London
2018-04-20 20:02:29,"b""I didn't watch #TheButton as I knew it would be shite. Seems like I was right.""",London
2018-04-20 20:02:28,b'#thebutton An example of wanting to be on TV as opposed to why you should be on TV.',London
2018-04-20 20:02:23,b'@bbc #thebutton is the best show ever! Twitter is just about to go into melt down',London
2018-04-20 20:02:19,"b'#thebutton Christ on a bike, that was awful'",London
2018-04-20 20:02:16,"b'Well, after watching five minutes of The Button I can hear that barrel being well and truly scraped. Fuck awful telly. #thebutton'",London
2018-04-20 20:02:15,"b"" #TheButton RT @GillHayward1: With Twitter and the joy of immediate feedback you'd think the BBC would get the message and show a pilot before commissi\xe2\x80\xa6""",London
2018-04-20 20:02:11,b'RT @theredbaron1918: #thebutton @BBC makes topless darts on the titanic and other stuff on livetv look highbrow. Thanks for pissing our lic\xe2\x80\xa6',London
2018-04-20 20:02:11,"b""That was quite good, I'm easily pleased #TheButton""",London
2018-04-20 20:02:09,b'Well that was certainly different but quite enjoyable #TheButton',London
2018-04-20 20:02:08,b'Take the 5k and watch something else next week #TheButton\xf0\x9f\x98\x9c',London
2018-04-20 20:02:02,"b'Simple yet effective!  Life is sometimes too serious, loved it!! #TheButton'",London
2018-04-20 20:02:02,"b'RT @theproperKP: Public broadcasting, definitely not dumbing down TV. @BBC\n\n#thebutton'",London
2018-04-20 20:02:01,b'Is it not enough torture to have  #soundslikefridaynight and now this steaming pile of manure on the same night?! #TheButton',London
2018-04-20 20:02:00,b'RT @hairandglasses: So #thebutton is basically #taskmaster for the public then?',London
2018-04-20 20:01:57,"b""RT @AlfieS12: I actually really enjoyed #TheButton. I don't know what that says about me.""",London
2018-04-20 20:01:57,b'So now we get to go from #thebutton to #Gogglebox \n\nTalk about extremes.',London
2018-04-20 20:01:56,"b'#thebutton male contestants are screwed, they never hit the button \xf0\x9f\x98\x82\xf0\x9f\x98\x82'",London
2018-04-20 20:01:55,b'RT @annamarielouise: I seem to be going against the crowd but I\xe2\x80\x99m loving #TheButton on @BBCOne \xf0\x9f\x98\x81\nAs the most competitive family on the plan\xe2\x80\xa6',London
2018-04-20 20:01:53,b'If you like #thebutton then watch the professionals do it on #taskmaster  on @davechannel with the same @AlexHorne',London
2018-04-20 20:01:52,b'Reminds me of fun house. #TheButton',London
2018-04-20 20:01:51,b'RT @richardosman: New show #TheButton about to start on BBC1 is by the lovely geniuses behind \xe2\x80\x98Taskmaster\xe2\x80\x99. Just in case you\xe2\x80\x99re not nervous\xe2\x80\xa6',London
2018-04-20 20:01:49,"b""RT @oitappin: Well #thebutton was great fun, this is Taskmaster but for families. If you didn't enjoy it, you don't know what decent family\xe2\x80\xa6""",London
2018-04-20 20:01:47,b'RT @sidlondon: #thebutton what a horrible show. #turnover',London
2018-04-20 20:01:44,"b""#thebutton so that is why the #bbc couldn't afford #robotwars""",London
2018-04-20 20:01:44,"b'RT @PulpGrape: Absolute dogshit, gutter, bottom of the barrell television #TheButton'",London
2018-04-20 20:01:40,b'The Butthole #thebutton',London
2018-04-20 20:01:33,b' #TheButton @Robertneary They have shown an advert every break for the last week for the Johnny Vegas thing ... I can practical\xe2\x80\xa6 https://t.co/b2ppxjzulS',London
2018-04-20 20:01:31,b'Absolutely love #TheButton such a cute family show',London
2018-04-20 20:01:30,b'RT @BenPlummer1968: What is this utter shite on tv #thebutton.\nAm now looking at a wall imagining that the paint is drying as it\xe2\x80\x99s more ent\xe2\x80\xa6',London
2018-04-20 20:01:28,b'I\xe2\x80\x99m still not sure what I am watching!! #TheButton https://t.co/KYYBtW6EJL',London
2018-04-20 20:01:27,"b'I\xe2\x80\x99m not gonna lie, I actually enjoyed watching @BBCOne\xe2\x80\x99s #TheButton \xf0\x9f\x98\x82 Challenge Five was especially entertaining \xf0\x9f\x98\x82'",London
2018-04-20 20:01:27,"b""#TheButton I'd rather watch a repeat of changing rooms""",London
2018-04-20 20:01:22,b'Astonishing low brow shit from the blue sky thinkers of media city #TheButton',London
2018-04-20 20:01:17,"b""#TheButton Seriously @BBC I have no words for this.... half hour of my life I'll never get back!""",London
2018-04-20 20:01:16,"b"" #TheButton RT @GillHayward1: With Twitter and the joy of immediate feedback you'd think the BBC would get the message and show a pilot before commissi\xe2\x80\xa6""",London
2018-04-20 20:01:12,b'#TheButton - Utterly dreadful https://t.co/QD6cLkiIo8',London
2018-04-20 20:01:11,"b'I seem to be in the minority, actually quite liked #TheButton \xf0\x9f\x98\x85'",London
2018-04-20 20:01:06,b'Love the family that won #thebutton',London
2018-04-20 20:01:05,b'RT @PetroleumJazz: .@BBCOne #TheButton This is the biggest dross! Which of your otherwise talented employees let this farce through?! Off t\xe2\x80\xa6',London
2018-04-20 20:01:04,b'My new guilty pleasure.\xf0\x9f\x98\x8f #sorrynotsorry #thebutton',London
2018-04-20 20:01:01,b'Really enjoyed watching #thebutton on @BBCOne',London
2018-04-20 20:01:01,"b'Absolute dogshit, gutter, bottom of the barrell television #TheButton'",London
2018-04-20 20:00:56,"b""RT @Oliver_James611: #TheButton reminds me of some children's gameshow you would have had on CITV/CBBC in the mid 90's. https://t.co/Kx9vyF\xe2\x80\xa6""",London
2018-04-20 20:00:52,b'#thebutton what a horrible show. #turnover',London
2018-04-20 20:00:52,b'RT @amydawson125: Smashed #thebutton @BBC in under 4 minutes. Where\xe2\x80\x99s our \xc2\xa31000? https://t.co/j8DbVPlqDK',London
2018-04-20 20:00:50,"b""Well #thebutton was great fun, this is Taskmaster but for families. If you didn't enjoy it, you don't know what dec\xe2\x80\xa6 https://t.co/qsXOau6a1w""",London
2018-04-20 20:00:50,b'New favourite television program the button #bbc #thebutton #funny #lols',London
2018-04-20 20:00:48,"b'I seem to be going against the crowd but I\xe2\x80\x99m loving #TheButton on @BBCOne \xf0\x9f\x98\x81\nAs the most competitive family on the planet, how do we apply? \xf0\x9f\x98\x89'",London
2018-04-20 20:00:48,"b""I actually really enjoyed #TheButton. I don't know what that says about me.""",London
2018-04-20 20:00:44,b'RT @BBCOne: Get ready for a (slightly bonkers) new gameshow where families compete to win BIG money! \xf0\x9f\x98\x80\xf0\x9f\x8e\x89\n\n#TheButton. Starts tonight 8.30pm.\xe2\x80\xa6',London
2018-04-20 20:00:40,"b"" #TheButton Someone just pointed out I'm at risk of missing #haveigotnewsforyou #hignfy so I ended up having to switch the chan\xe2\x80\xa6 https://t.co/j0CRaoi7CD""",London
2018-04-20 20:00:39,b'So #thebutton is basically #taskmaster for the public then?',London
2018-04-20 20:00:38,"b'Public broadcasting, definitely not dumbing down TV. @BBC\n\n#thebutton'",London
2018-04-20 20:00:27,b'.@BBCOne #TheButton This is the biggest dross! Which of your otherwise talented employees let this farce through?!\xe2\x80\xa6 https://t.co/OrWAoSfnlc',London
2018-04-20 20:00:26,b'Oh well at least the Halls didn\xe2\x80\x99t win #thebutton',London
2018-04-20 20:00:22,"b"" #TheButton With Twitter and the joy of immediate feedback you'd think the BBC would get the message and show a pilot before co\xe2\x80\xa6 https://t.co/p4zu0KCjMJ""",London
2018-04-20 20:00:16,b'Why\xe2\x80\x99s the son got his feet on the sofa - his mum should smack his legs  #thebutton',London
2018-04-20 20:00:13,b'#thebutton @BBC makes topless darts on the titanic and other stuff on livetv look highbrow. Thanks for pissing our\xe2\x80\xa6 https://t.co/vInX1FVxVk',London
2018-04-20 20:00:13,b'What is this utter shite on tv #thebutton.\nAm now looking at a wall imagining that the paint is drying as it\xe2\x80\x99s more\xe2\x80\xa6 https://t.co/SU4SpxuRrn',London
2018-04-20 20:00:10,b'RT @richardosman: New show #TheButton about to start on BBC1 is by the lovely geniuses behind \xe2\x80\x98Taskmaster\xe2\x80\x99. Just in case you\xe2\x80\x99re not nervous\xe2\x80\xa6',London
2018-04-20 20:00:01,b'Chuckle #TheButton',London
2018-04-20 20:00:00,b'Seriously!?! #thebutton',London
2018-04-20 19:59:58,b'Funny how the BBC keeps pushing this show #TheButton all week but Johnny Vegas new comedy gets no mention except on\xe2\x80\xa6 https://t.co/J9O88xJUXq',London
2018-04-20 19:59:53,b' #TheButton Ive worked all week and settled in front of the tv to be entertained  having always payed my tv licence fee to find\xe2\x80\xa6 https://t.co/kUlgChXF5y',London
2018-04-20 19:59:40,b'Wow @BBCOne hits a new low #thebutton',London
2018-04-20 19:59:28,b'It\xe2\x80\x99s like #gogglebox but with kids  #thebutton',London
2018-04-20 19:59:26,"b""I'd love #thebutton to be good, but it's shite.""",London
2018-04-20 19:59:24,b'BBC #thebutton.... Wtf?',London
2018-04-20 19:59:22,b'Watching the button \n@BBCOne #thebutton https://t.co/5FXisuWBfm',London
2018-04-20 19:59:20,"b'#BBC #thebutton is painful, awful, low-brow TV. The Button itself sounds like Dan Hannan and the show is like a laz\xe2\x80\xa6 https://t.co/eTIjkHGoy0'",London
2018-04-20 19:59:18,b'Just when i thought my mrs couldnt find anymore shi#e to watch on tv she comes up with this gem #TheButton',London
2018-04-20 19:59:09,b'#theButton crying laughing at this last task',London
2018-04-20 19:59:08,"b""Even if he doesn't win any money, Joel is happy with a load of free inflatables. #theButton""",London
2018-04-20 19:59:04,b'Has some YTS trainee at the BBC thought this game shop up? #TheButton',London
2018-04-20 19:58:59,b'Something wrong with my TV. A programme called #TheButton on @ITV2 is being broadcast on @BBCOne...',London
2018-04-20 19:58:58,b'I am unsure why but this is brilliant #TheButton',London
2018-04-20 19:58:55,b'Getting that inflatable ball into the house #TheButton https://t.co/zD2sMaPnNu',London
2018-04-20 19:58:47,b'Has someone spiked my lemonade? Wtf am I watching? #thebutton',London
2018-04-20 19:58:38,b'Absolutely loving #thebutton @BBCOne #uttergenius',London
2018-04-20 19:58:33,b'I\xe2\x80\x99m going to guess @BBCOne #TheButton won\xe2\x80\x99t be getting a second series.',London
2018-04-20 19:58:33,"b'#TheButton on BBC1? Yeah, that\xe2\x80\x99s what I\xe2\x80\x99m reaching for to turn this shite off...!'",London
2018-04-20 19:58:27,"b""Don't know why people are moaning about this show, it's good family entertainment \n\n#thebutton #bbcthebutton""",London
2018-04-20 19:58:19,b'This show #TheButton is mental \n\nBut strangely entertaining',London
2018-04-20 19:58:14,b'#TheButton on Bbc1 has been a great Friday night watch \xf0\x9f\x98\x82\xf0\x9f\x98\x82\xf0\x9f\x98\x82',London
2018-04-20 19:58:10,"b'The new show from @AlexHorne and the @taskmaster team, #TheButton, is adorable.'",London
2018-04-20 19:58:06,b'What is this horrendous shite #TheButton',London
2018-04-20 19:58:02,b'Dear @BBC \n\nPlease replace The Generation Game with #TheButton . This deserves prime time viewers. Top stuff.\n\nWell done @AlexHorne',London
2018-04-20 19:57:58,b'Actually not as bad as I thought it was going to be. Very fun. @BBCOne #TheButton',London
2018-04-20 19:57:54,b'#thebutton @BBCOne TV? Really? Who commissions this crap?',London
2018-04-20 19:57:54,b'#thebutton is great!!',London
2018-04-20 19:57:45,b'Loving #thebutton Mums just told me we would have won as we have 25 forks and I\xe2\x80\x99m just concerned that she knows this fact!',London
2018-04-20 19:57:39,b'BizPaul on TV:  #thebutton is getting lots of stick on here but my kids are wetting themselves \xf0\x9f\x98\x82\xf0\x9f\x98\x82\xf0\x9f\x98\x82',London
2018-04-20 19:57:38,"b'This would be lowbrow even on channel 5.  What happened to you, BBC? #thebutton'",London
2018-04-20 19:57:36,"b""Can't decide whether #thebutton is great or damn weird.""",London
2018-04-20 19:57:16,"b""#thebutton Someone shoot me now,  I'm actually laughing (I need a life) \xf0\x9f\x98\x82""",London
2018-04-20 19:57:15,b'#bbc #thebutton what the hell?!?! Xx',London
2018-04-20 19:57:08,"b""Just watching #thebutton on @BBC1. Is this the best they've got to offer on a Friday night? Absolute rubbish!!""",London
2018-04-20 19:57:07,b'This new #TheButton show is like a #Gogglebox gameshow.',London
2018-04-20 19:57:05,b'New guilty pleasure #thebutton with little Alex Horne #taskmaster',London
2018-04-20 19:57:01,b'Smash the shit out of your house for Money yes its #TheButton @BBCOne @bbcPoV',London
2018-04-20 19:56:57,b'#thebutton what a program proper tv on a Friday night',London
2018-04-20 19:56:53,b'Simple format for simple folk. #TheButton is absolute tosh.',London
2018-04-20 19:56:51,"b""And now they're recreating The Prisoner. #thebutton""",London
2018-04-20 19:56:49,"b'RT @TheMillBot: #thebutton on bbc one smells of partridge desperately merging formats in a pitching lunch with the bbc commissioner, moment\xe2\x80\xa6'",London
2018-04-20 19:56:44,b'Presumably fire has been banned because at least one family would have burned their house down. #theButton',London
2018-04-20 19:56:44,b'#theButton loving it... Well done auntie beeb',London
2018-04-20 19:56:38,"b""Just when you thought BBC light-entertainment couldn't descend any further into the depths of crapness.\n#TheButton""",London
2018-04-20 19:56:37,b'#TheButton - what happens when a @BBCOne commissioning editor watches Gogglebox and Taskmaster on the same evening.',London
2018-04-20 19:56:36,b'Lovingggg @BBCOne\xe2\x80\x99s #TheButton \n#Gogglebox But With Activities! \n\xf0\x9f\x8e\x89\xf0\x9f\x99\x8c\xf0\x9f\x8f\xbc\xf0\x9f\x92\xaa\xf0\x9f\x8f\xbc x',London
2018-04-20 19:56:35,b'Both kids loving #TheButton #BBC',London
2018-04-20 19:56:33,b'omg #TheButton is great telly.',London
2018-04-20 19:56:30,b'How do I apply to be on #thebutton @bbc ?',London
2018-04-20 19:56:29,"b""Whoever created #thebutton is an absolute stone wall genius. It's brilliant telly.""",London
2018-04-20 19:56:23,"b""I'm almost ashamed to say that I'm really enjoying #TheButton on @BBCOne""",London
2018-04-20 19:56:22,b'Loving #TheButton on @BBCOne \xf0\x9f\x98\x82 how do I apply for this?! \xf0\x9f\x98\x86',London
2018-04-20 19:56:22,b'#thebutton Lord Reith where are you?',London
2018-04-20 19:56:19,b'#TheButton.....walked in on this cobblers. License payers money!!!!!!!',London
2018-04-20 19:56:18,b'Last tasks seems to depend on which family cares the least about breaking all their stuff. #theButton',London
2018-04-20 19:56:08,b'Crying with laughter at the inflatables. This is amazing. #TheButton',London
2018-04-20 19:56:07,b'Surely it\xe2\x80\x99s about midnight by now? I\xe2\x80\x99d have buggered off to bed.   #thebutton',London
2018-04-20 19:56:06,"b""Jeeze think I would even watch The New Generation Game and that's saying something because that's utter Shite #thebutton""",London
2018-04-20 19:56:05,b'People on here saying #TheButton is like gogglebox. No it\xe2\x80\x99s not. They\xe2\x80\x99re not watching any TV for starters in fact i\xe2\x80\xa6 https://t.co/RNQKm3cNT0',London
2018-04-20 19:55:56,"b""BBC finally scrape the bottom of the barrel with #thebutton. It's so bad it won't be rerun on satellite channels at 2 in the morning.""",London
2018-04-20 19:55:51,b'This last task is pure #Taskmaster #theButton',London
2018-04-20 19:55:46,"b""I can't decide if this is shit or quite good #thebutton""",London
2018-04-20 19:55:33,b'#thebutton on bbc one smells of partridge desperately merging formats in a pitching lunch with the bbc commissioner\xe2\x80\xa6 https://t.co/OQs1zv5odJ',London
2018-04-20 19:55:30,"b""Screw this I'm off to watch the real @C4Gogglebox #Gogglebox #thebutton https://t.co/ZYBkhbEWaS""",London
2018-04-20 19:55:16,b'RT @amydawson125: Smashed #thebutton @BBC in under 4 minutes. Where\xe2\x80\x99s our \xc2\xa31000? https://t.co/j8DbVPlqDK',London
2018-04-20 19:55:16,b'RT @richardosman: New show #TheButton about to start on BBC1 is by the lovely geniuses behind \xe2\x80\x98Taskmaster\xe2\x80\x99. Just in case you\xe2\x80\x99re not nervous\xe2\x80\xa6',London
2018-04-20 19:55:09,b'#TheButton how the heck are they tired...they have been sat around all day waiting for this blinking button',London
2018-04-20 19:55:07,b'Bearded daddy Hall though #TheButton',London
2018-04-20 19:55:05,"b' #TheButton @ElspethOakley I see it as a satire of game shows which all, fundamentally, hand out money for doing essentially po\xe2\x80\xa6 https://t.co/Fk677xVlSy'",London
2018-04-20 19:54:52,b'#BBC #thebutton my god they have reached the absolute bottom of the barrel with this pathetic peak viewing offering #completetripe',London
2018-04-20 19:54:34,"b""That's a lot of forking forks for fork sake..Fucking shit programme #thebutton""",London
2018-04-20 19:54:31,b'#thebutton what a load of crap.',London
2018-04-20 19:54:27,b'this is actually kinda good @bbcone #thebutton',London
2018-04-20 19:54:26,b'\xf0\x9f\x98\x82 bad but in a good way #thebutton',London
2018-04-20 19:54:24,"b""I'm too lazy to bother to find anything else to watch #thebutton https://t.co/jWjFjEtRkZ""",London
2018-04-20 19:54:22,b'This is weird stuff for a Friday night #thebutton',London
2018-04-20 19:54:21,b'What in the name of holy fuck is this about? #thebutton',London
2018-04-20 19:54:16,b'WTF #TheButton ?! @BBCOne I have never considered not having a tv until now - how to speed up the decline of the hu\xe2\x80\xa6 https://t.co/13Q3Tb2hHb',London
2018-04-20 19:54:15,"b""What a forkin' waste of time #TheButton is!""",London
2018-04-20 19:54:03,b'- #TheButton - actually starting to think that this show is a cross between #Gogglebox and that Neil Buchanan kids\xe2\x80\xa6 https://t.co/5sWRtPMZU2',London
2018-04-20 19:54:01,b'I like #TheButton. Good fun.',London
2018-04-20 19:53:59,b'60 Forks \xf0\x9f\x98\x82\xf0\x9f\x98\x82\xf0\x9f\x98\x82#TheButton',London
2018-04-20 19:53:49,"b'#TheButton I have no idea why I am still watching but as a veteran winner of a TV Show, #beatmybuild, I find it rat\xe2\x80\xa6 https://t.co/DvJsIBYRcu'",London
2018-04-20 19:53:46,b'What fresh Hell is this? #TheButton',London
2018-04-20 19:53:39,"b'I just tuned into #TheButton thinking it would be utter trash. It\'s actually hilarious. ""Where have they got 60 forks from?!""'",London
2018-04-20 19:53:32,"b'Well you might not win any money, but you will have a lot of cutlery. #theButton'",London
2018-04-20 19:53:24,"b""That's a forking lot #thebutton""",London
2018-04-20 19:53:22,b'@BBCOne #thebutton i can say the alphabet backwards skipping the vowels in 13 seconds where is my money?',London
2018-04-20 19:53:09,"b'If I was being sceptical, I\xe2\x80\x99d claim that #TheButton is just a mirror of capitalist society: forcing families to do\xe2\x80\xa6 https://t.co/oadHRoP04n'",London
2018-04-20 19:53:02,b'The only reason people have this on is they\xe2\x80\x99re waiting for #HIGNFY to start. #TheButton',London
2018-04-20 19:53:01,b'The most forks. Wells there\xe2\x80\x99s none given here  #thebutton',London
2018-04-20 19:52:53,b'Is Alex Horne the voice of the button? #TheButton',London
2018-04-20 19:52:34,b'Pretty sure that #TheButton on @BBCOne has been produced to specifically be a gateway drug to #Taskmaster on @davechannel',London
2018-04-20 19:52:29,b'Whatever is this shite ?  #thebutton',London
2018-04-20 19:52:27,"b""#TheButton is not a bad idea but probably better for CBeebies or Sat/Sun afternoon. It's too much alongside\xe2\x80\xa6 https://t.co/mdWg0E0WMo""",London
2018-04-20 19:52:10,"b' #TheButton RT @cian_lancaster: Shows like this make me think the future of entertainment is people putting go pros in their houses, then posting their\xe2\x80\xa6'",London
2018-04-20 19:51:52,b'Ah come on @BBCOne you can\xe2\x80\x99t be serious?! #thebutton what a lot of rubbish!',London
2018-04-20 19:51:48,b'I need to drink much more #TheButton',London
2018-04-20 19:51:44,"b""#TheButton is absolutely hilarious! This is so daft and silly that it's good fun""",London
2018-04-20 19:51:37,b'Watching #thebutton with the kids who are laughing loads... Simple good old fashioned family TV.  Nicely done @BBCOne',London
2018-04-20 19:51:30,"b""I'm going to stick my neck on the line &amp; say that #thebutton for me personally is easily the best/most promising ne\xe2\x80\xa6 https://t.co/s45MM37hEv""",London
2018-04-20 19:51:28,"b"" #TheButton RT @Hum_Con: Not a good idea to leave Dad Marchant alone with the Button given that he, apparently, can't tell the difference between red a\xe2\x80\xa6""",London
2018-04-20 19:51:16,b'#thebutton complete and utter rubbish',London
2018-04-20 19:51:16,b'The welsh family on  #TheButton \xf0\x9f\x98\x82\xf0\x9f\xa4\xa6\xf0\x9f\x8f\xbb\xe2\x80\x8d\xe2\x99\x80\xef\xb8\x8f',London
2018-04-20 19:51:10,"b' #TheButton ""And now a message from our glorious leader"".\n\n""Consume... Consume... Consume...""\n\n""That concludes the message from\xe2\x80\xa6 https://t.co/HUOZI5IXhw'",London
2018-04-20 19:51:09,b'#TheButton has made me realise how good @gdavies is and how much i hate the general public.',London
2018-04-20 19:51:08,b'#thebutton Yep.  I pressed the button.  I switched channels. https://t.co/vgQjSvEreh',London
2018-04-20 19:51:07,"b""#thebutton We haven't failed them, we've just not won. Duh""",London
2018-04-20 19:51:07,b'@RomeshRanga Enjoying the BBC1 version of taskmaster? #thebutton',London
2018-04-20 19:51:06,b'The marchants bringing out the big guns now. Grandma Olwyn. #TheButton https://t.co/Q6IEYNbp4E',London
2018-04-20 19:50:54,b'Quite enjoying this new program! #thebutton',London
2018-04-20 19:50:54,"b""Jesus this new gameshow on  @BBCOne #TheButton is bloody awful lol, first and last time I'll be watching this shit""",London
2018-04-20 19:50:41,"b""#TheButton reminds me of some children's gameshow you would have had on CITV/CBBC in the mid 90's. https://t.co/Kx9vyFWf6R""",London
2018-04-20 19:50:29,"b'#TheButton is ok, basically Taskmater for kids. Probably won\xe2\x80\x99t bother with it again, but can definitely see its market'",London
2018-04-20 19:50:20,"b""#TheButton is strangely compelling. I couldn't do the alphabet backwards without vowels""",London
2018-04-20 19:50:15,b'All the families should be same size. 2 people against 5 or 6 is unfair. #TheButton',London
2018-04-20 19:50:12,b'@amydawson125 @BBC But did it stay up for 10 seconds? #theButton',London
2018-04-20 19:50:10,b'Is #thebutton sponsored by Andrex?',London
2018-04-20 19:50:10,"b""I can't even say it forwards #thebutton""",London
2018-04-20 19:50:04,b'#TheButton is adorable and fun and play-along-at-home and I love everything about it. Been smiling throughout \xf0\x9f\x98\x84',London
2018-04-20 19:49:56,b'Watching #thebutton and feeling competitive! This could be as addictive as Pointless for us! \xf0\x9f\xa4\xa3',London
2018-04-20 19:49:53,b'RT @amydawson125: Smashed #thebutton @BBC in under 4 minutes. Where\xe2\x80\x99s our \xc2\xa31000? https://t.co/j8DbVPlqDK',London
2018-04-20 19:49:44,"b'#DoodleBugs, #ReadyOrNot, #TheButton. This is what happens when you try to turn @BBCOne into a 1980s version of ITV.'",London
2018-04-20 19:49:42,"b'@BBC @BBCOne I remember when the bbc was a name that you associated with quality programming, not anymore, what happened @bbc ? #thebutton'",London
2018-04-20 19:49:38,"b'@magical_rose_ Insult to the #CBeebies channel, Postman Pat is more grown up #TheButton'",London
2018-04-20 19:49:28,b'Going by some reaction on Twitter it\xe2\x80\x99s not for everyone but #TheButton and its mix in style of Gogglebox and Taskmaster is oddly captivating',London
2018-04-20 19:49:20,b'Enjoying watching #TheButton anything with @AlexHorne involved is a guaranteed winner in my book',London
2018-04-20 19:49:19,"b'Funny how the Ward/Mills can recite the alphabet backwards in 19 seconds but, apparently, have no books in their house. #theButton'",London
2018-04-20 19:49:09,b'I really want to like #TheButton  it\xe2\x80\x99s a great idea but being a non studio game show lacks the tension drama jeopardy and glitz',London
2018-04-20 19:48:54,b'Best Grumio impression ever from the Marchants dad there \xf0\x9f\x98\x82 #plebs #thebutton',London
2018-04-20 19:48:41,"b""Can't watch #thebutton as my dog is scared of 'dings' \xf0\x9f\x9b\x8e\xf0\x9f\x9b\x8e\xf0\x9f\x9b\x8e\xf0\x9f\x9b\x8e""",London
2018-04-20 19:48:41,"b' #TheButton ""Congratulations on pushing the button!""\n\n""Your claim for disability living allowance will now be terminated"".\xe2\x80\xa6 https://t.co/WEwErVbieI'",London
2018-04-20 19:48:29,b'#TheButton No expense spent.',London
2018-04-20 19:48:13,b' #TheButton Nice to see @BBCOne blatantly throwing away the  license fee yet again with their new and utterly dreadful\xe2\x80\xa6 https://t.co/Wn97L7m8fZ',London
2018-04-20 19:48:10,"b'Right BBC, #TheButton is possibly the worst TV show I have ever seen, sort it out!'",London
2018-04-20 19:48:10,"b'RT @Hum_Con: ""You may not use any electornic equipment."" But you could write it down on a piece of paper. #theButton'",London
2018-04-20 19:48:07,b'RT @springer4321: Am I the only one switching off whilst watching #thebutton',London
2018-04-20 19:48:07,b'Smashed #thebutton @BBC in under 4 minutes. Where\xe2\x80\x99s our \xc2\xa31000? https://t.co/j8DbVPlqDK',London
2018-04-20 19:48:06,b'@bbcPoV @BBCOne Not when @TheRFL Super League is on @SkySports Why watch crap when you can watch live sport? #thebutton',London
2018-04-20 19:48:04,"b""This #TheButton show isn't terrible. It's just like #GoogleBox without any jokes.""",London
2018-04-20 19:48:03,b'RT @rachelbeaver: When you really shouldn\xe2\x80\x99t like a programme but you can\xe2\x80\x99t turn it off \xf0\x9f\xa4\xa6\xf0\x9f\x8f\xbc\xe2\x80\x8d\xe2\x99\x80\xef\xb8\x8f\xf0\x9f\x98\x82\xf0\x9f\xa4\xa6\xf0\x9f\x8f\xbc\xe2\x80\x8d\xe2\x99\x80\xef\xb8\x8f\xf0\x9f\x98\x82 #thebutton #familychallenges',London
2018-04-20 19:48:00,"b""RT @cigarboyrick82: Anyone who's seen Batman Forever know's that the BBC's '#TheButton' show is a trap! https://t.co/b3H325CymM""",London
2018-04-20 19:47:58,b'sorry but i think this new show is on the wrong channel and the wrong time .....more suited to #cbeebies #thebutton',London
2018-04-20 19:47:55,"b""RT @britnic: When you're stuck on the bed breastfeeding a baby and you can't turn #theButton off cos the remote is AWOL. https://t.co/dFNrw\xe2\x80\xa6""",London
2018-04-20 19:47:53,b'I actually quite like #thebutton. I have an American exchange student with me and at least I haven\xe2\x80\x99t got to explain it to her!',London
2018-04-20 19:47:51,b'RT @SurreyTony: The only button to look at is the one on the remote to change channels. #TheButton',London
2018-04-20 19:47:47,b'The worst thing about this programme on @BBC #TheButton is when you remember we\xe2\x80\x99re paying for this shite.....',London
2018-04-20 19:47:46,b'Can\xe2\x80\x99t bear anymore of #thebutton  @BBCOne have had to find something else to watch #justsaying',London
2018-04-20 19:47:41,b'#TheButton Ok seen enough  changing channel  this is utter trash    BBC you really are scraping the bottom of the b\xe2\x80\xa6 https://t.co/1WhPkA1hrD',London
2018-04-20 19:47:40,b' #TheButton RT @KerronCross: The Button - essentially Taskmaster meets Gogglebox meets an 80s game show. Best thing about it is the sarcastic voice of\xe2\x80\xa6',London
2018-04-20 19:47:38,b'@bbc is this the best you can do on a Friday evening? I was hoping to stay out the pub but 10 mins of #TheButton has pushed me over the edge',London
2018-04-20 19:47:29,"b'- #TheButton - @Aiannucci - has Alan Partridge returned to the BBC recently?\n\n""I\'ve got an idea for a TV series, wh\xe2\x80\xa6 https://t.co/LVs9Q4hCyR'",London
2018-04-20 19:47:27,b'What a pile of Shite \xf0\x9f\x98\x80 #thebutton https://t.co/8FDiyqaG3p',London
2018-04-20 19:47:20,"b' #TheButton Shows like this make me think the future of entertainment is people putting go pros in their houses, then posting t\xe2\x80\xa6 https://t.co/bQeLFnE58k'",London
2018-04-20 19:47:10,"b""Oh dear, #thebutton is utterly rubbish. It's almost on a par with Mary Berry's Country House Secrets. Sack the commissioner of these shows!""",London
2018-04-20 19:47:04,b' #TheButton The Button - essentially Taskmaster meets Gogglebox meets an 80s game show. Best thing about it is the sarcastic vo\xe2\x80\xa6 https://t.co/avQV4SVISw',London
2018-04-20 19:46:57,b'#thebutton NO NOT FAIR the Halls family u should of won that (rules did not state that) \xf0\x9f\x98\x81 \xe2\x98\xba @BBCOne \nGREAT!!! SHOW \xf0\x9f\x91\x8d',London
2018-04-20 19:46:43,"b""Anyone slagging off #thebutton clearly hasn't seen #idontlikemondays""",London
2018-04-20 19:46:32,b'The only button to look at is the one on the remote to change channels. #TheButton',London
2018-04-20 19:46:25,"b'This show must be a ploy to save the pub trade all over the country, genius #thebutton'",London
2018-04-20 19:46:11,"b""When you're stuck on the bed breastfeeding a baby and you can't turn #theButton off cos the remote is AWOL. https://t.co/dFNrw233YI""",London
2018-04-20 19:46:02,"b""Anyone who's seen Batman Forever know's that the BBC's '#TheButton' show is a trap! https://t.co/b3H325CymM""",London
2018-04-20 19:45:59,b'When you really shouldn\xe2\x80\x99t like a programme but you can\xe2\x80\x99t turn it off \xf0\x9f\xa4\xa6\xf0\x9f\x8f\xbc\xe2\x80\x8d\xe2\x99\x80\xef\xb8\x8f\xf0\x9f\x98\x82\xf0\x9f\xa4\xa6\xf0\x9f\x8f\xbc\xe2\x80\x8d\xe2\x99\x80\xef\xb8\x8f\xf0\x9f\x98\x82 #thebutton #familychallenges',London
2018-04-20 19:45:49,b'Am I the only one switching off whilst watching #thebutton',London
2018-04-20 19:45:48,b'Just fucking write it down! \xf0\x9f\x98\xb3\xf0\x9f\x98\xb3\xf0\x9f\x98\xb3 #thebutton',London
2018-04-20 19:45:37,"b'""You may not use any electornic equipment."" But you could write it down on a piece of paper. #theButton'",London
2018-04-20 19:45:08,b'@bbcPoV @BBCOne It\xe2\x80\x99s awful sadly. Worst since Don\xe2\x80\x99t Scare the Hare. Have used #TheButton to turn it off.',London
2018-04-20 19:45:04,"b'Really, what has Friday night TV come to?! #TheButton @BBCOne https://t.co/ug9yBLIib4'",London
2018-04-20 19:45:04,b'@BBC @BBCOne Loving this show!!!!!! #thebutton',London
2018-04-20 19:45:02,b'This is Class #thebutton',London
2018-04-20 19:44:54,b' #TheButton Who\xe2\x80\x99s bright idea was this shite. They\xe2\x80\x99re   the type of people in the audience for Saturday Night Takeaway. Extrove\xe2\x80\xa6 https://t.co/1tPuPg2Qft',London
2018-04-20 19:44:53,"b'""Dad, are you keeping an eye on?"" Kids have realised they can\'t trust Dad. #theButton'",London
2018-04-20 19:44:45,b'These new Gogglebox families are rubbish #TheButton',London
2018-04-20 19:44:40,b'The Halls are starting to annoy now. #TheButton',London
2018-04-20 19:44:29,b'Do the @BBC think that #thebutton is Friday night entertainment? How standards have fallen.',London
2018-04-20 19:44:23,"b""BBC's #TheButton is exactly how 1984's Big Brother would control people these days.""",London
2018-04-20 19:44:21,b'Oh look... Welsh people singing.... #TheButton',London
2018-04-20 19:44:16,b'RT @BLAKE_CLARIDGE: congratulations @BBC for excelling yourselves with #TheButton',London
2018-04-20 19:44:14,b'@AlexHorne loving the #thebutton \xf0\x9f\x91\x8c\xf0\x9f\x8f\xbc',London
2018-04-20 19:44:13,b'#thebutton quality for a Friday night!!! Very funny!',London
2018-04-20 19:44:12,"b'RT @RobmDyson: If #TheButton was on ITV, it could be sponsored by @Dominos_UK &amp; have incidental music from @hornesection &lt; these are the mi\xe2\x80\xa6'",London
2018-04-20 19:44:09,b'RT @swilliams73: First of a brand new series. And the last #thebutton https://t.co/HjwHN0u9Dx',London
2018-04-20 19:44:05,b'RT @spinkinks: #thebutton is brilliant. I knew it would be because of @AlexHorne reasons.',London
2018-04-20 19:44:00,"b""So BBC One's #TheButton is basically just a watered down version of Taskmaster, with families instead of celebritie\xe2\x80\xa6 https://t.co/VqCUias4kF""",London
2018-04-20 19:43:56,b'#thebutton What am I watching?! https://t.co/hGpqZmlvWw',London
2018-04-20 19:43:54,b'RT @TV_Mark2015: #TheButton I have a feeling that the #BBC gave all of those front rooms a free makeover before airing. They all look rathe\xe2\x80\xa6',London
2018-04-20 19:43:53,"b'#TheButton how do the bbc keep doing it,one appalling show after another,this looks the worst so far.'",London
2018-04-20 19:43:52,b'@BBCOne this new show called #thebutton is absolutely appealing. #wtf #bbcone \xf0\x9f\xa4\xa2 https://t.co/wAJARpPcQv',London
2018-04-20 19:43:48,b'RT @faye_derek: Noel\xe2\x80\x99s house party used to get on my nerves and I won\xe2\x80\x99t allow #TheButton to do the same.',London
2018-04-20 19:43:47,b'It\xe2\x80\x99s not Taskmaster is it though...I mean really. #thebutton',London
2018-04-20 19:43:46,b'Don\xe2\x80\x99t Scare the Hare - \xe2\x80\x9cI am still the worst game show to have aired on the BBC\xe2\x80\x9d\n\n#TheButton - \xe2\x80\x9cHold my drink\xe2\x80\x9d https://t.co/rDShYLKOxh',London
2018-04-20 19:43:45,"b""RT @trac3yhall: Watching The Button\nIt's like #Gogglebox  meets #askthefamily meets It's a Knockout #winner #thebutton""",London
2018-04-20 19:43:43,b'Quite a lot of money in this for a BBC game show. #theButton',London
2018-04-20 19:43:40,b'#TheButton - Utter shite. Should be on kids Tv not prime time Friday night @BBCOne has reached a new low',London
2018-04-20 19:43:39,b'RT @SurrealPaulT: #TheButton this is basically #taskmaster without the swearing',London
2018-04-20 19:43:33,b' #TheButton You know when you think W1A is a parody and then the button comes on the beeb and you realise that this shit happen\xe2\x80\xa6 https://t.co/UtWth34mps',London
2018-04-20 19:43:23,"b""When is the bit where they get lots of money but someone they don't know will die? #TheButton""",London
2018-04-20 19:43:04,b'#TheButton this is basically #taskmaster without the swearing',London
2018-04-20 19:43:02,"b'RT @cian_lancaster: This is like a weird mix of gogglebox and a quiz show, I actually quite like it!\n\n#thebutton #bbcthebutton'",London
2018-04-20 19:42:56,"b"" #TheButton RT @Hum_Con: Not a good idea to leave Dad Marchant alone with the Button given that he, apparently, can't tell the difference between red a\xe2\x80\xa6""",London
2018-04-20 19:42:53,b'RT @bbcPoV: New family game show #TheButton is starting now on @BBCOne.  So is it a winning formula for a Friday night? Tweet us with your\xe2\x80\xa6',London
2018-04-20 19:42:49,b'RT @Peter_H_Todd: The opening titles of #TheButton looks like the start of The National Lottery titles from a few years back.',London
2018-04-20 19:42:47,"b"" #TheButton RT @cigarboyrick82: I'm watching a TV show about a TV telling people what to do in order to win on a TV show.\n\nI miss the simplicity of Goo\xe2\x80\xa6""",London
2018-04-20 19:42:47,b'RT @jimshelley17: GoggleButton\n\n#TheButton',London
2018-04-20 19:42:44,"b'RT @sbrownstortford: Stand by for the ""why is #TheButton male"" tweets.'",London
2018-04-20 19:42:42,"b'OH MY WORD! Just turned onto the TV to discover #TheButton and first challenge is making a tower from cans, pillows\xe2\x80\xa6 https://t.co/3pKA5VlqsC'",London
2018-04-20 19:42:41,b' #TheButton RT @pfenech1: @BBC @BBCOne Dear @BBC you\xe2\x80\x99ve increased my licence fee to bring me...The Button! It really is time to abolish the #TVlicence\xe2\x80\xa6',London
2018-04-20 19:42:40,"b""Watching The Button\nIt's like #Gogglebox  meets #askthefamily meets It's a Knockout #winner #thebutton""",London
2018-04-20 19:42:30,b'RT @DrunkWolverine1: Unless this is attached to the detonator of a nail bomb it\xe2\x80\x99s going to be shit #thebutton',London
2018-04-20 19:42:28,b'Noel\xe2\x80\x99s house party used to get on my nerves and I won\xe2\x80\x99t allow #TheButton to do the same.',London
2018-04-20 19:42:24,"b""RT @bradjolly92: Watching what looks like @BBCOne 's tacky attempt at a Gogglebox #thebutton""",London
2018-04-20 19:42:23,"b' #TheButton I know, let\xe2\x80\x99s take corporate team building exercises into the home. And show it to people on Friday night, after a\xe2\x80\xa6 https://t.co/KRP7Q95GkI'",London
2018-04-20 19:42:22,b'#TheButton I have a feeling that the #BBC gave all of those front rooms a free makeover before airing. They all look rather new to me.',London
2018-04-20 19:42:21,b'RT @Johnboy_Cook: #TheButton is very aptly named.  It\xe2\x80\x99s what I\xe2\x80\x99m reaching for after 30 seconds of this shite...',London
2018-04-20 19:42:16,b'RT @Beta_Teacher: #thebutton thirty seconds in and I\xe2\x80\x99m switching channels. Gogglebox meets Noel\xe2\x80\x99s frickin House Party.',London
2018-04-20 19:42:11,b'RT @Bluebells048: What is this crap #TheButton \xf0\x9f\x98\xb3',London
2018-04-20 19:42:10,b'RT @peeco19: Game show meets goggle box or something?  Looks stupid #TheButton https://t.co/1Lolihtyiz',London
2018-04-20 19:42:07,"b'- #TheButton - Alan Partridge returned to the BBC and had a meeting with the Comissioning Editor again:\n\n""I\'ve got\xe2\x80\xa6 https://t.co/wYbYsCCa6t'",London
2018-04-20 19:42:06,"b""@bbcPoV @BBCOne LOVING IT....... I love #taskmaster too and it's very similar- but with families.  #thebutton #greattv""",London
2018-04-20 19:42:05,b'#thebutton is brilliant. I knew it would be because of @AlexHorne reasons.',London
2018-04-20 19:42:05,"b""Hahaha that family need to stop leaving the dad watching #TheButton he's rubbish at spotting it's changed red!!! Lol \xf0\x9f\x98\x82\xf0\x9f\xa4\xa3""",London
2018-04-20 19:41:56,b'First of a brand new series. And the last #thebutton https://t.co/HjwHN0u9Dx',London
2018-04-20 19:41:51,"b'If #TheButton was on ITV, it could be sponsored by @Dominos_UK &amp; have incidental music from @hornesection &lt; these a\xe2\x80\xa6 https://t.co/rDgSlagFiB'",London
2018-04-20 19:41:46,b'How can none of them produce a tower tall enough? #thebutton',London
2018-04-20 19:41:45,b'congratulations @BBC for excelling yourselves with #TheButton',London
2018-04-20 19:41:13,b'We are a thick country-how can this be prime time ! Oh my god our brains are draining #TheButton',London
2018-04-20 19:41:08,"b'#TheButton Sorry, but time to push the button on this rubbish. I don\xe2\x80\x99t get it.'",London
2018-04-20 19:41:04,"b'RT @TheTVGrump: I\xe2\x80\x99ve watched some shite in my time, but ... wow. #TheButton'",London
2018-04-20 19:41:00,b' #TheButton It\xe2\x80\x99s like someone decided to make an entire show out of a 5 minute bit off Saturday Night Takeaway and mashed it up\xe2\x80\xa6 https://t.co/tgI91M4Sjc',London
2018-04-20 19:40:55,"b"" #TheButton I'm watching a TV show about a TV telling people what to do in order to win on a TV show.\n\nI miss the simplicity of\xe2\x80\xa6 https://t.co/9NBCSsUeii""",London
2018-04-20 19:40:47,b'Wtf is this #thebutton',London
2018-04-20 19:40:40,b'GoggleBollocks\n\n#TheButton',London
2018-04-20 19:40:31,"b'RT @TheTVGrump: I\xe2\x80\x99ve watched some shite in my time, but ... wow. #TheButton'",London
2018-04-20 19:40:27,b'So #TheButton seems to be a cross between Gogglebox and Taskmaster. Sounds like @AlexHorne is the voice of the button too!',London
2018-04-20 19:40:22,"b"" #TheButton Not a good idea to leave Dad Marchant alone with the Button given that he, apparently, can't tell the difference be\xe2\x80\xa6 https://t.co/7bBf3EaM8W""",London
2018-04-20 19:40:12,"b'This is like a weird mix of gogglebox and a quiz show, I actually quite like it!\n\n#thebutton #bbcthebutton'",London
2018-04-20 19:40:11,"b""As if #thebutton isn't bad enough, we get the awful #idontlikemondays on C4.""",London
2018-04-20 19:40:08,"b'I\xe2\x80\x99ve watched some shite in my time, but ... wow. #TheButton'",London
2018-04-20 19:40:07,b'RT @richardosman: New show #TheButton about to start on BBC1 is by the lovely geniuses behind \xe2\x80\x98Taskmaster\xe2\x80\x99. Just in case you\xe2\x80\x99re not nervous\xe2\x80\xa6',London
2018-04-20 19:40:03,"b'Non-celeb Taskmaster is already a lot of fun. I bet people are ripping it to shreds though, like they always do. #TheButton'",London
2018-04-20 19:40:00,b'Good fun ! #thebutton',London
2018-04-20 19:39:56,b'People stacking books &amp; cans of beans.... what a load of shite!!! #thebutton',London
2018-04-20 19:39:51,b'Oh this is good...something new to watch... #TheButton',London
2018-04-20 19:39:48,"b""I'm loving it already!!! #thebutton https://t.co/ZFvQSCl6WB""",London
2018-04-20 19:39:47,b'This. This guy gets it. #thebutton https://t.co/x10IJYQY3l',London
2018-04-20 19:39:47,"b"" #TheButton Pleased for Alex Horne (Taskmasker), who's had this commissioned for the telly - but his voiceover means it just fe\xe2\x80\xa6 https://t.co/jFm7vz9tN6""",London
2018-04-20 19:39:38,b'Lot of joyless bastards on Twitter tonight. #theButton',London
2018-04-20 19:39:36,"b'#thebutton Really hope this cost under \xc2\xa310 to make, BBC!'",London
2018-04-20 19:39:36,b'The BBC undisputed king of making shit telly programmes #thebutton https://t.co/ssPNkUAig7',London
2018-04-20 19:39:25,b'This is is actually hilarious tbh \xf0\x9f\x98\x82\xf0\x9f\x98\x82#thebutton',London
2018-04-20 19:39:15,"b""A little known fact about #TheButton\n\n'He' is actually the son of the Telly Addicts TV. https://t.co/CEcP2Nnhqv""",London
2018-04-20 19:39:11,b'Goodness me.  Five minutes in and  #thebutton has done its job.\n\nIt\xe2\x80\x99s made me want Donald Trump to press his red on\xe2\x80\xa6 https://t.co/paL64iAtq0',London
2018-04-20 19:38:59,"b'I think this was meant to be a punishment for not having books, which sounds fair to me. #TheButton'",London
2018-04-20 19:38:46,b'What is this bollocks? #thebutton',London
2018-04-20 19:38:40,"b""10 minutes in and I already like The Button. Congrats on this little gem lil'  @AlexHorne you little genius devil you #TheButton""",London
2018-04-20 19:38:30,b'WTF is happening with my License fee  #thebutton',London
2018-04-20 19:38:13,"b"" #TheButton This suffers a bit from the fact that, because their members of the public, Alex Horne can't be quite as rude to th\xe2\x80\xa6 https://t.co/yq4t4kgIYN""",London
2018-04-20 19:38:02,b'#thebutton \nGetting everyone used too being ordered about by machines......',London
2018-04-20 19:38:00,b'#TheButton. What fresh hell is this!',London
2018-04-20 19:37:58,b'RT @htwcentral: This is #thebutton - a new BBC One quiz which seems a bit like a cross between Gogglebox and a quiz show...',London
2018-04-20 19:37:57,b'@bbcPoV @BBCOne Do we really need more tv tat? #TheButton i',London
2018-04-20 19:37:53,"b'RT @swilliams73: Where, how and why do these people apply for shitting shows like this?  #thebutton'",London
2018-04-20 19:37:44,"b'RT @C_DLord: It would be physically impossible to be drunk enough for #thebutton by 8.30pm, even on a Friday night.'",London
2018-04-20 19:37:41,b'RT @MaidyLairy: What am I watching? #TheButton https://t.co/DUPnaaO4A1',London
2018-04-20 19:37:39,b'RT @ReallyBigShoeUK: #thebutton Taskmaster with civilians',London
2018-04-20 19:37:32,b'RT @CarlHipkiss: So #thebutton is basically taskmaster for familes. Even uses Alex Horne.',London
2018-04-20 19:37:30,b'RT @s_devonshire: Loving  #thebutton already @BBCOne',London
2018-04-20 19:37:28,b'RT @EdBamber: If Alan Partridge designed a game show... #thebutton',London
2018-04-20 19:37:25,b'RT @Jules1365: The voice of #TheButton is the least irritating thing about it. \xf0\x9f\xa4\xaa',London
2018-04-20 19:37:22,"b'RT @DJPalsyP: #TheButton on @BBCOne , seriously?'",London
2018-04-20 19:37:13,"b""If you can't actually read you're definitely at a disadvantage, #theButton""",London
2018-04-20 19:37:01,b'RT @richardosman: New show #TheButton about to start on BBC1 is by the lovely geniuses behind \xe2\x80\x98Taskmaster\xe2\x80\x99. Just in case you\xe2\x80\x99re not nervous\xe2\x80\xa6',London
2018-04-20 19:36:54,"b'#TheButton on @BBCOne , seriously?'",London
2018-04-20 19:36:53,b'So the license fee increase helps fund this absolute wank?  #thebutton',London
2018-04-20 19:36:47,b'The voice of #TheButton is the least irritating thing about it. \xf0\x9f\xa4\xaa',London
2018-04-20 19:36:28,"b'Only going as far north as Yorkshire, did any other families not wish to take part further North #TheButton'",London
2018-04-20 19:36:27,b'If Alan Partridge designed a game show... #thebutton',London
2018-04-20 19:36:24,b'Loving  #thebutton already @BBCOne',London
2018-04-20 19:35:53,b'So #thebutton is basically taskmaster for familes. Even uses Alex Horne.',London
2018-04-20 19:35:36,"b""That's clever, getting all but the shortest person to leave. #theButton""",London
2018-04-20 19:35:35,b'Not judging but no books in da whole yard \xf0\x9f\x98\x92 #thebutton',London
2018-04-20 19:35:25,b'#thebutton Taskmaster with civilians',London
2018-04-20 19:35:16,b'What am I watching? #TheButton https://t.co/DUPnaaO4A1',London
2018-04-20 19:35:03,"b'It would be physically impossible to be drunk enough for #thebutton by 8.30pm, even on a Friday night.'",London
2018-04-20 19:34:37,"b'The first one to say ""BBC"", "" LICENCE"", ""WASTE"" in any order are complete moaning fucking wankers. #bbc #thebutton'",London
2018-04-20 19:34:31,"b'#thebutton looks decent, i want one. Typical Dad not noticing it \xf0\x9f\x98\x92'",London
2018-04-20 19:34:28,b'What kind of cunt commissions shit like this.  Oh yea some cunt at the bbc with licence payers  money #thebutton',London
2018-04-20 19:34:25,"b'Where, how and why do these people apply for shitting shows like this?  #thebutton'",London
2018-04-20 19:34:21,b'Friday night TV hell #thebutton',London
2018-04-20 19:34:15,b'Fuck watching  #thebutton BBC 2 much more entertaining FFS',London
2018-04-20 19:34:10,b'This is #thebutton - a new BBC One quiz which seems a bit like a cross between Gogglebox and a quiz show...',London
2018-04-20 19:34:08,b'RT @Johnboy_Cook: #TheButton is very aptly named.  It\xe2\x80\x99s what I\xe2\x80\x99m reaching for after 30 seconds of this shite...',London
2018-04-20 19:34:06,b'Is Dad Marchant colour blind or something? #theButton',London
2018-04-20 19:34:01,b' #TheButton This would be much more suited to Saturday night slot around 6ish. Seems a shame to put it on so late when alot of\xe2\x80\xa6 https://t.co/JG1EuP37Pl',London
2018-04-20 19:34:01,b'No thank you \xf0\x9f\x99\x88 #TheButton',London
2018-04-20 19:33:49,b'I give up alread. #shite #thebutton',London
2018-04-20 19:33:47,b'Currently watching something of VERY low production value on the #BBC. I would like a rebate on my license for watching #TheButton',London
2018-04-20 19:33:45,b'Go Garston\xe2\x80\x99s #thebutton',London
2018-04-20 19:33:36,b'Hmm if it just me who thinks #thebutton seems more like a kids tv show??',London
2018-04-20 19:33:03,b'What is this fresh hell?! #TheButton https://t.co/ngsBpMKuwC',London
2018-04-20 19:32:57,b'Well this can fuck off. #TheButton',London
2018-04-20 19:32:41,b'I\xe2\x80\x99m ready to press the fucking  off button #TheButton',London
2018-04-20 19:32:31,b'RT @Beta_Teacher: #thebutton thirty seconds in and I\xe2\x80\x99m switching channels. Gogglebox meets Noel\xe2\x80\x99s frickin House Party.',London
2018-04-20 19:32:25,b'Game show meets goggle box or something?  Looks stupid #TheButton https://t.co/1Lolihtyiz',London
2018-04-20 19:32:20,b'What is this crap #TheButton \xf0\x9f\x98\xb3',London
2018-04-20 19:32:11,b'RT @richardosman: New show #TheButton about to start on BBC1 is by the lovely geniuses behind \xe2\x80\x98Taskmaster\xe2\x80\x99. Just in case you\xe2\x80\x99re not nervous\xe2\x80\xa6',London
2018-04-20 19:32:06,b'The south in their million pound homes and the north in their 50 grand homes #TheButton',London
2018-04-20 19:31:52,b'Well I\xe2\x80\x99m certainly reaching for #TheButton https://t.co/WsNBG2thNP',London
2018-04-20 19:31:52,b'What the fuck is this bollocks on @BBCOne #thebutton',London
2018-04-20 19:31:51,b' #TheButton RT @pfenech1: @BBC @BBCOne Dear @BBC you\xe2\x80\x99ve increased my licence fee to bring me...The Button! It really is time to abolish the #TVlicence\xe2\x80\xa6',London
2018-04-20 19:31:49,"b'- #TheButton - christ, these rules are more complicated than an #Eastenders exit plotline. And, lets be honest, hav\xe2\x80\xa6 https://t.co/sd5yMmFs3F'",London
2018-04-20 19:31:45,b'#thebutton thirty seconds in and I\xe2\x80\x99m switching channels. Gogglebox meets Noel\xe2\x80\x99s frickin House Party.',London
2018-04-20 19:31:37,b'@BBC #thebutton on a Friday night? What in the name of fuck is this pish?',London
2018-04-20 19:31:33,b'What fresh bullshit is this? #thebutton',London
2018-04-20 19:31:26,b'#TheButton is very aptly named.  It\xe2\x80\x99s what I\xe2\x80\x99m reaching for after 30 seconds of this shite...',London
2018-04-20 19:31:19,b'Watching #TheButton \xf0\x9f\x98\x8a',London
2018-04-20 19:31:16,"b""Watching what looks like @BBCOne 's tacky attempt at a Gogglebox #thebutton""",London
2018-04-20 19:31:08,"b""It's little Alex Horne!! \xf0\x9f\x98\x80\n\n#thebutton #Taskmaster""",London
2018-04-20 19:30:56,b'Unless this is attached to the detonator of a nail bomb it\xe2\x80\x99s going to be shit #thebutton',London
2018-04-20 19:30:56,"b""#TheButton is gonna' be fucking dire. \n.. Seen a short trailer the other day. \n\n.. Gogglebox couches \n.. 'Zany' vie\xe2\x80\xa6 https://t.co/881PylKyYu""",London
2018-04-20 19:30:52,b'Wtf is this shit #TheButton',London
2018-04-20 19:30:34,b'@BBC @BBCOne Dear @BBC you\xe2\x80\x99ve increased my licence fee to bring me...The Button! It really is time to abolish the #TVlicence #thebutton',London
2018-04-20 19:30:26,"b'Stand by for the ""why is #TheButton male"" tweets.'",London
2018-04-20 19:30:21,b'GoggleButton\n\n#TheButton',London
2018-04-20 19:30:16,b'RT @richardosman: New show #TheButton about to start on BBC1 is by the lovely geniuses behind \xe2\x80\x98Taskmaster\xe2\x80\x99. Just in case you\xe2\x80\x99re not nervous\xe2\x80\xa6',London
2018-04-20 19:30:14,b'The opening titles of #TheButton looks like the start of The National Lottery titles from a few years back.',London
2018-04-20 19:30:00,b'New family game show #TheButton is starting now on @BBCOne.  So is it a winning formula for a Friday night? Tweet u\xe2\x80\xa6 https://t.co/0Pct2HIKLJ',London
2018-04-20 19:30:00,b'#thebutton when #gogglebox meets #generationgame give families compete with a giant button presiding! #cameracrew f\xe2\x80\xa6 https://t.co/5cX0OxCeEm',London
2018-04-20 19:29:44,b'#TheButton has started!!! https://t.co/FXbWDhetsE',London
2018-04-20 19:29:36,"b'Been looking forward to this, looks like #Taskmaster going mainstream. #theButton'",London
2018-04-20 19:29:35,b'Dear @BBC you\xe2\x80\x99ve increased my licence fee to bring me...The Button! It really is time to abolish the #TVlicence #thebutton',London
2018-04-20 19:29:22,b'Good old bbc bringing you shit programme after shit programme without thought for you or your licence fee \n#thebutton',London
2018-04-20 19:28:35,"b""@BBCOne I've found #thebutton https://t.co/Qpp8cRD6Zc""",London
2018-04-20 19:28:27,"b""The only button I'll  be pressing is the off button\n#thebutton""",London
2018-04-20 19:28:24,"b""I'd cut the plug off #TheButton https://t.co/F0Gg5w9sbS""",London
2018-04-20 19:27:57,b'New show #TheButton about to start on BBC1 is by the lovely geniuses behind \xe2\x80\x98Taskmaster\xe2\x80\x99. Just in case you\xe2\x80\x99re not n\xe2\x80\xa6 https://t.co/5sQ6VO7ZRg',London
2018-04-20 19:27:13,b'RT @LinklineCrew: #thebutton #fridaynight #entertainment @linklinecrew #tomclifford #michelleremnant #robbiekneen #cameraassistant coming t\xe2\x80\xa6',London
2018-04-20 19:25:30,b'5 minutes to go.... #thebutton #teamWardMills',London
2018-04-20 19:25:00,b'#thebutton #fridaynight #entertainment @linklinecrew #tomclifford #michelleremnant #robbiekneen #cameraassistant co\xe2\x80\xa6 https://t.co/qfugdZqQ1y',London
2018-04-20 19:21:36,"b'RT @BBC: Tonight, five families compete to win challenges in the comfort of their living rooms. \xf0\x9f\x8f\xa0 \xf0\x9f\x93\xba\xf0\x9f\x8e\x8a\n\n#TheButton | 8:30pm | @BBCOne | https\xe2\x80\xa6'",London
2018-04-20 19:11:38,"b'RT @BBC: Tonight, five families compete to win challenges in the comfort of their living rooms. \xf0\x9f\x8f\xa0 \xf0\x9f\x93\xba\xf0\x9f\x8e\x8a\n\n#TheButton | 8:30pm | @BBCOne | https\xe2\x80\xa6'",London
2018-04-20 19:11:16,b'RT @misskward: The countdown is on... Almost time for #thebutton with @charcharward  &amp; @Glorza \n#thebutton #BBC #BBCone #gameshow',London
2018-04-20 19:07:44,b'Any fans of #Taskmaster going to watch #theButton on BBC 1 tonight? Another Alex Horne show. The Radio Times descri\xe2\x80\xa6 https://t.co/vPk4eYIIAJ',London
2018-04-20 19:00:44,b'That #TheButton looks absolute shite.',London
2018-04-20 18:57:05,b'The countdown is on... Almost time for #thebutton with @charcharward  &amp; @Glorza \n#thebutton #BBC #BBCone #gameshow',London
2018-04-20 18:49:11,b'RT @charcharward: Looking forward to #TheButton starting tonight @Glorza and I are #teamWardMills',London
2018-04-20 18:48:46,b'Excitedly waiting for #bbc1 #thebutton #TeamWardMills',London
2018-04-20 18:46:56,"b""Getting ready for the 1st broadcast of #TheButton and I have one with me! Good choice of t-shirt I'll say... https://t.co/RzI4ui4erV""",London
2018-04-20 18:46:56,b'RT @tasha_ottaway1: Can\xe2\x80\x99t wait the watch @Glorza and @charcharward on The Button tonight!! #teamWardMills #TheButton #thebbc #goongirls',London
2018-04-20 18:41:05,b'YES #TheButton with @AlexHorne \xf0\x9f\x91\x8f\xf0\x9f\x91\x8f \nLots of fun for your Friday esp with a cheeky glass of summer ros\xc3\xa9 https://t.co/a3Sog9A4Xn',London
2018-04-20 18:37:19,"b'RT BBC ""Tonight, five families compete to win challenges in the comfort of their living rooms. \xf0\x9f\x8f\xa0 \xf0\x9f\x93\xba\xf0\x9f\x8e\x8a\n\n#TheButton | 8\xe2\x80\xa6 https://t.co/CrPgc5fAcg'",London
2018-04-20 18:36:30,"b'RT BBC ""Tonight, five families compete to win challenges in the comfort of their living rooms. \xf0\x9f\x8f\xa0 \xf0\x9f\x93\xba\xf0\x9f\x8e\x8a\n\n#TheButton | 8\xe2\x80\xa6 https://t.co/HRkK5Dh2m7'",London
2018-04-20 18:33:59,"b'RT @BBC: Tonight, five families compete to win challenges in the comfort of their living rooms. \xf0\x9f\x8f\xa0 \xf0\x9f\x93\xba\xf0\x9f\x8e\x8a\n\n#TheButton | 8:30pm | @BBCOne | https\xe2\x80\xa6'",London
2018-04-20 18:33:05,"b'Tonight, five families compete to win challenges in the comfort of their living rooms. \xf0\x9f\x8f\xa0 \xf0\x9f\x93\xba\xf0\x9f\x8e\x8a\n\n#TheButton | 8:30pm |\xe2\x80\xa6 https://t.co/7fJxWPtCn8'",London
2018-04-20 18:13:10,"b""#TheButton starts tonight.\nI won't watch it but I will enjoy the tweets of despair whilst it's on. https://t.co/iMwtDR47bE""",London
2018-04-20 17:37:16,b'Can\xe2\x80\x99t wait the watch @Glorza and @charcharward on The Button tonight!! #teamWardMills #TheButton #thebbc #goongirls',London
2018-04-20 17:23:27,b' #TheButton RT @LukeCustardtv: *NEW PODCAST ALERT* as I join @thegaryshow &amp; @mattstvbites to talk the final #OrdealByInnocence #TheAlienist #BGT &amp; BBC1\xe2\x80\xa6',London
2018-04-20 17:23:17,"b""RT @LukeCustardtv: My review of BBC1's new family game show #TheButton which launches on Friday. It borrows heavily from Gogglebox. Read my\xe2\x80\xa6""",London
2018-04-20 17:12:40,b'Looking forward to #TheButton starting tonight @Glorza and I are #teamWardMills',London
2018-04-20 17:05:25,b'BRAND New Comedy AND Entertainment tonight on @BBCOne #TheButton at 8.30pm then #HomeFromHome at 9.30pm\xe2\x80\xa6 https://t.co/jPlhWdNxJQ',London
2018-04-20 16:29:26,"b'3 hours to go. Not sure if im nervous, excited, or both of them at the same time. #TheButton https://t.co/AD4SSpvufa'",London
2018-04-20 15:42:37,b' #TheButton RT @fibaro_global: Our equipment is designed for the users of all ages. Their functionality and intuitive control will make everyday life s\xe2\x80\xa6',London
2018-04-20 14:56:50,b'RT @BBCOne: Get ready for a (slightly bonkers) new gameshow where families compete to win BIG money! \xf0\x9f\x98\x80\xf0\x9f\x8e\x89\n\n#TheButton. Starts tonight 8.30pm.\xe2\x80\xa6',London
2018-04-20 14:55:06,b'RT @BBCOne: Get ready for a (slightly bonkers) new gameshow where families compete to win BIG money! \xf0\x9f\x98\x80\xf0\x9f\x8e\x89\n\n#TheButton. Starts tonight 8.30pm.\xe2\x80\xa6',London
2018-04-20 14:41:44,b'RT @BBCOne: Get ready for a (slightly bonkers) new gameshow where families compete to win BIG money! \xf0\x9f\x98\x80\xf0\x9f\x8e\x89\n\n#TheButton. Starts tonight 8.30pm.\xe2\x80\xa6',London
2018-04-20 14:17:55,b'RT @BBCOne: Get ready for a (slightly bonkers) new gameshow where families compete to win BIG money! \xf0\x9f\x98\x80\xf0\x9f\x8e\x89\n\n#TheButton. Starts tonight 8.30pm.\xe2\x80\xa6',London
2018-04-20 14:12:32,b'Get ready for a (slightly bonkers) new gameshow where families compete to win BIG money! \xf0\x9f\x98\x80\xf0\x9f\x8e\x89\n\n#TheButton. Starts ton\xe2\x80\xa6 https://t.co/AWeK4doSNS',London
2018-04-20 12:00:35,b'#TheButton looks awful.',London
2018-04-20 11:48:38,"b'What #TheButton has to offer: ""Genuinely interesting new #gameshow concepts are a rare breed \xe2\x80\x93 but luckily, this is\xe2\x80\xa6 https://t.co/N6Bxx5Lx7P'",London
2018-04-20 11:01:21,b' #TheButton RT @fibaro_global: Our equipment is designed for the users of all ages. Their functionality and intuitive control will make everyday life s\xe2\x80\xa6',London
2018-04-20 11:00:02,b' #TheButton Our equipment is designed for the users of all ages. Their functionality and intuitive control will make everyday l\xe2\x80\xa6 https://t.co/Ev6oPDckBb',London
2018-04-20 10:29:43,"b'RT @NicolaBitton: Tonight\xe2\x80\x99s the night. This, 8:30pm, BBC1. #TheButton https://t.co/f5yCoMSovj'",London
2018-04-20 10:12:29,"b'#wrightstuff #thebutton looking at the previews, I saw them wasting food, in a country where people need food banks'",London
2018-04-20 10:06:09,"b'RT @NicolaBitton: Tonight\xe2\x80\x99s the night. This, 8:30pm, BBC1. #TheButton https://t.co/f5yCoMSovj'",London
2018-04-20 10:03:35,"b""RT @kamborio: Don't forget, tonight at 8:30pm on #BBC One you can watch #TheButton!\nhttps://t.co/ZXiwUosM4S""",London
2018-04-20 09:52:02,"b'Tonight\xe2\x80\x99s the night. This, 8:30pm, BBC1. #TheButton https://t.co/f5yCoMSovj'",London
2018-04-20 09:40:54,b' #TheButton RT @LukeCustardtv: *NEW PODCAST ALERT* as I join @thegaryshow &amp; @mattstvbites to talk the final #OrdealByInnocence #TheAlienist #BGT &amp; BBC1\xe2\x80\xa6',London
2018-04-20 09:12:27,b' #TheButton *NEW PODCAST ALERT* as I join @thegaryshow &amp; @mattstvbites to talk the final #OrdealByInnocence #TheAlienist #BGT &amp;\xe2\x80\xa6 https://t.co/RLh45I7vG7',London
2018-04-20 08:50:32,"b""Don't forget, tonight at 8:30pm on #BBC One you can watch #TheButton!\nhttps://t.co/ZXiwUosM4S""",London
2018-04-20 08:43:28,b'RT @LinklineCrew: #thebutton  https://t.co/3VWlQ0t5qD #primetime #enterainment @bbcone comes to the screen tonight #cameracrew from @linkli\xe2\x80\xa6',London
2018-04-20 07:45:18,b'#thebutton  https://t.co/3VWlQ0t5qD #primetime #enterainment @bbcone comes to the screen tonight #cameracrew from\xe2\x80\xa6 https://t.co/WKE3gpkTcO',London
2018-04-19 19:30:34,b'Gogglebox #TheButton',London
2018-04-19 15:12:36,"b' #TheButton Check out the amazing work @EarthlondonTV, our graphics team, have done on this brand new series, The Button! \xf0\x9f\x91\xbe\xe2\x80\xa6 https://t.co/2XmPsFmQZ5'",London
2018-04-19 14:02:46,b'When does #TheButton start on #BBC 1? What\xe2\x80\x99s it about?\nhttps://t.co/aT4XyINz2V',London
2018-04-19 12:43:54,"b""Tomorrow night tune in at 8.30pm new game show #THEBUTTON has my sister @Glorza off the show can't wait to see you\xe2\x80\xa6 https://t.co/tHFMWKwnxM""",London
2018-04-19 12:29:10,"b'RT @BBCOne: Five families, one button, loads of challenges, TONNES of fun.\n\nGet ready for #TheButton. Starts Friday 20th April at 8.30pm on\xe2\x80\xa6'",London
2018-04-18 20:49:25,"b""RT @LukeCustardtv: My review of BBC1's new family game show #TheButton which launches on Friday. It borrows heavily from Gogglebox. Read my\xe2\x80\xa6""",London
2018-04-18 18:00:26,"b""#thebutton Looks awful. I can't even suffer the trailer. https://t.co/OqzKqxMeqJ""",London
2018-04-18 12:31:44,"b' #TheButton @ExtraTrainer It looks terrible.  I can see the pitch to the BBC Commissioners ""two words - living rooms! It worked\xe2\x80\xa6 https://t.co/7jPHjhsqJc'",London
2018-04-18 12:13:58,"b""RT @LukeCustardtv: My review of BBC1's new family game show #TheButton which launches on Friday. It borrows heavily from Gogglebox. Read my\xe2\x80\xa6""",London
2018-04-18 11:12:47,"b""My review of BBC1's new family game show #TheButton which launches on Friday. It borrows heavily from Gogglebox. Re\xe2\x80\xa6 https://t.co/BHxQX6giML""",London
2018-04-18 10:20:19,b' #TheButton No money for @bbctms because @BBC have wasted it all on Saturday evening dross programming.\n\n#GenerationGame\xe2\x80\xa6 https://t.co/VVWCiUYpVH',London
2018-04-17 21:13:54,b'#TheButton @BBCOne What fresh hell is this?',London
2018-04-17 21:06:34,b'#thebutton looks shit',London
2018-04-17 18:31:59,"b'I\xe2\x80\x99ve only seen a trailer for BBC\xe2\x80\x99s #thebutton, but I can confidently predict it will be the worst programme ever made.'",London
2018-04-17 18:29:42,b'Wow. #TheButton looks really shit.',London
2018-04-17 17:48:09,b'@BBC I have a new idea for a game show. What day is the new BBC game show on? #thebutton https://t.co/ACI1U0IQLB',London
2018-04-17 17:00:13,b'#thebutton - Auntie\xe2\x80\x99s attempt at #Gogglebox ?',London
2018-04-17 15:33:00,"b'RT @BBCOne: Five families, one button, loads of challenges, TONNES of fun.\n\nGet ready for #TheButton. Starts Friday 20th April at 8.30pm on\xe2\x80\xa6'",London
2018-04-17 14:51:11,"b'RT @BBCOne: Five families, one button, loads of challenges, TONNES of fun.\n\nGet ready for #TheButton. Starts Friday 20th April at 8.30pm on\xe2\x80\xa6'",London
2018-04-17 14:39:32,"b'RT @BBCOne: Five families, one button, loads of challenges, TONNES of fun.\n\nGet ready for #TheButton. Starts Friday 20th April at 8.30pm on\xe2\x80\xa6'",London
2018-04-17 13:14:14,"b'RT @BBCOne: Five families, one button, loads of challenges, TONNES of fun.\n\nGet ready for #TheButton. Starts Friday 20th April at 8.30pm on\xe2\x80\xa6'",London
2018-04-17 13:08:48,"b'RT @BBCOne: Five families, one button, loads of challenges, TONNES of fun.\n\nGet ready for #TheButton. Starts Friday 20th April at 8.30pm on\xe2\x80\xa6'",London
2018-04-17 13:04:22,"b'Five families, one button, loads of challenges, TONNES of fun.\n\nGet ready for #TheButton. Starts Friday 20th April\xe2\x80\xa6 https://t.co/yDtyVPSuOD'",London
2018-04-17 09:25:49,"b""RT @danowen79: ICYMI, my week's TV Picks https://t.co/lWkowMD2o7 #Legion #Runaways #Occupied #TheAlienist #TrueHorror #TheButton #TheWomanI\xe2\x80\xa6""",London
2018-04-17 09:13:30,"b' #TheButton 3 days to go and the first review is in. 3 out of 5, not bad for starters but we want 5 out of 5. The viewers will\xe2\x80\xa6 https://t.co/EQso9WTBWk'",London
2018-04-16 23:20:50,"b""RT @leaplingchris: .@AlexHorne's new show #TheButton kicks off this Friday on BBC 1, 8:30pm. Fun shoot, must watch if you're a fan of Taskm\xe2\x80\xa6""",London
2018-04-16 23:11:26,"b'Just saw an advert for this new show, #thebutton on #BBC. I mean, really?? More utter trash using the general publi\xe2\x80\xa6 https://t.co/UaWBXVIAAe'",London
2018-04-16 22:22:51,"b""RT @leaplingchris: .@AlexHorne's new show #TheButton kicks off this Friday on BBC 1, 8:30pm. Fun shoot, must watch if you're a fan of Taskm\xe2\x80\xa6""",London
2018-04-16 21:54:46,"b"".@AlexHorne's new show #TheButton kicks off this Friday on BBC 1, 8:30pm. Fun shoot, must watch if you're a fan of\xe2\x80\xa6 https://t.co/DlVLP5DaBS""",London
2018-04-16 19:28:00,"b""ICYMI, my week's TV Picks https://t.co/lWkowMD2o7 #Legion #Runaways #Occupied #TheAlienist #TrueHorror #TheButton\xe2\x80\xa6 https://t.co/tPkaeCg7tP""",London
2018-04-16 19:22:43,b'Looks interesting \xf0\x9f\x91\x80#thebutton \xf0\x9f\x94\xb4',London
2018-04-16 19:03:24,b'I\xe2\x80\x99ve just seen the trailer for #TheButton https://t.co/IptYtUn3xd',London
2018-04-16 19:01:51,b'Well that looks like a load of old bollocks #TheButton https://t.co/T2JtL8ST6k',London
2018-04-16 16:21:15,b'TV Picks: 16\xe2\x80\x9322 April 2018 https://t.co/lWkowMUDMH #Legion #Runaways #Occupied #TheAlienist #TrueHorror #TheButton\xe2\x80\xa6 https://t.co/GeaYwPxybd',London
2018-04-16 13:35:49,b'RT @HNSGR: #TheButton - how a woman in #Iceland discovered #Facebook\xe2\x80\x99s global experiment on democracy. My story out now https://t.co/TQNnX7\xe2\x80\xa6',London
2018-04-16 13:10:35,b'Just heard radio promo for #TheButton - new @BBCOne game show starting Friday. Not sure it\xe2\x80\x99s going to be \xe2\x80\x98must watc\xe2\x80\xa6 https://t.co/nEFU6s6oTr',London
2018-04-16 11:38:33,b'RT @HNSGR: #TheButton - how a woman in #Iceland discovered #Facebook\xe2\x80\x99s global experiment on democracy. My story out now https://t.co/TQNnX7\xe2\x80\xa6',London
2018-04-16 07:58:35,b'RT @HNSGR: #TheButton - how a woman in #Iceland discovered #Facebook\xe2\x80\x99s global experiment on democracy. My story out now https://t.co/TQNnX7\xe2\x80\xa6',London
2018-04-16 07:19:14,b'RT @HNSGR: #TheButton - how a woman in #Iceland discovered #Facebook\xe2\x80\x99s global experiment on democracy. My story out now https://t.co/TQNnX7\xe2\x80\xa6',London
2018-04-16 07:06:44,b'RT @HNSGR: #TheButton - how a woman in #Iceland discovered #Facebook\xe2\x80\x99s global experiment on democracy. My story out now https://t.co/TQNnX7\xe2\x80\xa6',London
2018-04-16 07:06:22,b'RT @HNSGR: #TheButton - how a woman in #Iceland discovered #Facebook\xe2\x80\x99s global experiment on democracy. My story out now https://t.co/TQNnX7\xe2\x80\xa6',London
2018-04-16 06:50:37,b'RT @HNSGR: #TheButton - how a woman in #Iceland discovered #Facebook\xe2\x80\x99s global experiment on democracy. My story out now https://t.co/TQNnX7\xe2\x80\xa6',London
2018-04-16 06:19:44,b'RT @HNSGR: #TheButton - how a woman in #Iceland discovered #Facebook\xe2\x80\x99s global experiment on democracy. My story out now https://t.co/TQNnX7\xe2\x80\xa6',London
2018-04-16 06:14:04,b'RT @HNSGR: #TheButton - how a woman in #Iceland discovered #Facebook\xe2\x80\x99s global experiment on democracy. My story out now https://t.co/TQNnX7\xe2\x80\xa6',London
2018-04-16 05:36:40,b'#TheButton - how a woman in #Iceland discovered #Facebook\xe2\x80\x99s global experiment on democracy. My story out now https://t.co/TQNnX7DTBL',London
2018-04-14 17:37:34,b'[Review VF] Le Badge ... #DCComics #UrbanComics #TheButton https://t.co/6dmqa0X1bJ https://t.co/FSIkXb6NK1',London
2018-04-14 17:27:38,"b'#TheButton starts Friday night, BBC1 @ 8:30pm.... eeeeek @charcharward  \xf0\x9f\x99\x88\xf0\x9f\x94\xb4 https://t.co/0Lxa7frmnK'",London
2018-04-13 20:08:40,b'@DC \xe2\x80\x98s #theButton was the best comic I read of 2017. @TomKingTK @JasonFabok @Williamson_Josh and #howardporter knocked it out of the park.',London
2018-04-13 17:00:33,b'Sounds like #thebutton I\xe2\x80\x99ll be looking for is the off button.',London
2018-04-13 00:45:30,b'Unboxing The Button by FIBARO https://t.co/2CB4k27I6h @fibaro_usa #multicontroller #thebutton #unboxing https://t.co/yFRNRfzoWX',London
2018-04-12 20:33:12,b'@FoxNews Only way this is true is IF that orange-faced lunatic in the #WhiteHouse presses #TheButton and destroys e\xe2\x80\xa6 https://t.co/BEXFEgsxwC',London
2018-04-12 12:46:37,b' #TheButton RT @melanippee: Hope you\xe2\x80\x99ll all be watching THE BUTTON on Friday 20th April 2018 at 8.30pm  The Button: Trailer - BBC One https://t.co/UiRD\xe2\x80\xa6',London
2018-04-12 12:44:21,b' #TheButton Hope you\xe2\x80\x99ll all be watching THE BUTTON on Friday 20th April 2018 at 8.30pm  The Button: Trailer - BBC One\xe2\x80\xa6 https://t.co/IYEe1hBtlR',London
2018-04-11 19:12:02,"b'RT @kamborio: #TheButton on #BBCOne is not just a #gameshow, it is  a new way to understand television which has pushed the limits of techn\xe2\x80\xa6'",London
2018-04-11 17:57:49,"b'#TheButton on #BBCOne is not just a #gameshow, it is  a new way to understand television which has pushed the limit\xe2\x80\xa6 https://t.co/bVGkTwoOvX'",London
2018-04-11 17:37:54,b'RT @gingerluke: Made some telly! Starts next Friday 20th April/8:30pm/BBC One #thebutton https://t.co/JePDR35oru',London
2018-04-11 17:34:54,"b'RT @NicolaBitton: Five glorious households, five absurd challenges, silliness kick off - Friday 20th April #BBCOne 8:30pm. #TheButton \nhttp\xe2\x80\xa6'",London
2018-04-11 17:22:55,b'Made some telly! Starts next Friday 20th April/8:30pm/BBC One #thebutton https://t.co/JePDR35oru',London
2018-04-11 17:00:28,"b""Well #TheButton looks like it's going to be a pile of cack having just seen that trailer! #Pointless""",London
2018-04-11 17:00:01,b'Looks like another SHIT BBC production that is wasting our money #thebutton',London
2018-04-11 14:38:10,"b'Five glorious households, five absurd challenges, silliness kick off - Friday 20th April #BBCOne 8:30pm. #TheButton \nhttps://t.co/Gd3QSdJevc'",London
2018-04-11 10:52:33,"b'RT @avalonent: Trailer released for #TheButton, the brand new show from the creators of @Taskmaster, coming to @BBCOne from Friday 20th Apr\xe2\x80\xa6'",London
2018-04-11 10:34:15,"b'RT @avalonent: Trailer released for #TheButton, the brand new show from the creators of @Taskmaster, coming to @BBCOne from Friday 20th Apr\xe2\x80\xa6'",London
2018-04-11 10:30:41,"b'RT @avalonent: Trailer released for #TheButton, the brand new show from the creators of @Taskmaster, coming to @BBCOne from Friday 20th Apr\xe2\x80\xa6'",London
2018-04-11 10:28:51,"b'Trailer released for #TheButton, the brand new show from the creators of @Taskmaster, coming to @BBCOne from Friday\xe2\x80\xa6 https://t.co/8iKa9QJgUe'",London
2018-04-11 10:28:25,b'It definitely is exciting. #TheButton is coming to a TV near you! https://t.co/bYLvAltMJy',London
2018-04-10 19:19:26,"b""It's coming, it's coming!!! #BBC #TheButton\nhttps://t.co/E8JcetoMGB""",London
