2018-04-20 20:26:45,"b""I am super pumped for the #WBizAwards18\nGot my tango. Got my starburst and got my apple. Let's do this! @wiltshiretimes @wiltsgazette""",London
2018-04-20 20:22:31,b'We\xe2\x80\x99ve kicked things off at the #WBizAwards18 @CP_UK_Events! Good luck to everyone who is up for an award tonight!\xe2\x80\xa6 https://t.co/QSzVajxttf',London
2018-04-20 20:21:19,b'Ramona! You are missed @ThringsLaw \n\nLove Dylan and Poppy x \n\n#WBizAwards18',London
2018-04-20 20:19:36,b'Thorn between two roses...and Harry #WBizAwards18 https://t.co/FJqOY0dwL6',London
2018-04-20 20:18:31,b'RT @aliedgar13: If you like winning awards why not enter @EntrepreneursGB ? #wbizawards18 I\xe2\x80\x99m judging !! https://t.co/GBOdrtQEtx',London
2018-04-20 20:16:56,b'RT @ThringsLaw: The lovely Fiona Kellow and Caroline Watson supporting the finalists at tonight\xe2\x80\x99s awards #WBizAwards18 https://t.co/tbipwg2\xe2\x80\xa6',London
2018-04-20 20:14:24,b'RT @ThringsLaw: Time for some lush dessert before the ceremony begins!! #countdown #WBizAwards18 https://t.co/a5nhUv5Zjd',London
2018-04-20 20:13:30,b'The lovely Fiona Kellow and Caroline Watson supporting the finalists at tonight\xe2\x80\x99s awards #WBizAwards18 https://t.co/tbipwg2Uh8',London
2018-04-20 20:11:35,"b""#WBizAwards18 Finalist for the 3rd year in a row, don't remember it being as hot as this before! #melting\xe2\x80\xa6 https://t.co/MNZ6zrgD39""",London
2018-04-20 20:10:03,b'Almost time... #WBizAwards18 https://t.co/awf6WssOjK',London
2018-04-20 20:09:24,b'RT @NlySocial: Ooh weeeee! \xe2\x80\x98It\xe2\x80\x99s getting hot in here! \xf0\x9f\x8e\xbc\xe2\x80\x99 #WBizAwards18 https://t.co/gK9vKuc1vf',London
2018-04-20 20:06:53,b'RT @coynie_p: Getting excited with Team Swindon Bus @thamesdown #WBizawards18 https://t.co/oBXKZH20sF',London
2018-04-20 20:06:47,b'RT @ThringsLaw: Time for some lush dessert before the ceremony begins!! #countdown #WBizAwards18 https://t.co/a5nhUv5Zjd',London
2018-04-20 20:05:50,b'Time for some lush dessert before the ceremony begins!! #countdown #WBizAwards18 https://t.co/a5nhUv5Zjd',London
2018-04-20 20:05:34,b'Ooh weeeee! \xe2\x80\x98It\xe2\x80\x99s getting hot in here! \xf0\x9f\x8e\xbc\xe2\x80\x99 #WBizAwards18 https://t.co/gK9vKuc1vf',London
2018-04-20 20:04:24,b'RT @WiltsBusiness: #WBizAwards18  all ready to roll https://t.co/JTnmp7KwRI',London
2018-04-20 20:01:58,b'Getting excited with Team Swindon Bus @thamesdown #WBizawards18 https://t.co/oBXKZH20sF',London
2018-04-20 20:01:57,b'Great to share the evening with these two. @thamesdown #WBizAwards18 https://t.co/BP2tHKAIpU',London
2018-04-20 20:00:19,b'RT @ThringsLaw: Good luck to Alex Pinhey with his speech tonight at #WBizAwards18 @ArkellsBrewery https://t.co/Nl45Ui4B99',London
2018-04-20 20:00:07,b' #WBizAwards18 RT @RichieMills2: Hello and welcome to what promises to be a stellar night at #Longleat for the Wiltshire Business Awards! Me and my collea\xe2\x80\xa6',London
2018-04-20 20:00:03,b'RT @nelsden: it\xe2\x80\x99s warming up as we get closer to the awards\xe2\x80\x99 announcements! #WBizAwards18',London
2018-04-20 19:59:57,b'RT @aliedgar13: If you like winning awards why not enter @EntrepreneursGB ? #wbizawards18 I\xe2\x80\x99m judging !! https://t.co/GBOdrtQEtx',London
2018-04-20 19:59:54,"b'RT @C3limited: Great food, plenty of happy people! #WBizAwards18 https://t.co/r4ylpBkBJ8'",London
2018-04-20 19:54:57,b'RT @BethAccessCT: Good luck to my amazing bestie @Nat_lucks founder of @NlySocial at the #WBizAwards18 tonight. Whether you win or not your\xe2\x80\xa6',London
2018-04-20 19:53:49,"b'Great food, plenty of happy people! #WBizAwards18 https://t.co/r4ylpBkBJ8'",London
2018-04-20 19:53:21,b'RT @BethAccessCT: Good luck to my amazing bestie @Nat_lucks founder of @NlySocial at the #WBizAwards18 tonight. Whether you win or not your\xe2\x80\xa6',London
2018-04-20 19:53:21,b'RT @ChowdhuryEnam2: Just arrived for a big night ahead #WBizAwards18 @centreparcs my business @GangesRWB is the finalist for two categories\xe2\x80\xa6',London
2018-04-20 19:52:50,b'If you like winning awards why not enter @EntrepreneursGB ? #wbizawards18 I\xe2\x80\x99m judging !! https://t.co/GBOdrtQEtx',London
2018-04-20 19:52:45,b'RT @ThringsLaw: Good luck to Alex Pinhey with his speech tonight at #WBizAwards18 @ArkellsBrewery https://t.co/Nl45Ui4B99',London
2018-04-20 19:52:14,b'it\xe2\x80\x99s warming up as we get closer to the awards\xe2\x80\x99 announcements! #WBizAwards18',London
2018-04-20 19:52:01,b'Good luck to my amazing bestie @Nat_lucks founder of @NlySocial at the #WBizAwards18 tonight. Whether you win or no\xe2\x80\xa6 https://t.co/nsNUFloZUm',London
2018-04-20 19:50:48,b'RT @ThringsLaw: Good luck to Alex Pinhey with his speech tonight at #WBizAwards18 @ArkellsBrewery https://t.co/Nl45Ui4B99',London
2018-04-20 19:49:06,b' #WBizAwards18 Hello and welcome to what promises to be a stellar night at #Longleat for the Wiltshire Business Awards! Me and my\xe2\x80\xa6 https://t.co/uy11NX2ik5',London
2018-04-20 19:48:13,b'Good luck to Alex Pinhey with his speech tonight at #WBizAwards18 @ArkellsBrewery https://t.co/Nl45Ui4B99',London
2018-04-20 19:45:47,b' #WBizAwards18 RT @BBCWiltshire: Our very own @itsgrahamrogers doing a fab job hosting the Wiltshire Business Awards tonight. Good luck to all the finalis\xe2\x80\xa6',London
2018-04-20 19:42:25,b'RT @LeeSherman86: @NlySocial you got this! #WBizAwards18 https://t.co/Njg0AgBzQi',London
2018-04-20 19:41:14,b'Lovely dinner at #WBizAwards18 https://t.co/To5Ei128tD',London
2018-04-20 19:38:56,b'#WBizAwards18 #garyveebreakfast Opec Amelia Gentleman #TakeABandToEngland Wikileaks #PutFootballInAFilm  https://t.co/THU33RQPX6',London
2018-04-20 19:35:58,b'Hello everyone hope u r having a fab eve #WBizAwards18 https://t.co/hPKiI8xW9g',London
2018-04-20 19:35:29,b' #WBizAwards18 RT @thamesdown: At the Wiltshire business awards 2018! Hoping for the win \xf0\x9f\x98\x83\xe2\xad\x90\xef\xb8\x8f @acchutter89 @AndrewWickhamGo @coynie_p @nmhalex #WBizAwards1\xe2\x80\xa6',London
2018-04-20 19:34:19,b'RT @LeeSherman86: @NlySocial you got this! #WBizAwards18 https://t.co/Njg0AgBzQi',London
2018-04-20 19:34:10,b'It\xe2\x80\x99s time for the Veuve Clicquot on table 11. So much fun being had at the #wbizawards18 https://t.co/rnVDNJUy2O',London
2018-04-20 19:32:30,b' #WBizAwards18 Excited to be representing @ThringsLaw tonight at the Wiltshire Business Awards! Good luck to all the contestants!!\xe2\x80\xa6 https://t.co/d1ooKdKGhk',London
2018-04-20 19:28:41,b'@NlySocial you got this! #WBizAwards18 https://t.co/Njg0AgBzQi',London
2018-04-20 19:28:16,b'Miles of smiles from Miles Window Systems Anthony Miles up for 2 awards. Good luck everyone!! #WBizAwards18 https://t.co/q9utYQGCr6',London
2018-04-20 19:27:48,b'Can\xe2\x80\x99t wait for this mans speech #WiltshireCaravans #WBizAwards18 https://t.co/cS5lt3mzqL',London
2018-04-20 19:27:34,b'#WBizAwards18 good luck naturally social',London
2018-04-20 19:27:16,b'RT @H5adventure: Table 7 Living the Dream #Wbizawards18 @H5adventure @pipstersolution @Busy_Books @GreenwayTrainer https://t.co/6t784IIVBF',London
2018-04-20 19:26:56,b'RT @PipsterSolution: Loving Table 7 - Pipster purple theme \xf0\x9f\x98\x8d #WBizAwards18 @H5adventure @Busy_Books @GreenwayTrainer @WiltsBusiness https:/\xe2\x80\xa6',London
2018-04-20 19:26:26,b'RT @PurpolMarketing: #WBizAwards18 room is buzzing  starter was great! https://t.co/NjTk32ChH5',London
2018-04-20 19:26:24,b'RT @11ellamai: Fingers crossed for Lingerie Outlet Store at the business awards 2018 \xf0\x9f\xa4\x9e\xf0\x9f\x8f\xbc\xf0\x9f\xa4\x9e\xf0\x9f\x8f\xbc\xe2\x9c\xa8\xe2\x9c\xa8 #wbizawards18 https://t.co/lOh5bU01Dg',London
2018-04-20 19:26:21,"b'RT @KathrynRoynonHR: @OrchAntonia @APTactive Good luck Antonia, have a wonderful evening xx #WBizAwards18'",London
2018-04-20 19:26:19,b'RT @daraheneghan: At the #WBizAwards18 with my wonderful new team \xf0\x9f\x92\x9e do they do this every weekend?',London
2018-04-20 19:26:17,"b'RT @KathrynRoynonHR: @Nat_lucks @BGGMelksham @WiltsBusiness Have a wonderful evening Natalie, best of luck xx #WBizAwards18'",London
2018-04-20 19:26:12,b'Table 7 Living the Dream #Wbizawards18 @H5adventure @pipstersolution @Busy_Books @GreenwayTrainer https://t.co/6t784IIVBF',London
2018-04-20 19:26:11,b'RT @aliedgar13: @drewwrintmore @Wiltscaravans Love #caravanlife #WBizAwards18',London
2018-04-20 19:26:10,b'RT @PurpolMarketing: Great to see so many friends here #waving #WBizAwards18',London
2018-04-20 19:25:29,b'RT @ThringsLaw: Big shiny man is very happy for all the finalists tonight #WBizAwards18 https://t.co/KpxW4ZIjZi',London
2018-04-20 19:25:25,b'RT @drewwrintmore: Getting nervous! C\xe2\x80\x99mon @Wiltscaravans #WBizAwards18 https://t.co/jzVreCLak0',London
2018-04-20 19:25:23,b'RT @aliedgar13: @MWrintmore @wiltsinchloss Looking good Wrintmore family #wbizawards18',London
2018-04-20 19:25:16,b'RT @PhillipsonPaul: Loving the vibe with the @swindonlingerie team at the #WBizAwards18',London
2018-04-20 19:25:13,b'RT @aliedgar13: Good luck everyone I\xe2\x80\x99m with you in spirit #WBizAwards18 https://t.co/ASTQGsp4j8',London
2018-04-20 19:23:37,b'RT @PurpolMarketing: #WBizAwards18 room is buzzing  starter was great! https://t.co/NjTk32ChH5',London
2018-04-20 19:23:06,b'RT @PipsterSolution: Loving Table 7 - Pipster purple theme \xf0\x9f\x98\x8d #WBizAwards18 @H5adventure @Busy_Books @GreenwayTrainer @WiltsBusiness https:/\xe2\x80\xa6',London
2018-04-20 19:22:35,b'Loving Table 7 - Pipster purple theme \xf0\x9f\x98\x8d #WBizAwards18 @H5adventure @Busy_Books @GreenwayTrainer @WiltsBusiness https://t.co/NJAEtRGT2Z',London
2018-04-20 19:20:57,b' #WBizAwards18 Business Awards 2018 with my Fianc\xc3\xa9 and his Uncles Company!! Come on Miles Window\xe2\x80\x99s! \xf0\x9f\x8e\x89 Good luck everyone from\xe2\x80\xa6 https://t.co/n3d9MUDYXF',London
2018-04-20 19:20:24,"b'@Nat_lucks @BGGMelksham @WiltsBusiness Have a wonderful evening Natalie, best of luck xx #WBizAwards18'",London
2018-04-20 19:20:16,b'At the #WBizAwards18 with my wonderful new team \xf0\x9f\x92\x9e do they do this every weekend?',London
2018-04-20 19:19:48,"b'RT @Nat_lucks: In the car, husband and parents alongside me - heading to @WiltsBusiness awards. See you soonnnnn! #WBizAwards18 https://t.c\xe2\x80\xa6'",London
2018-04-20 19:18:55,"b'@OrchAntonia @APTactive Good luck Antonia, have a wonderful evening xx #WBizAwards18'",London
2018-04-20 19:18:40,b'Fingers crossed for Lingerie Outlet Store at the business awards 2018 \xf0\x9f\xa4\x9e\xf0\x9f\x8f\xbc\xf0\x9f\xa4\x9e\xf0\x9f\x8f\xbc\xe2\x9c\xa8\xe2\x9c\xa8 #wbizawards18 https://t.co/lOh5bU01Dg',London
2018-04-20 19:18:30,b'RT @OrchAntonia: Proceedings just getting under way at #WBizAwards18 Go @APTactive finalists in FOUR awards \xf0\x9f\x98\x8a Fingers crossed \xf0\x9f\x8d\x80 https://t.c\xe2\x80\xa6',London
2018-04-20 19:17:33,b'#WBizAwards18 room is buzzing  starter was great! https://t.co/NjTk32ChH5',London
2018-04-20 19:16:02,b'RT @drewwrintmore: Getting nervous! C\xe2\x80\x99mon @Wiltscaravans #WBizAwards18 https://t.co/jzVreCLak0',London
2018-04-20 19:15:00,b'RT @ThringsLaw: Delighted to be attending and sponsoring the Wiltshire Business Awards #WBizAwards18 https://t.co/gc5UP5lANT',London
2018-04-20 19:14:55,b'@ThringsLaw Awwww my fav #wbizawards18',London
2018-04-20 19:14:30,b'@drewwrintmore @Wiltscaravans Love #caravanlife #WBizAwards18',London
2018-04-20 19:14:15,b'Great to see so many friends here #waving #WBizAwards18',London
2018-04-20 19:13:41,b'Big shiny man is very happy for all the finalists tonight #WBizAwards18 https://t.co/KpxW4ZIjZi',London
2018-04-20 19:11:41,"b""RT @CP_UK_Events: We're looking forward to welcoming @WiltsBusiness back to @CP_UK_Longleat for the #WBizAwards18. Good luck to all finalis\xe2\x80\xa6""",London
2018-04-20 19:11:38,b'Getting nervous! C\xe2\x80\x99mon @Wiltscaravans #WBizAwards18 https://t.co/jzVreCLak0',London
2018-04-20 19:11:36,b'RT @SamCoxST: Kicking off the #WBizAwards18 with @itsGrahamRogers ! Good luck everyone! https://t.co/aH9qVE21z6',London
2018-04-20 19:10:45,b'@MWrintmore @wiltsinchloss Looking good Wrintmore family #wbizawards18',London
2018-04-20 19:10:45,b'Loving the vibe with the @swindonlingerie team at the #WBizAwards18',London
2018-04-20 19:08:55,b'Good luck everyone I\xe2\x80\x99m with you in spirit #WBizAwards18 https://t.co/ASTQGsp4j8',London
2018-04-20 19:07:22,b'RT @PurpolMarketing: #WBizAwards18 Team Purpol looking glam #warminhere https://t.co/03b1w0lY6n',London
2018-04-20 19:07:20,b' #WBizAwards18 RT @BBCWiltshire: Our very own @itsgrahamrogers doing a fab job hosting the Wiltshire Business Awards tonight. Good luck to all the finalis\xe2\x80\xa6',London
2018-04-20 19:07:17,b'RT @ChowdhuryEnam2: Just arrived for a big night ahead #WBizAwards18 @centreparcs my business @GangesRWB is the finalist for two categories\xe2\x80\xa6',London
2018-04-20 19:07:14,b'RT @MWrintmore: Here at the #WBizAwards18 supporting @wiltsinchloss tonight! Here\xe2\x80\x99s to a great evening of success!\xf0\x9f\xa5\x82 https://t.co/ccudp9ytUm',London
2018-04-20 19:07:11,b'RT @coops220485: What a great night. Come on you Wiltshire Caravans #WBizAwards18 https://t.co/EXiodtWb1m',London
2018-04-20 19:07:01,b'RT @OrchAntonia: Proceedings just getting under way at #WBizAwards18 Go @APTactive finalists in FOUR awards \xf0\x9f\x98\x8a Fingers crossed \xf0\x9f\x8d\x80 https://t.c\xe2\x80\xa6',London
2018-04-20 19:06:58,b'@Wiltscaravans Good luck! #WBizAwards18',London
2018-04-20 19:06:46,b'RT @Wiltscaravans: Wish us luck #wbizawards18',London
2018-04-20 19:06:28,b'@BGGMelksham @NlySocial Thank you everyone! #WBizAwards18',London
2018-04-20 19:06:12,b'RT @BGGMelksham: Good luck to our member @Nat_lucks of @NlySocial at the #WBizAwards18 tonight - hope you and all the local businesses have\xe2\x80\xa6',London
2018-04-20 19:06:10,b'RT @NlySocial: @BGGMelksham @Nat_lucks Thanks everyone! I\xe2\x80\x99ll let you know how I get on! #WBizAwards18',London
2018-04-20 19:05:45,b'Wish us luck #wbizawards18',London
2018-04-20 19:04:38,b'@BGGMelksham @Nat_lucks Thanks everyone! I\xe2\x80\x99ll let you know how I get on! #WBizAwards18',London
2018-04-20 19:04:12,b'RT @BGGMelksham: Good luck to our member @Nat_lucks of @NlySocial at the #WBizAwards18 tonight - hope you and all the local businesses have\xe2\x80\xa6',London
2018-04-20 19:03:13,b'Proceedings just getting under way at #WBizAwards18 Go @APTactive finalists in FOUR awards \xf0\x9f\x98\x8a Fingers crossed \xf0\x9f\x8d\x80 https://t.co/gnZUlPt6BU',London
2018-04-20 19:03:11,b' #WBizAwards18 RT @thamesdown: At the Wiltshire business awards 2018! Hoping for the win \xf0\x9f\x98\x83\xe2\xad\x90\xef\xb8\x8f @acchutter89 @AndrewWickhamGo @coynie_p @nmhalex #WBizAwards1\xe2\x80\xa6',London
2018-04-20 19:02:49,b'Good luck to our member @Nat_lucks of @NlySocial at the #WBizAwards18 tonight - hope you and all the local businesses have a great evening',London
2018-04-20 19:01:46,"b'RT @Nat_lucks: In the car, husband and parents alongside me - heading to @WiltsBusiness awards. See you soonnnnn! #WBizAwards18 https://t.c\xe2\x80\xa6'",London
2018-04-20 19:01:28,b'RT @NlySocial: It\xe2\x80\x99s all starting at #WBizAwards18 https://t.co/oJLzTVVEKt',London
2018-04-20 18:58:49,b'RT @ChowdhuryEnam2: Just arrived for a big night ahead #WBizAwards18 @centreparcs my business @GangesRWB is the finalist for two categories\xe2\x80\xa6',London
2018-04-20 18:58:23,b'What a great night. Come on you Wiltshire Caravans #WBizAwards18 https://t.co/EXiodtWb1m',London
2018-04-20 18:57:42,b' #WBizAwards18 RT @BBCWiltshire: Our very own @itsgrahamrogers doing a fab job hosting the Wiltshire Business Awards tonight. Good luck to all the finalis\xe2\x80\xa6',London
2018-04-20 18:57:12,b'Here at the #WBizAwards18 supporting @wiltsinchloss tonight! Here\xe2\x80\x99s to a great evening of success!\xf0\x9f\xa5\x82 https://t.co/ccudp9ytUm',London
2018-04-20 18:57:01,b'Just arrived for a big night ahead #WBizAwards18 @centreparcs my business @GangesRWB is the finalist for two catego\xe2\x80\xa6 https://t.co/BTSzrAnKAL',London
2018-04-20 18:56:08,b' #WBizAwards18 Our very own @itsgrahamrogers doing a fab job hosting the Wiltshire Business Awards tonight. Good luck to all the f\xe2\x80\xa6 https://t.co/Rls4sRd3Jo',London
2018-04-20 18:55:54,b'RT @PurpolMarketing: #WBizAwards18 Team Purpol looking glam #warminhere https://t.co/03b1w0lY6n',London
2018-04-20 18:54:03,b'#WBizAwards18 Team Purpol looking glam #warminhere https://t.co/03b1w0lY6n',London
2018-04-20 18:53:47,b'Delighted to be attending and sponsoring the Wiltshire Business Awards #WBizAwards18 https://t.co/gc5UP5lANT',London
2018-04-20 18:53:46,b'Good luck to all the finalists this evening. Off we go!! #Natwest  #WBizAwards18',London
2018-04-20 18:51:39,b'Kicking off the #WBizAwards18 with @itsGrahamRogers ! Good luck everyone! https://t.co/aH9qVE21z6',London
2018-04-20 18:50:43,b'RT @SamShepherd: Good turn out for the #wbizawards18  at Center Parcs @swindonadver https://t.co/s9JHQUBR37',London
2018-04-20 18:50:40,b'RT @ThringsLaw: Good luck to all the finalists this evening at the Wiltshire Business Awards #WBizAwards18 https://t.co/lYlh5XHUIP',London
2018-04-20 18:50:40,b'Good luck to @FirstCityLtd at #wbizawards18 great venue https://t.co/niDi1n3sqj',London
2018-04-20 18:50:30,b'The C4S Team are looking forward to tonight at the #WBizAwards18 #C4SSearch \xf0\x9f\xa5\x82\xf0\x9f\x8d\xbe',London
2018-04-20 18:50:29,b'RT @WiltsBusiness: And here we go #WBizAwards18 https://t.co/p84YXMOYeV',London
2018-04-20 18:50:13,b'Here we goooooo!! #WBizAwards18 Wish us luck \xf0\x9f\xa4\x9e\xf0\x9f\x8f\xbc https://t.co/tDJ8KXP4nu',London
2018-04-20 18:50:09,b'RT @PurpolMarketing: #WBizAwards18 room looking fab congrats all finalists https://t.co/vGsWRqWeJi',London
2018-04-20 18:50:08,b' #WBizAwards18 At the Wiltshire Business Awards tonight supporting Bechtle who are finalists in 4 categories! Good luck Bechtle\xe2\x80\xa6 https://t.co/V2E6slSOdd',London
2018-04-20 18:50:00,b'RT @Busy_Books: @CenterParcsUK #WBizAwards18 @BBCWiltshire @itsGrahamRogers We are here!!! https://t.co/mZJ9cgjRqd',London
2018-04-20 18:49:57,b'@TheCMSGroup Good luck! #WBizAwards18',London
2018-04-20 18:49:52,b'Good luck to the Squeeky Cleaners at the #wbizawards18 https://t.co/3aSGpezrFx',London
2018-04-20 18:49:47,b'RT @TheCMSGroup: Wish us luck at the Wiltshire business awards #WBizAwards18 \xf0\x9f\x8e\x89 https://t.co/LQXVho5bVP',London
2018-04-20 18:49:41,b'RT @PurpolMarketing: Well done to all the sponsors and thanks #WBizAwards18 https://t.co/pRBWb6eIRF',London
2018-04-20 18:49:12,b'RT @FuturePlanningW: #wbizawards18 here we go! Proud to be sponsoring such an amazing event for our local community \xf0\x9f\x98\x80 @FuturePlanningW http\xe2\x80\xa6',London
2018-04-20 18:49:01,"b' #WBizAwards18 RT @BewleyMerrett: Very excited to be attending Wiltshire Business Awards this evening, nominated in FOUR categories, Customer &amp; Staff Care\xe2\x80\xa6'",London
2018-04-20 18:48:53,b'RT @785_keen: Miles window systems ready to pick up there award #wbizawards18 https://t.co/ja9tumlMzU',London
2018-04-20 18:48:49,b'RT @FuturePlanningW: #WBizAwards18 amazing to hear about such a good cause. #Alzheimers https://t.co/m2R37FY2Fv',London
2018-04-20 18:48:44,b'RT @poppyspicnic: Eek. Lets just hope the car doesn\xe2\x80\x99t turn into a \xf0\x9f\x8e\x83 and \xf0\x9f\x90\x81 \n\nFinalists in the Wiltshire Business awards! #WBizAwards18 \n\nWoo\xe2\x80\xa6',London
2018-04-20 18:47:35,b'Eek. Lets just hope the car doesn\xe2\x80\x99t turn into a \xf0\x9f\x8e\x83 and \xf0\x9f\x90\x81 \n\nFinalists in the Wiltshire Business awards! #WBizAwards18\xe2\x80\xa6 https://t.co/ZXlhRevKtg',London
2018-04-20 18:47:16,b'#WBizAwards18 amazing to hear about such a good cause. #Alzheimers https://t.co/m2R37FY2Fv',London
2018-04-20 18:47:09,b'Miles window systems ready to pick up there award #wbizawards18 https://t.co/ja9tumlMzU',London
2018-04-20 18:46:07,"b' #WBizAwards18 Very excited to be attending Wiltshire Business Awards this evening, nominated in FOUR categories, Customer &amp; Staff\xe2\x80\xa6 https://t.co/5Nc4XEeyj5'",London
2018-04-20 18:45:53,b'RT @SharonOmerKaye: Here we go #WBizAwards18  good luck everyone from #RSM',London
2018-04-20 18:45:39,b'RT @PurpolMarketing: #WBizAwards18 we are delighted to be here @PurpolGW @Fearless_Jord13 @Busy_Books @NlySocial @APTactive',London
2018-04-20 18:42:11,b'Here we go #WBizAwards18  good luck everyone from #RSM',London
2018-04-20 18:42:11,"b""RT @ABDynamics: Only 2 hours to go until the #WBizAwards18 organised by @WiltsBusiness. We're delighted to be nominated for both the @NatWe\xe2\x80\xa6""",London
2018-04-20 18:41:52,b'RT @PurpolMarketing: #WBizAwards18 we are delighted to be here @PurpolGW @Fearless_Jord13 @Busy_Books @NlySocial @APTactive',London
2018-04-20 18:41:40,b' #WBizAwards18 RT @thamesdown: At the Wiltshire business awards 2018! Hoping for the win \xf0\x9f\x98\x83\xe2\xad\x90\xef\xb8\x8f @acchutter89 @AndrewWickhamGo @coynie_p @nmhalex #WBizAwards1\xe2\x80\xa6',London
2018-04-20 18:41:26,b'#wbizawards18 here we go! Proud to be sponsoring such an amazing event for our local community \xf0\x9f\x98\x80 @FuturePlanningW https://t.co/ujjpqvxDqS',London
2018-04-20 18:41:20,b'#WBizAwards18 all ready to go #@APTactive #goodluck',London
2018-04-20 18:41:15,b'#WBizAwards18 we are delighted to be here @PurpolGW @Fearless_Jord13 @Busy_Books @NlySocial @APTactive',London
2018-04-20 18:41:00,b'So proud to sponsor the #WBizAwards18 Great evening alongside some admirable businesses from the local community! https://t.co/VmLNZvnjlf',London
2018-04-20 18:40:59,b'RT @Busy_Books: @CenterParcsUK #WBizAwards18 @BBCWiltshire @itsGrahamRogers We are here!!! https://t.co/mZJ9cgjRqd',London
2018-04-20 18:40:56,b' #WBizAwards18 At the Wiltshire business awards 2018! Hoping for the win \xf0\x9f\x98\x83\xe2\xad\x90\xef\xb8\x8f @acchutter89 @AndrewWickhamGo @coynie_p @nmhalex\xe2\x80\xa6 https://t.co/qE0l7W6ypy',London
2018-04-20 18:40:08,b'Good luck to our colleagues at Swindon Bus this evening at the Wiltshire business awards! #WBizAwards18',London
2018-04-20 18:37:53,b'Well done to all the sponsors and thanks #WBizAwards18 https://t.co/pRBWb6eIRF',London
2018-04-20 18:37:20,b'Wish us luck at the Wiltshire business awards #WBizAwards18 \xf0\x9f\x8e\x89 https://t.co/LQXVho5bVP',London
2018-04-20 18:37:08,b'@CenterParcsUK #WBizAwards18 @BBCWiltshire @itsGrahamRogers We are here!!! https://t.co/mZJ9cgjRqd',London
2018-04-20 18:36:55,b'RT @PurpolMarketing: #WBizAwards18 great to be here https://t.co/Smp5a9Fi7z',London
2018-04-20 18:36:43,b'#WBizAwards18 room looking fab congrats all finalists https://t.co/vGsWRqWeJi',London
2018-04-20 18:36:08,b'And here we go #WBizAwards18 https://t.co/p84YXMOYeV',London
2018-04-20 18:36:00,b'It\xe2\x80\x99s all starting at #WBizAwards18 https://t.co/oJLzTVVEKt',London
2018-04-20 18:35:51,b'#WBizAwards18 great to be here https://t.co/Smp5a9Fi7z',London
2018-04-20 18:34:36,b'RT @ThringsLaw: Good luck to all the finalists this evening at the Wiltshire Business Awards #WBizAwards18 https://t.co/lYlh5XHUIP',London
2018-04-20 18:34:13,b'Good luck to all the finalists this evening at the Wiltshire Business Awards #WBizAwards18 https://t.co/lYlh5XHUIP',London
2018-04-20 18:26:04,b'Good turn out for the #wbizawards18  at Center Parcs @swindonadver https://t.co/s9JHQUBR37',London
2018-04-20 17:51:15,"b'RT @Nat_lucks: In the car, husband and parents alongside me - heading to @WiltsBusiness awards. See you soonnnnn! #WBizAwards18 https://t.c\xe2\x80\xa6'",London
2018-04-20 17:51:13,"b""RT @CP_UK_Events: We're looking forward to welcoming @WiltsBusiness back to @CP_UK_Longleat for the #WBizAwards18. Good luck to all finalis\xe2\x80\xa6""",London
2018-04-20 17:50:35,"b""RT @CP_UK_Events: We're looking forward to welcoming @WiltsBusiness back to @CP_UK_Longleat for the #WBizAwards18. Good luck to all finalis\xe2\x80\xa6""",London
2018-04-20 17:50:35,"b'In the car, husband and parents alongside me - heading to @WiltsBusiness awards. See you soonnnnn! #WBizAwards18 https://t.co/tcrWIwpmdb'",London
2018-04-20 17:49:22,b'@Busy_Books @WiltsBusiness Eek!! See you soon ladies! #WBizAwards18',London
2018-04-20 17:48:58,b'@WiltsBusiness Woohoo! On our way! #WBizAwards18',London
2018-04-20 17:48:42,b'RT @WiltsBusiness: #WBizAwards18  all ready to roll https://t.co/JTnmp7KwRI',London
2018-04-20 17:37:17,b'RT @WiltsBusiness: #WBizAwards18  all ready to roll https://t.co/JTnmp7KwRI',London
2018-04-20 17:36:19,b'#WBizAwards18  all ready to roll https://t.co/JTnmp7KwRI',London
2018-04-20 17:17:26,b'RT @itsGrahamRogers: Just arrived @CP_UK_Longleat for the #WBizAwards18 - good luck to all our finalists.  Hopefully see you on stage later.',London
2018-04-20 17:17:19,b' #WBizAwards18 RT @CP_UK_Longleat: @CP_UK_Events at Longleat Forest are looking forward to hosting the Wiltshire Business Awards 2018 this evening. Good L\xe2\x80\xa6',London
2018-04-20 17:00:05,b'Just arrived @CP_UK_Longleat for the #WBizAwards18 - good luck to all our finalists.  Hopefully see you on stage later.',London
2018-04-20 16:56:28,b'On my way to the #WBizAwards18 looking forward to a great evening with the @mitchelllawuk gang! https://t.co/T6BxCluTy8',London
2018-04-20 16:22:33,b'@ABDynamics @NatWestBusiness @ThringsLaw Look forward to seeing you later #WBizAwards18',London
2018-04-20 16:21:53,"b""RT @ABDynamics: Only 2 hours to go until the #WBizAwards18 organised by @WiltsBusiness. We're delighted to be nominated for both the @NatWe\xe2\x80\xa6""",London
2018-04-20 16:04:30,"b""Only 2 hours to go until the #WBizAwards18 organised by @WiltsBusiness. We're delighted to be nominated for both th\xe2\x80\xa6 https://t.co/QOKMACyd9M""",London
2018-04-20 15:58:18,b'@Busy_Books See you later for a great night #WBizAwards18',London
2018-04-20 14:58:50,"b"" #WBizAwards18 RT @bechtle_uk: It's a BIG day in the Bechtle UK office today! We're celebrating our 20th anniversary in style and then topping it off with\xe2\x80\xa6""",London
2018-04-20 14:11:04,"b"" #WBizAwards18 RT @bechtle_uk: It's a BIG day in the Bechtle UK office today! We're celebrating our 20th anniversary in style and then topping it off with\xe2\x80\xa6""",London
2018-04-20 12:28:56,b'Looking forward to meeting the finalists tonight at #WBizAwards18 - good luck everyone',London
2018-04-20 12:27:39,"b'RT @WiltsBusiness: Just 24 hrs to go to the Business event of the year, #WBizAwards18, organised by @WiltsBusiness with the support of our\xe2\x80\xa6'",London
2018-04-20 11:11:41,"b""RT @CP_UK_Events: We're looking forward to welcoming @WiltsBusiness back to @CP_UK_Longleat for the #WBizAwards18. Good luck to all finalis\xe2\x80\xa6""",London
2018-04-20 10:15:33,"b' #WBizAwards18 Looking forward to the Wiltshire Business Awards gala dinner at Centre Parcs, Longleat tonight. SMARTech energy are\xe2\x80\xa6 https://t.co/9gYFsjtSpV'",London
2018-04-20 09:54:52,b'The Bechtle UK team are at #WBizAwards18 today. Fingers crossed! #zukunftsstark https://t.co/uEi5aum1AS',London
2018-04-20 09:03:24,b'RT @coynie_p: Looking forward to the #WBizAwards18 this evening with Team Swindon Bus @thamesdown @acchutter89',London
2018-04-20 09:02:53,b'RT @coynie_p: Looking forward to the #WBizAwards18 this evening with Team Swindon Bus @thamesdown @acchutter89',London
2018-04-20 09:01:59,b' #WBizAwards18 RT @CP_UK_Longleat: @CP_UK_Events at Longleat Forest are looking forward to hosting the Wiltshire Business Awards 2018 this evening. Good L\xe2\x80\xa6',London
2018-04-20 09:01:18,b'Looking forward to the #WBizAwards18 this evening with Team Swindon Bus @thamesdown @acchutter89',London
2018-04-20 09:00:40,b' #WBizAwards18 @CP_UK_Events at Longleat Forest are looking forward to hosting the Wiltshire Business Awards 2018 this evening. Go\xe2\x80\xa6 https://t.co/IMEjeKiMXY',London
2018-04-20 08:43:39,"b""We're looking forward to welcoming @WiltsBusiness back to @CP_UK_Longleat for the #WBizAwards18. Good luck to all f\xe2\x80\xa6 https://t.co/DehB3635Uf""",London
2018-04-20 08:37:13,"b"" #WBizAwards18 It's a BIG day in the Bechtle UK office today! We're celebrating our 20th anniversary in style and then topping it\xe2\x80\xa6 https://t.co/RkyHhl41jm""",London
2018-04-20 08:33:07,b'RT @itsGrahamRogers: Tomorrow evening I will be hosting the #WBizAwards18 at @CP_UK_Longleat - always an amazing evening. Good luck to all\xe2\x80\xa6',London
2018-04-20 05:54:59,b'Looking forward to celebrating with all the other finalists tonight at the #WBizAwards18 - such an achievement for\xe2\x80\xa6 https://t.co/tQswwvk231',London
2018-04-20 05:45:01,"b'RT @WiltsBusiness: Just 24 hrs to go to the Business event of the year, #WBizAwards18, organised by @WiltsBusiness with the support of our\xe2\x80\xa6'",London
2018-04-19 22:37:06,"b'RT @WiltsBusiness: Just 24 hrs to go to the Business event of the year, #WBizAwards18, organised by @WiltsBusiness with the support of our\xe2\x80\xa6'",London
2018-04-19 21:37:30,"b'RT @WiltsBusiness: Just 24 hrs to go to the Business event of the year, #WBizAwards18, organised by @WiltsBusiness with the support of our\xe2\x80\xa6'",London
2018-04-19 20:59:38,"b'RT @WiltsBusiness: Just 24 hrs to go to the Business event of the year, #WBizAwards18, organised by @WiltsBusiness with the support of our\xe2\x80\xa6'",London
2018-04-19 20:25:47,"b'RT @WiltsBusiness: Just 24 hrs to go to the Business event of the year, #WBizAwards18, organised by @WiltsBusiness with the support of our\xe2\x80\xa6'",London
2018-04-19 20:16:40,"b'RT @WiltsBusiness: Just 24 hrs to go to the Business event of the year, #WBizAwards18, organised by @WiltsBusiness with the support of our\xe2\x80\xa6'",London
2018-04-19 20:15:42,"b'Just 24 hrs to go to the Business event of the year, #WBizAwards18, organised by @WiltsBusiness with the support of\xe2\x80\xa6 https://t.co/hd935aYcVQ'",London
2018-04-19 17:39:02,b' #WBizAwards18 @itsGrahamRogers @CP_UK_Longleat You always do an amazing job @itsGrahamRogers.  Looking forward to another great y\xe2\x80\xa6 https://t.co/lMqWkZCg8M',London
2018-04-19 17:35:33,b'RT @itsGrahamRogers: Tomorrow evening I will be hosting the #WBizAwards18 at @CP_UK_Longleat - always an amazing evening. Good luck to all\xe2\x80\xa6',London
2018-04-19 17:35:06,b'RT @itsGrahamRogers: Tomorrow evening I will be hosting the #WBizAwards18 at @CP_UK_Longleat - always an amazing evening. Good luck to all\xe2\x80\xa6',London
2018-04-19 17:13:40,"b"" #WBizAwards18 RT @itsGrahamRogers: On @BBCWiltshire between 4 &amp; 7pm, we will hear from the last two finalists in our category 'Services to the Community'\xe2\x80\xa6""",London
2018-04-19 17:11:19,b'Tomorrow evening I will be hosting the #WBizAwards18 at @CP_UK_Longleat - always an amazing evening. Good luck to a\xe2\x80\xa6 https://t.co/BgiOfLxvUz',London
2018-04-19 15:42:47,"b"" #WBizAwards18 RT @itsGrahamRogers: On @BBCWiltshire between 4 &amp; 7pm, we will hear from the last two finalists in our category 'Services to the Community'\xe2\x80\xa6""",London
2018-04-19 15:41:55,"b"" #WBizAwards18 RT @itsGrahamRogers: On @BBCWiltshire between 4 &amp; 7pm, we will hear from the last two finalists in our category 'Services to the Community'\xe2\x80\xa6""",London
2018-04-19 15:03:54,"b"" #WBizAwards18 RT @itsGrahamRogers: On @BBCWiltshire between 4 &amp; 7pm, we will hear from the last two finalists in our category 'Services to the Community'\xe2\x80\xa6""",London
2018-04-19 14:35:14,"b"" #WBizAwards18 RT @itsGrahamRogers: On @BBCWiltshire between 4 &amp; 7pm, we will hear from the last two finalists in our category 'Services to the Community'\xe2\x80\xa6""",London
2018-04-19 14:04:43,"b"" #WBizAwards18 On @BBCWiltshire between 4 &amp; 7pm, we will hear from the last two finalists in our category 'Services to the Communi\xe2\x80\xa6 https://t.co/Nqa9wpdeBG""",London
2018-04-19 14:04:10,"b""#TBT from last year's awards #WBizAwards18 https://t.co/jv7Gj350rw""",London
2018-04-19 09:08:33,b'@ThringsLaw We wish you the best of luck! #fourleafclover #WBizAwards18',London
2018-04-19 07:21:27,"b""RT @itsGrahamRogers: Later on @BBCWiltshire meet another finalist in our category 'Services to the Community' at the #WBizAwards18 - tonigh\xe2\x80\xa6""",London
2018-04-18 17:11:12,"b""RT @itsGrahamRogers: Later on @BBCWiltshire meet another finalist in our category 'Services to the Community' at the #WBizAwards18 - tonigh\xe2\x80\xa6""",London
2018-04-18 17:10:22,"b""RT @itsGrahamRogers: Later on @BBCWiltshire meet another finalist in our category 'Services to the Community' at the #WBizAwards18 - tonigh\xe2\x80\xa6""",London
2018-04-18 16:01:18,"b""RT @itsGrahamRogers: Later on @BBCWiltshire meet another finalist in our category 'Services to the Community' at the #WBizAwards18 - tonigh\xe2\x80\xa6""",London
2018-04-18 16:00:48,b'RT @ThringsLaw: Who is joining us on Friday at the #WBizAwards18? @WiltsBusiness https://t.co/QCPYFFyHRC',London
2018-04-18 14:02:36,b'Who is joining us on Friday at the #WBizAwards18? @WiltsBusiness https://t.co/QCPYFFyHRC',London
2018-04-18 13:40:57,"b""RT @itsGrahamRogers: Later on @BBCWiltshire meet another finalist in our category 'Services to the Community' at the #WBizAwards18 - tonigh\xe2\x80\xa6""",London
2018-04-18 13:40:28,"b""Later on @BBCWiltshire meet another finalist in our category 'Services to the Community' at the #WBizAwards18 - ton\xe2\x80\xa6 https://t.co/KXBeAnbG8y""",London
2018-04-18 07:22:25,b'@Bespoketrain @hr4businessUK have a fab evening on Friday at #WBizawards18',London
2018-04-17 16:56:35,"b"" #WBizAwards18 RT @itsGrahamRogers: After 6pm, we'll meet another of the finalists in the @BBCWiltshire category 'Services to the Community' in the #WBizA\xe2\x80\xa6""",London
2018-04-17 16:22:20,"b"" #WBizAwards18 RT @itsGrahamRogers: After 6pm, we'll meet another of the finalists in the @BBCWiltshire category 'Services to the Community' in the #WBizA\xe2\x80\xa6""",London
2018-04-17 16:22:01,"b"" #WBizAwards18 After 6pm, we'll meet another of the finalists in the @BBCWiltshire category 'Services to the Community' in the\xe2\x80\xa6 https://t.co/7OuRtb3ZRb""",London
2018-04-17 13:29:36,b' #WBizAwards18 RT @PipsterSolution: Excited to receive our tickets for the @WiltsBusiness Awards Gala Dinner! Good luck to all the finalists - I hope to b\xe2\x80\xa6',London
2018-04-17 13:06:55,b' #WBizAwards18 Excited to receive our tickets for the @WiltsBusiness Awards Gala Dinner! Good luck to all the finalists - I hope t\xe2\x80\xa6 https://t.co/OEDr6Y1IH4',London
2018-04-17 08:44:33,b' #WBizAwards18 RT @WiltsBusiness: Keep listening to @itsGrahamRogers on @BBCWiltshire radio who will be interviewing a finalist from this Friday\xe2\x80\x99s #WBizAw\xe2\x80\xa6',London
2018-04-16 20:15:23,b'RT @LouK1967: Looking forward to the #WBizAwards18 gala dinner @CP_UK_Longleat this Friday evening. In the meantime you can hear @itsGraham\xe2\x80\xa6',London
2018-04-16 19:23:14,b'RT @LouK1967: Looking forward to the #WBizAwards18 gala dinner @CP_UK_Longleat this Friday evening. In the meantime you can hear @itsGraham\xe2\x80\xa6',London
2018-04-16 19:21:28,b'Looking forward to the #WBizAwards18 gala dinner @CP_UK_Longleat this Friday evening. In the meantime you can hear\xe2\x80\xa6 https://t.co/gsskUWtfm5',London
2018-04-16 17:32:42,"b"" #WBizAwards18 RT @itsGrahamRogers: All this week, you can hear from the finalists in the @BBCWiltshire category 'Services to the Community' in the #WBizA\xe2\x80\xa6""",London
2018-04-16 17:32:06,"b"" #WBizAwards18 RT @itsGrahamRogers: All this week, you can hear from the finalists in the @BBCWiltshire category 'Services to the Community' in the #WBizA\xe2\x80\xa6""",London
2018-04-16 17:30:55,b' #WBizAwards18 RT @WiltsBusiness: Keep listening to @itsGrahamRogers on @BBCWiltshire radio who will be interviewing a finalist from this Friday\xe2\x80\x99s #WBizAw\xe2\x80\xa6',London
2018-04-16 17:30:11,b' #WBizAwards18 Keep listening to @itsGrahamRogers on @BBCWiltshire radio who will be interviewing a finalist from this Friday\xe2\x80\x99s\xe2\x80\xa6 https://t.co/IPvLdxJ689',London
2018-04-16 16:21:18,b'RT @zoeprce: Are you and your business attending the #WBizAwards18 awards night on Friday? Being held @CenterParcsUK Longleat...\n@Bespoketr\xe2\x80\xa6',London
2018-04-16 16:04:45,"b"" #WBizAwards18 RT @itsGrahamRogers: All this week, you can hear from the finalists in the @BBCWiltshire category 'Services to the Community' in the #WBizA\xe2\x80\xa6""",London
2018-04-16 16:01:44,"b"" #WBizAwards18 All this week, you can hear from the finalists in the @BBCWiltshire category 'Services to the Community' in the\xe2\x80\xa6 https://t.co/tUqBq0DtBn""",London
2018-04-16 15:42:14,b'Are you and your business attending the #WBizAwards18 awards night on Friday? Being held @CenterParcsUK Longleat...\xe2\x80\xa6 https://t.co/hIerupHPsS',London
2018-04-16 15:40:03,b' #WBizAwards18 RT @zoeprce: Excited about the Wiltshire Business Awards - we will know who all the winners will be this Friday evening! @Bespoketrain @hr4\xe2\x80\xa6',London
2018-04-16 15:20:59,b' #WBizAwards18 Tune into the @itsGrahamRogers show on @BBCWiltshire at 4.45pm today to hear Partner Simon Hore talking all about t\xe2\x80\xa6 https://t.co/8X3mkPBjQp',London
2018-04-16 15:12:36,b'RT @WiltsBusiness: Listen to @ThringsLaw on the @itsGrahamRogers show on  @BBCWiltshire  4.45pm today talking all about the #WBizAwards18.',London
2018-04-16 15:04:41,b'RT @WiltsBusiness: #WBizAwards18 would like to thank all our sponsors for making this another great year celebrating the very best of busin\xe2\x80\xa6',London
2018-04-16 14:33:21,b'RT @WiltsBusiness: Listen to @ThringsLaw on the @itsGrahamRogers show on  @BBCWiltshire  4.45pm today talking all about the #WBizAwards18.',London
2018-04-16 14:32:38,b'Listen to @ThringsLaw on the @itsGrahamRogers show on  @BBCWiltshire  4.45pm today talking all about the #WBizAwards18.',London
2018-04-16 11:33:06,b'@Bespoketrain and @hr4businessUK will see the #WBizAwards18 entrants and winners at @centreParcsUK on Friday evening https://t.co/kH5AFQfXYS',London
2018-04-16 11:22:13,b' #WBizAwards18 Excited about the Wiltshire Business Awards - we will know who all the winners will be this Friday evening!\xe2\x80\xa6 https://t.co/DUcxh1MyH9',London
2018-04-14 07:51:41,b' #WBizAwards18 RT @ThringsLaw: Another great visit today to @BewleyMerrett we were excited to hear about their plans for a busy and environmentally sustai\xe2\x80\xa6',London
2018-04-13 10:31:08,b' #WBizAwards18 RT @GFeatonbyThring: A brilliant night celebrating the amazing businesses of Wiltshire. Who will win @ThringsLaw Outstanding Excellence Awa\xe2\x80\xa6',London
2018-04-13 10:30:59,"b"" #WBizAwards18 RT @ABDynamics: We're delighted to be finalists for both the @NatWestBusiness Medium Sized Enterprise Award and the @ThringsLaw Outstanding\xe2\x80\xa6""",London
2018-04-13 10:11:50,b' #WBizAwards18 RT @GFeatonbyThring: A brilliant night celebrating the amazing businesses of Wiltshire. Who will win @ThringsLaw Outstanding Excellence Awa\xe2\x80\xa6',London
2018-04-13 09:47:33,"b"" #WBizAwards18 We're delighted to be finalists for both the @NatWestBusiness Medium Sized Enterprise Award and the @ThringsLaw Out\xe2\x80\xa6 https://t.co/lNmpfjRXNg""",London
2018-04-13 06:51:23,b' #WBizAwards18 A brilliant night celebrating the amazing businesses of Wiltshire. Who will win @ThringsLaw Outstanding Excellence\xe2\x80\xa6 https://t.co/kARKUCNM8G',London
2018-04-12 13:52:31,"b""RT @WiltsBusiness: Nearly time for the #WBizAwards18 @CP_UK_Longleat hosted by @itsGrahamRogers . If you're on the guest list your ticket w\xe2\x80\xa6""",London
2018-04-12 12:03:09,"b""RT @WiltsBusiness: Nearly time for the #WBizAwards18 @CP_UK_Longleat hosted by @itsGrahamRogers . If you're on the\xe2\x80\xa6 https://t.co/x9536Agmna""",London
2018-04-12 11:59:30,"b""Nearly time for the #WBizAwards18 @CP_UK_Longleat hosted by @itsGrahamRogers . If you're on the guest list your tic\xe2\x80\xa6 https://t.co/Dt5ld3g0I3""",London
2018-04-12 11:49:26,b'RT @CP_UK_Longleat: @CP_UK_Events are delighted to be hosting the @WiltsBusiness #WBizAwards18 at @CP_UK_Longleat next week! #MeetingsInThe\xe2\x80\xa6',London
2018-04-12 08:57:24,b'@CP_UK_Events are delighted to be hosting the @WiltsBusiness #WBizAwards18 at @CP_UK_Longleat next week!\xe2\x80\xa6 https://t.co/mLuSymFNsi',London
2018-04-12 08:45:44,"b""We're delighted to be hosting the @WiltsBusiness #WBizAwards18 at @CP_UK_Longleat next week! #MeetingsInTheForest https://t.co/3IAjmqQlAQ""",London
2018-04-11 20:01:43,b'RT @WiltsBusiness: #WBizAwards18 would like to thank all our sponsors for making this another great year celebrating the very best of busin\xe2\x80\xa6',London
2018-04-11 14:32:56,b'RT @WiltsBusiness: #WBizAwards18 would like to thank all our sponsors for making this another great year celebrating the very best of busin\xe2\x80\xa6',London
2018-04-11 14:32:11,b'RT @WiltsBusiness: #WBizAwards18 would like to thank all our sponsors for making this another great year celebrating the very best of busin\xe2\x80\xa6',London
