2018-04-20 18:32:00,b'These are the latest planning applications for #Woky https://t.co/YxSITaEAd3',London
2018-04-20 17:22:47,"b'RT @PrueBray: so, 18 seats up in #woky borough and Tories are fielding 17 men and just 1 woman.  Not exactly female friendly are they?  (Fo\xe2\x80\xa6'",London
2018-04-20 17:04:13,"b"" #Woky RT @ReadingGuide: TRAVELLING this weekend? Don't leave home without checking &gt;&gt; https://t.co/cTnEYKdd77 &lt;&lt; for links to live Road, Rail, Ai\xe2\x80\xa6""",London
2018-04-20 17:03:44,"b"" #Woky USUAL top list of Events in the #Rdg area tonight &gt; https://t.co/cTnEYKdd77 &lt; What's On, with full contact details\xe2\x80\xa6 https://t.co/G9SGAPCsXY""",London
2018-04-20 17:03:20,b' #Woky RT @ReadingGuide: SO MANY top theatres in the #Rdg area! Click here &gt;&gt; https://t.co/AClMEB72vr &lt;&lt; for one-hit links to each of them - do th\xe2\x80\xa6',London
2018-04-20 17:02:38,b' #Woky FLYING THIS WEEKEND? Before you leave home see &gt;https://t.co/cTnEYKdd77 &lt; live flight info #Heathrow #Gatwick\xe2\x80\xa6 https://t.co/FS2Cd69aUO',London
2018-04-20 17:01:33,b' #Woky RT @ReadingGuide: NEWSROUND - Click &gt; https://t.co/cTnEYKdd77 &lt; and check all the latest from the leading news and info websites in the #Be\xe2\x80\xa6',London
2018-04-20 17:01:25,b' #Woky RT @ReadingGuide: TRAIN to catch or meet? Is it on time? Delayed? See &gt; https://t.co/cTnEYKdd77 &lt; for link to live departures/arrivals boar\xe2\x80\xa6',London
2018-04-20 17:01:18,"b"" #Woky RT @ReadingGuide: INFO-HUB for all Reading reading &gt; https://t.co/cTnEYKdd77 &lt; links to local News and Sport sites, What's On, Travel inclu\xe2\x80\xa6""",London
2018-04-20 16:28:41,"b'RT @PrueBray: so, 18 seats up in #woky borough and Tories are fielding 17 men and just 1 woman.  Not exactly female friendly are they?  (Fo\xe2\x80\xa6'",London
2018-04-20 15:45:12,"b'RT @PrueBray: so, 18 seats up in #woky borough and Tories are fielding 17 men and just 1 woman.  Not exactly female friendly are they?  (Fo\xe2\x80\xa6'",London
2018-04-20 15:12:51,"b'RT @PrueBray: so, 18 seats up in #woky borough and Tories are fielding 17 men and just 1 woman.  Not exactly female friendly are they?  (Fo\xe2\x80\xa6'",London
2018-04-20 15:12:09,"b'so, 18 seats up in #woky borough and Tories are fielding 17 men and just 1 woman.  Not exactly female friendly are\xe2\x80\xa6 https://t.co/b8FwqDa9nc'",London
2018-04-20 14:00:47,b' #Woky Self-employed reminded about 2018-19 National Insurance Contributions clink the link to read more!\xe2\x80\xa6 https://t.co/UnRD7K0CqD',London
2018-04-20 13:35:08,"b"" #Woky INFO-HUB for all Reading reading &gt; https://t.co/cTnEYKdd77 &lt; links to local News and Sport sites, What's On, Travel\xe2\x80\xa6 https://t.co/Rp45LMNnTP""",London
2018-04-20 13:33:09,b' #Woky TRAIN to catch or meet? Is it on time? Delayed? See &gt; https://t.co/cTnEYKdd77 &lt; for link to live departures/arrival\xe2\x80\xa6 https://t.co/0ZLoGWeCBY',London
2018-04-20 13:32:15,b' #Woky RT @ReadingGuide: FLYING? Before you take off from home see &gt;https://t.co/cTnEYKdd77&lt; live flight info #Heathrow #Gatwick #Southampton #Lut\xe2\x80\xa6',London
2018-04-20 13:31:55,b' #Woky RT @ReadingGuide: MANY LOVELY country houses and estates to explore in the local area &gt;&gt; https://t.co/cTnEYKdd77 &lt;&lt; has the list with full\xe2\x80\xa6',London
2018-04-20 13:31:48,"b"" #Woky RT @ReadingGuide: USUAL top list of Events in the #Rdg area today/tonight &gt; https://t.co/cTnEYKdd77 &lt; What's On, with contact details #Wind\xe2\x80\xa6""",London
2018-04-20 11:18:58,b'RT @getwokingham: These are the latest planning applications in #Woky https://t.co/YxSITaEAd3',London
2018-04-20 11:17:00,b'These are the latest planning applications in #Woky https://t.co/YxSITaEAd3',London
2018-04-20 11:14:22,b'Join us on 21 May for a delicious curry at The Tamarind Tree in #woky and support a fantastic charity helping local\xe2\x80\xa6 https://t.co/UIsTszRuGI',London
2018-04-20 11:00:28,"b"" #Woky Do you like the idea of our #WokinghamHWBB but don't use Twitter enough to keep up to date? Be sure to like our Fac\xe2\x80\xa6 https://t.co/ffG5G38OUG""",London
2018-04-20 10:20:08,"b"" #Woky A decadent twist on #coffee cake. Celebrate #UKCoffeeWeek even if you don't like to drink it with this boozy recipe\xe2\x80\xa6 https://t.co/VNAReiNevx""",London
2018-04-20 09:24:08,"b"" #Woky USUAL top list of Events in the #Rdg area today/tonight &gt; https://t.co/cTnEYKdd77 &lt; What's On, with contact details\xe2\x80\xa6 https://t.co/2wTdODoIMI""",London
2018-04-20 09:23:34,"b"" #Woky TRAVELLING this weekend? Don't leave home without checking &gt;&gt; https://t.co/cTnEYKdd77 &lt;&lt; for links to live Road, Ra\xe2\x80\xa6 https://t.co/KHkrcIgV25""",London
2018-04-20 09:22:17,b' #Woky RT @ReadingGuide: TRAIN to catch or meet? Is it on time? Delayed? See &gt; https://t.co/cTnEYKdd77 &lt; for link to live departures/arrivals boar\xe2\x80\xa6',London
2018-04-20 09:22:08,"b"" #Woky INFO-HUB for all Reading reading &gt; https://t.co/cTnEYKdd77 &lt; links to local News and Sport sites, What's On, Travel\xe2\x80\xa6 https://t.co/MAfxdinqID""",London
2018-04-20 08:46:00,"b""Here's the latest on those train issues #rdguk #woky https://t.co/51UpA8DTEa""",London
2018-04-20 08:17:00,b'This is causing a few issues this morning #rdguk #woky https://t.co/DafxIL3zkH',London
2018-04-20 08:01:00,b'The aim is to prosecute people who dump rubbish illegally #woky  https://t.co/dLqfv2mJUY',London
2018-04-20 07:56:25,b'Good news for train passengers. https://t.co/jTkTYhYu6J #Woky',London
2018-04-20 07:36:55,b'This is causing a few issues this morning #rdguk #woky https://t.co/eKaM8HQGyu',London
2018-04-20 07:35:12,"b""RT @getwokingham: We're hearing the level crossing in Wokingham town centre has broken and is stuck down this morning. #Woky. https://t.co/\xe2\x80\xa6""",London
2018-04-20 07:25:53,b' #Woky RT @getwokingham: More on the Wokingham level crossing issue. A signal fault is affecting services between Reading and Guildford this morni\xe2\x80\xa6',London
2018-04-20 07:10:12,b' #Woky RT @KDesignAndBuild: We are now looking for an investor to work along side us to provide better housing in Berkshire: https://t.co/hxUfv7vH\xe2\x80\xa6',London
2018-04-20 07:00:32,b' #Woky We are now looking for an investor to work along side us to provide better housing in Berkshire:\xe2\x80\xa6 https://t.co/s5hLa92BPr',London
2018-04-20 06:53:08,b' #Woky More on the Wokingham level crossing issue. A signal fault is affecting services between Reading and Guildford this\xe2\x80\xa6 https://t.co/VZ3kLtr7lg',London
2018-04-20 06:34:57,b'. @johnredwood won\xe2\x80\x99t be able to get to Waitrose #woky https://t.co/S6PVMGX664',London
2018-04-20 06:34:57,"b""RT @getwokingham: We're hearing the level crossing in Wokingham town centre has broken and is stuck down this morning. #Woky. https://t.co/\xe2\x80\xa6""",London
2018-04-20 06:30:25,"b""We're hearing the level crossing in Wokingham town centre has broken and is stuck down this morning. #Woky. https://t.co/jTkTYhYu6J""",London
2018-04-20 06:18:57,"b' #Woky RT @FastTrackFitCmp: Join us for our #charity family Fit Camp on Sunday 29 April at Bearwood Rec, Winnersh. All welcome &amp; all proceeds go t\xe2\x80\xa6'",London
2018-04-19 22:20:29,b'RT @getbracknell: Councillors have been recommended to approve the plans #Bracknell #Woky  https://t.co/g8rZ7Egi8n',London
2018-04-19 21:18:31,b' #Woky RT @Age_UK_Reading: Excited to announce our newest social club! Opening on Thurs 19th Apr at The Birches in Woodley. Our clubs are for olde\xe2\x80\xa6',London
2018-04-19 20:53:11,b'RT @tcbconcertband: A great article about our @NCBF_festival success in @WokyPaper today! \xf0\x9f\x8e\xb6\xf0\x9f\x8f\x86#woky #rdguk #ncbffestival2018 https://t.co/TZZ\xe2\x80\xa6',London
2018-04-19 20:51:05,b'A great article about our @NCBF_festival success in @WokyPaper today! \xf0\x9f\x8e\xb6\xf0\x9f\x8f\x86#woky #rdguk #ncbffestival2018 https://t.co/TZZ5gLtTSK',London
2018-04-19 20:49:25,b' #Woky RT @tcbconcertband: A nice mention in the @dawkesmusic blog. Thanks guys! https://t.co/u56ZORdhrC @NCBF_festival #ncbffestival2018 #platinu\xe2\x80\xa6',London
2018-04-19 20:31:00,b'They are working together to prosecute offenders #woky  https://t.co/dLqfv2mJUY',London
2018-04-19 19:13:58,b' #Woky RT @re3recycling: Hot weather is here and some of us will order iced coffees and smoothies that come with plastic straws. Soon they could b\xe2\x80\xa6',London
2018-04-19 19:01:00,b'People are being urged to be vigilant and report any dumped rubbish #woky  https://t.co/Hq2mr1hgKs',London
2018-04-19 18:13:05,b'#Berkshire #Reading #Bracknell #Newbury #Maidenhead #Slough #Wokingham #woky #rdguk #UV #Index #Pollen #hayfever\xe2\x80\xa6 https://t.co/d2DrRJl62A',London
2018-04-19 17:21:26,b'#Berkshire #Weather for #Friday #Reading #Bracknell #Newbury #Maidenhead #Slough #Wokingham #Windsor #woky #rdguk\xe2\x80\xa6 https://t.co/7vVrqm8Vh4',London
2018-04-19 17:18:33,b' #Woky RT @BerksWeatherUK: #Berkshire #Weather #4DaysOnly #weekend #Reading #Bracknell #Newbury #Maidenhead #Slough #Wokingham #Windsor #rdguk #wo\xe2\x80\xa6',London
2018-04-19 17:18:27,b'RT @BerksWeatherUK: #Berkshire #Overnight #Weather #Thursday #Reading #Bracknell #Newbury #Maidenhead #Slough #Wokingham #Windsor #woky #rd\xe2\x80\xa6',London
2018-04-19 17:07:34,b' #Woky RT @re3recycling: Hot weather is here and some of us will order iced coffees and smoothies that come with plastic straws. Soon they could b\xe2\x80\xa6',London
2018-04-19 16:54:21,b' #Woky RT @re3recycling: Hot weather is here and some of us will order iced coffees and smoothies that come with plastic straws. Soon they could b\xe2\x80\xa6',London
2018-04-19 16:53:18,b' #Woky RT @re3recycling: Hot weather is here and some of us will order iced coffees and smoothies that come with plastic straws. Soon they could b\xe2\x80\xa6',London
2018-04-19 16:51:02,"b"" #Woky INFO-HUB for all Reading reading &gt; https://t.co/cTnEYKdd77 &lt; links to local News and Sport sites, What's On, Travel\xe2\x80\xa6 https://t.co/gW1Fl0U2ch""",London
2018-04-19 16:40:10,"b"" #Woky USUAL top list of Events in the #Rdg area tonight &gt; https://t.co/cTnEYKdd77  &lt; What's On, with full contact details\xe2\x80\xa6 https://t.co/RJPDRHeVDC""",London
2018-04-19 16:39:05,"b"" #Woky RT @ReadingGuide: TRAVELLING this week? Don't leave home without checking &gt; https://t.co/cTnEYKdd77 &lt; for links to live Road, Rail, Air and\xe2\x80\xa6""",London
2018-04-19 16:32:00,b'Councillors have been recommended to approve the plans #Bracknell #Woky  https://t.co/g8rZ7Egi8n',London
2018-04-19 16:32:00,b'Councillors have been recommended to approve the plans #Bracknell #Woky  https://t.co/vBYE6wDAQH',London
2018-04-19 16:07:39,"b' #Woky RT @FastTrackFitCmp: Join us for our #charity family Fit Camp on Sunday 29 April at Bearwood Rec, Winnersh. All welcome &amp; all proceeds go t\xe2\x80\xa6'",London
2018-04-19 15:55:30,b'RT @WokinghamBC: A licensed waste carrier has been convicted of causing fly-tipping on Castle Hill #woky https://t.co/zO37lbzfXJ https://t.\xe2\x80\xa6',London
2018-04-19 15:51:18,b'A licensed waste carrier has been convicted of causing fly-tipping on Castle Hill #woky https://t.co/zO37lbzfXJ https://t.co/R8W8LMWXy4',London
2018-04-19 15:46:54,b'People are being urged to be vigilant and report any dumped rubbish #woky  https://t.co/dLqfv2mJUY',London
2018-04-19 15:35:14,"b' #Woky Join us for our #charity family Fit Camp on Sunday 29 April at Bearwood Rec, Winnersh. All welcome &amp; all proceeds g\xe2\x80\xa6 https://t.co/sdwDiLaCSz'",London
2018-04-19 14:54:48,"b'Fingers crossed you get your ice cream, Lynda! #woky #berkshire #bringicecream https://t.co/4SuXdueXiX'",London
2018-04-19 14:53:36,b'What a lovely story! \xf0\x9f\x98\x8d #Woky #WokinghamRocks https://t.co/3NoyKDZZHC',London
2018-04-19 14:45:01,"b' #Woky @WokinghamBC @WBCConservative @johnredwood Do we see a ""blimey we better pull our finger out before the local elect\xe2\x80\xa6 https://t.co/6QOCrrvIfB'",London
2018-04-19 14:44:18,"b'If you drive an ice cream van in the Wokingham area, please come to Forest Court / Oaklands Park NOW! Thanks. \xf0\x9f\x8d\xa6#Woky'",London
2018-04-19 14:25:57,b' #Woky RT @re3recycling: Fancy a takeaway tonight? If your tasty meal comes in the aluminium tray please rinse it and pop into your recycling bin!\xe2\x80\xa6',London
2018-04-19 12:55:58,"b"" #Woky RT @ReadingGuide: USUAL top list of Events in the #Rdg area today/tonight &gt; https://t.co/cTnEYKdd77 &lt; What's On, with contact details #Wind\xe2\x80\xa6""",London
2018-04-19 12:36:38,b' #Woky RT @re3recycling: Hot weather is here and some of us will order iced coffees and smoothies that come with plastic straws. Soon they could b\xe2\x80\xa6',London
2018-04-19 12:09:24,b'#Berkshire #Overnight #Weather #Thursday #Reading #Bracknell #Newbury #Maidenhead #Slough #Wokingham #Windsor #woky\xe2\x80\xa6 https://t.co/2oANAWFrHd',London
2018-04-19 12:06:58,b' #Woky #Berkshire #Weather #4DaysOnly #weekend #Reading #Bracknell #Newbury #Maidenhead #Slough #Wokingham #Windsor #rdguk\xe2\x80\xa6 https://t.co/iiNJLbCeMw',London
2018-04-19 11:17:00,b'No one has ever moved in to the huge office block #Bracknell #Woky  https://t.co/g8rZ7ExSZV',London
2018-04-19 11:17:00,b'No one has ever moved in to the huge office block #Bracknell #Woky  https://t.co/vBYE6wDAQH',London
2018-04-19 09:58:17,b' #Woky RT @re3recycling: Hot weather is here and some of us will order iced coffees and smoothies that come with plastic straws. Soon they could b\xe2\x80\xa6',London
2018-04-19 09:58:11,b' #Woky A nice mention in the @dawkesmusic blog. Thanks guys! https://t.co/u56ZORdhrC @NCBF_festival #ncbffestival2018\xe2\x80\xa6 https://t.co/9CRakY6vi2',London
2018-04-19 09:42:39,b' #Woky RT @re3recycling: Hot weather is here and some of us will order iced coffees and smoothies that come with plastic straws. Soon they could b\xe2\x80\xa6',London
2018-04-19 09:30:25,b' #Woky RT @re3recycling: Hot weather is here and some of us will order iced coffees and smoothies that come with plastic straws. Soon they could b\xe2\x80\xa6',London
2018-04-19 09:04:25,"b"" #Woky USUAL top list of Events in the #Rdg area today/tonight &gt; https://t.co/cTnEYKdd77 &lt; What's On, with contact details\xe2\x80\xa6 https://t.co/T096VJPYDS""",London
2018-04-19 09:04:02,b' #Woky TRAIN to catch or meet? Is it on time? Delayed? See &gt; https://t.co/cTnEYKdd77 &lt; for link to live departures/arrival\xe2\x80\xa6 https://t.co/NjQxHfy6t4',London
2018-04-19 08:57:43,b'#ICYMI The road is now open #woky  https://t.co/6q3z3hG01w',London
2018-04-19 08:51:27,"b' #Woky **FOR SALE** - Nine Mile Ride - OIEO \xc2\xa3660,000\nA modern, extended 4 bedroom house set on a 200ft long plot boasting\xe2\x80\xa6 https://t.co/9w2fJdgq2r'",London
2018-04-19 08:50:27,b'#emmbrook in #woky #wokingham now open @wokingham_co_uk https://t.co/RpUXYOdQOt',London
2018-04-19 08:35:26,b' #Woky Hot weather is here and some of us will order iced coffees and smoothies that come with plastic straws. Soon they c\xe2\x80\xa6 https://t.co/GQJV4FEEoJ',London
2018-04-19 08:15:13,b'Support local this #UKCoffeeWeek - try out #Woky @OSLARCOFFEE they have hot and cold snacks and #glutenfree too. I love the Monsoon Malabar.',London
2018-04-19 06:31:04,"b' #Woky RT @happyfamilyhub: If you want to shout about the best places to go with the kids in Berkshire, vote for your faves in the Little Ankle Bi\xe2\x80\xa6'",London
2018-04-18 17:44:48,"b"" #Woky USUAL top list of Events in the #Rdg area tonight &gt; https://t.co/cTnEYKdd77 &lt; What's On, with contact details\xe2\x80\xa6 https://t.co/MIIkfqR8bm""",London
2018-04-18 17:29:58,"b' #Woky RT @happyfamilyhub: If you want to shout about the best places to go with the kids in Berkshire, vote for your faves in the Little Ankle Bi\xe2\x80\xa6'",London
2018-04-18 16:47:45,b'RT @getwokingham: Some good news for drivers #woky  https://t.co/6q3z3hG01w',London
2018-04-18 16:47:23,b'Some good news for drivers #woky  https://t.co/6q3z3hG01w',London
2018-04-18 14:48:30,"b' #Woky RT @happyfamilyhub: If you want to shout about the best places to go with the kids in Berkshire, vote for your faves in the Little Ankle Bi\xe2\x80\xa6'",London
2018-04-18 14:39:42,"b' #Woky If you want to shout about the best places to go with the kids in Berkshire, vote for your faves in the Little Ankl\xe2\x80\xa6 https://t.co/gzRjpOSD7e'",London
2018-04-18 14:16:58,b' #Woky We hope you\xe2\x80\x99re enjoying this lovely sunny weather and it looks like re3 bottle banks do not complain too! \xe2\x98\x80\xef\xb8\x8f \xf0\x9f\x98\x8e  Mak\xe2\x80\xa6 https://t.co/SLiOLlY1Sx',London
2018-04-18 14:03:53,"b"" #Woky RT @ReadingGuide: SIMPLY THE BEST list of Events in the #Rdg area today/tonight &gt; https://t.co/cTnEYKdd77 &lt; What's On with full details #Wi\xe2\x80\xa6""",London
2018-04-18 14:00:48,"b"" #Woky RT @ReadingGuide: SIMPLY THE BEST list of Events in the #Rdg area tonight &gt; https://t.co/cTnEYKdd77 &lt; What'sOn with full details #Windsor #\xe2\x80\xa6""",London
2018-04-18 13:31:54,b' #Woky TRAIN to catch or meet? Is it on time? Delayed? See &gt; https://t.co/cTnEYKdd77 &lt; for link to live departures/arrival\xe2\x80\xa6 https://t.co/Jwto0ERyF4',London
2018-04-18 13:29:41,b' #Woky RT @ReadingGuide: NO MIDWEEK MATCH for #ReadingFC but #Maidenhead Utd keep #Berkshire flag flying with 3rd straight win in the National Lea\xe2\x80\xa6',London
2018-04-18 13:29:23,"b"" #Woky RT @ReadingGuide: USUAL top list of Events in the #Rdg area today/tonight &gt; https://t.co/cTnEYKdd77 &lt; What's On, with contact details #Wind\xe2\x80\xa6""",London
2018-04-18 13:13:39,b' #Woky Good to see Ashridge Park setting up a girls team which is currently looking for players - https://t.co/KHGUlfZ57C\xe2\x80\xa6 https://t.co/P0URczLffO',London
2018-04-18 11:05:15,b'Budding bakers (children and adults) invited to bake off in Wokingham #woky https://t.co/XCvExdysaG https://t.co/YAGjfWcUuG',London
2018-04-18 11:00:18,b' #Woky Did you know that last Sunday was #MicroVolunteeringDay? Volunteering is a great way to improve your health &amp; well-\xe2\x80\xa6 https://t.co/i2U5nr4C7g',London
2018-04-18 10:57:15,"b' #Woky RT @_EStacey: Just had my first interview with the press! It went really well, now looking forward to the last couple of weeks of the campa\xe2\x80\xa6'",London
2018-04-18 10:30:37,"b' #Woky Just had my first interview with the press! It went really well, now looking forward to the last couple of weeks of\xe2\x80\xa6 https://t.co/2KtABSiW4V'",London
2018-04-18 10:10:11,b' #Woky Did you know we have a weekly pay-as-you-go session in #Winnersh? Sunday Wake Up! the best thing on a Sunday mornin\xe2\x80\xa6 https://t.co/sosMbmXwLQ',London
2018-04-18 09:10:06,"b"" #Woky USUAL top list of Events in the #Rdg area today/tonight &gt; https://t.co/cTnEYKdd77 &lt; What's On, with contact details\xe2\x80\xa6 https://t.co/I2Cwt3YniS""",London
2018-04-18 09:09:11,b' #Woky NO MIDWEEK MATCH for #ReadingFC but #Maidenhead Utd keep #Berkshire flag flying with 3rd straight win in the Nation\xe2\x80\xa6 https://t.co/SILRZSR1MP',London
2018-04-18 08:13:47,b'RT @getreading: The girl was taken to hospital after this frightening attack #woky #rdguk https://t.co/zeM2Z2kwGy',London
2018-04-18 08:07:08,b'RT @getreading: The girl was taken to hospital after this frightening attack #woky #rdguk https://t.co/zeM2Z2kwGy',London
2018-04-18 07:42:28,b' #Woky New photos taken at @cantleyhotel have been added to my portfolio. Temperatures reached 30\xc2\xb0 on this Thursday last J\xe2\x80\xa6 https://t.co/j72PToc4IF',London
2018-04-18 07:16:00,b'The girl was taken to hospital after this frightening attack #woky #rdguk https://t.co/zeM2Z2kwGy',London
2018-04-18 06:58:05,b' #Woky RT @re3recycling: Thank you to everyone who made suggestions for our glass recycling truck competition! We can now reveal two names that wi\xe2\x80\xa6',London
2018-04-17 22:00:48,"b"" #Woky RT @SMART_Wokingham: We are? Who's idea was this!?! \xf0\x9f\x98\x82\xf0\x9f\x98\x89\n\nRight then you wonderful people of twitter please help us reach our target. No dona\xe2\x80\xa6""",London
2018-04-17 21:27:51,b'RT @re3recycling: Let the battle commence! Vote now to choose the name for one of our new re3 glass recycling truck! #bracknell #rdguk #woky',London
2018-04-17 21:06:51,b' #Woky RT @re3recycling: Thank you to everyone who made suggestions for our glass recycling truck competition! We can now reveal two names that wi\xe2\x80\xa6',London
2018-04-17 21:04:10,b' #Woky NO MIDWEEK MATCH for #ReadingFC but #Maidenhead Utd keep #Berkshire flag flying with 3rd straight win in the Nation\xe2\x80\xa6 https://t.co/Eh5kuaEI7q',London
2018-04-17 20:49:28,"b' #Woky RT @BerksWeatherUK: Berkshire Weather - Berkshire Overnight Forecast for Tuesday 17th April.Clear Spells,minimum temp. 6 degrees.\n#Berkshir\xe2\x80\xa6'",London
2018-04-17 20:48:54,b' #Woky RT @Age_UK_Reading: Excited to announce our newest social club! Opening on Thurs 19th Apr at The Birches in Woodley. Our clubs are for olde\xe2\x80\xa6',London
2018-04-17 20:48:37,"b' #Woky RT @BerksWeatherUK: Berkshire Weather - Berkshire Daytime Forecast for Wednesday 18th April.Sunny, temperature of 22 degrees (72 f) locally\xe2\x80\xa6'",London
2018-04-17 20:46:00,b'Police are hunting for a man with a cut on his face after this frightening attack #woky #rdguk https://t.co/zeM2Z22VP0',London
2018-04-17 19:58:36,"b' #Woky RT @WoodleyLabour: You\xe2\x80\x99re unlikely to turn into a werewolf at midnight tonight, but if you don\xe2\x80\x99t get registered by then, you definitely won\xe2\x80\xa6'",London
2018-04-17 19:57:59,b'RT @getreading: Police are hunting for a man with a cut on his face #woky #rdguk https://t.co/zeM2Z22VP0',London
2018-04-17 19:55:12,"b' #Woky RT @WoodleyLabour: You\xe2\x80\x99re unlikely to turn into a werewolf at midnight tonight, but if you don\xe2\x80\x99t get registered by then, you definitely won\xe2\x80\xa6'",London
2018-04-17 19:52:15,"b' #Woky RT @WoodleyLabour: You\xe2\x80\x99re unlikely to turn into a werewolf at midnight tonight, but if you don\xe2\x80\x99t get registered by then, you definitely won\xe2\x80\xa6'",London
2018-04-17 19:44:06,"b' #Woky RT @WoodleyLabour: You\xe2\x80\x99re unlikely to turn into a werewolf at midnight tonight, but if you don\xe2\x80\x99t get registered by then, you definitely won\xe2\x80\xa6'",London
2018-04-17 19:35:47,b'RT @WBC_Libraries: Richard and Judy Book Club Summer 2018 Books - borrow the new selection from #woky libraries now @wokinghambc https://t.\xe2\x80\xa6',London
2018-04-17 19:32:00,b'These runners from #rdguk #bracknell and #woky are all taking on #LondonMarathon https://t.co/9Y3zOUvv7h',London
2018-04-17 18:34:11,"b' #Woky Berkshire Weather - Berkshire Overnight Forecast for Tuesday 17th April.Clear Spells,minimum temp. 6 degrees.\xe2\x80\xa6 https://t.co/CeINtoT044'",London
2018-04-17 18:32:19,"b' #Woky Berkshire Weather - Berkshire Daytime Forecast for Wednesday 18th April.Sunny, temperature of 22 degrees (72 f) loc\xe2\x80\xa6 https://t.co/QrqfNfdhBG'",London
2018-04-17 18:29:29,b' #Woky Advertising is all very well so long as you have the product available...Chicken will help in this situation! \xf0\x9f\x99\x84\xf0\x9f\x98\x8f\xf0\x9f\x90\x93\xf0\x9f\x90\x94\xe2\x80\xa6 https://t.co/HyvsyP7Lnq',London
2018-04-17 18:17:36,"b' #Woky RT @WoodleyLabour: You\xe2\x80\x99re unlikely to turn into a werewolf at midnight tonight, but if you don\xe2\x80\x99t get registered by then, you definitely won\xe2\x80\xa6'",London
2018-04-17 18:10:34,b'RT @getreading: Police are hunting for a man with a cut on his face #woky #rdguk https://t.co/zeM2Z22VP0',London
2018-04-17 18:10:13,b'RT @getreading: Police are hunting for a man with a cut on his face #woky #rdguk https://t.co/zeM2Z22VP0',London
2018-04-17 18:09:00,b'Police are hunting for a man with a cut on his face #woky #rdguk https://t.co/zeM2Z22VP0',London
2018-04-17 17:47:00,b'Both children and adults can take part in the event #Woky https://t.co/FZZHGYmzOJ',London
2018-04-17 17:44:43,"b' #Woky RT @WoodleyLabour: You\xe2\x80\x99re unlikely to turn into a werewolf at midnight tonight, but if you don\xe2\x80\x99t get registered by then, you definitely won\xe2\x80\xa6'",London
2018-04-17 17:40:29,"b' #Woky You\xe2\x80\x99re unlikely to turn into a werewolf at midnight tonight, but if you don\xe2\x80\x99t get registered by then, you definitel\xe2\x80\xa6 https://t.co/4sdOxuMKZR'",London
2018-04-17 16:45:28,b' #Woky RT @ReadingGuide: NO MIDWEEK MATCH for #ReadingFC but good game in prospect at #Maidenhead where Magpies are home to promotion-chasing Sutt\xe2\x80\xa6',London
2018-04-17 16:44:57,"b"" #Woky USUAL top list of Events in the #Rdg area today/tonight &gt; https://t.co/cTnEYKdd77 &lt; What's On, with contact details\xe2\x80\xa6 https://t.co/BYQxRgq7xu""",London
2018-04-17 16:44:49,"b'RT @getreading: Wow, these runners from #rdguk #bracknell and #woky are all amazing!  #LondonMarathon https://t.co/9Y3zOUvv7h'",London
2018-04-17 16:44:26,b' #Woky RT @ReadingGuide: TRAIN to catch or meet? Is it on time? Delayed? See &gt; https://t.co/cTnEYKdd77 &lt; for link to live departures/arrivals boar\xe2\x80\xa6',London
2018-04-17 16:32:00,"b'Wow, these runners from #rdguk #bracknell and #woky are all amazing!  #LondonMarathon https://t.co/9Y3zOUvv7h'",London
2018-04-17 15:44:30,b'RT @re3recycling: Let the battle commence! Vote now to choose the name for one of our new re3 glass recycling truck! #bracknell #rdguk #woky',London
2018-04-17 15:44:24,b' #Woky RT @re3recycling: Thank you to everyone who made suggestions for our glass recycling truck competition! We can now reveal two names that wi\xe2\x80\xa6',London
2018-04-17 15:42:32,b' #Woky RT @re3recycling: Thank you to everyone who made suggestions for our glass recycling truck competition! We can now reveal two names that wi\xe2\x80\xa6',London
2018-04-17 15:25:26,b'RT @re3recycling: Let the battle commence! Vote now to choose the name for one of our new re3 glass recycling truck! #bracknell #rdguk #woky',London
2018-04-17 15:25:15,b' #Woky RT @re3recycling: Thank you to everyone who made suggestions for our glass recycling truck competition! We can now reveal two names that wi\xe2\x80\xa6',London
2018-04-17 15:24:05,b' #Woky Tonight in #wokingham we have a North Indian Thali Platter - the idea behind a thali is to offer different flavours\xe2\x80\xa6 https://t.co/MkiUYSqe7s',London
2018-04-17 15:05:49,b'Let the battle commence! Vote now to choose the name for one of our new re3 glass recycling truck! #bracknell #rdguk #woky',London
2018-04-17 15:05:22,"b"" #Woky What are the health benefits of #coffee? This article from last year suggests there are some for 'moderate' use, un\xe2\x80\xa6 https://t.co/11YGXgkemW""",London
2018-04-17 15:02:12,b' #Woky Thank you to everyone who made suggestions for our glass recycling truck competition! We can now reveal two names t\xe2\x80\xa6 https://t.co/IuieM9PI1e',London
2018-04-17 13:32:51,b'This Saturday 10-4pm FREE demo using @CricutUK @OfficialCricut die cutting machines #rdguk #berkshire #woky #henley https://t.co/dZhoFY1gNa',London
2018-04-17 13:15:12,b'Buying a #newhome in #crowthorne #woky or #bracknell?   Come and talk to #Linolen to get the best price for all you\xe2\x80\xa6 https://t.co/Si3Qws3l9j',London
2018-04-17 13:14:43,b' #Woky NO MIDWEEK MATCH for #ReadingFC but good game in prospect at #Maidenhead where Magpies are home to promotion-chasin\xe2\x80\xa6 https://t.co/sozDfkX5ac',London
2018-04-17 13:09:29,"b"" #Woky RT @ReadingGuide: USUAL top list of Events in the #Rdg area today/tonight &gt; https://t.co/cTnEYKdd77 &lt; What's On, with contact details #Wind\xe2\x80\xa6""",London
2018-04-17 12:32:00,"b'Wow, these runners from #rdguk #bracknell and #woky who are taking on #LondonMarathon this weekend are all amazing!  https://t.co/9Y3zOUvv7h'",London
2018-04-17 12:25:29,b'RT @WBC_Libraries: Richard and Judy Book Club Summer 2018 Books - borrow the new selection from #woky libraries now @wokinghambc https://t.\xe2\x80\xa6',London
2018-04-17 11:31:51,b' #Woky RT @WokinghamHWBB: Over 60? Want to rekindle a love of cycling or just get out and about in the fresh air with like-minded people? SHINE ov\xe2\x80\xa6',London
2018-04-17 11:18:16,b' #Woky RT @WokinghamHWBB: Over 60? Want to rekindle a love of cycling or just get out and about in the fresh air with like-minded people? SHINE ov\xe2\x80\xa6',London
2018-04-17 11:01:10,b'Richard and Judy Book Club Summer 2018 Books - borrow the new selection from #woky libraries now @wokinghambc\xe2\x80\xa6 https://t.co/YiNOVIAiZy',London
2018-04-17 10:47:00,b'Both children and adults can take part in this event #Woky https://t.co/FZZHGYmzOJ',London
2018-04-17 10:13:46,"b""RT @ImogenSD: Last day to register to vote in this year's local elections #Woky #Wokingham #LibDems #Emmbrook""",London
2018-04-17 09:58:20,b' #Woky Thank you sharing your art work with us! It\xe2\x80\x99s beautiful \xf0\x9f\x98\x8d. Anyone is participating in @WokinghamArtsTr\xe2\x80\xa6 https://t.co/mIuYuphERb',London
2018-04-17 09:54:25,"b"" #Woky ReadingGuide : USUAL top list of Events in the #Rdg area today/tonight &gt; https://t.co/p3lh1u4HkW &lt; What's On, with\xe2\x80\xa6 https://t.co/q7SUtde7H5""",London
2018-04-17 09:38:45,"b"" #Woky USUAL top list of Events in the #Rdg area today/tonight &gt; https://t.co/cTnEYKdd77 &lt; What's On, with contact details\xe2\x80\xa6 https://t.co/fVdUbQMyBE""",London
2018-04-17 09:33:09,b' #Woky TRAIN to catch or meet? Is it on time? Delayed? See &gt; https://t.co/cTnEYKdd77 &lt; for link to live departures/arrival\xe2\x80\xa6 https://t.co/V08D3bKDRn',London
2018-04-17 09:32:00,b'Good luck to all the runners from #rdguk #bracknell and #woky taking on #LondonMarathon this weekend https://t.co/9Y3zOUdTIH',London
2018-04-17 08:31:00,"b'Ready, steady, bake! #woky  https://t.co/TAoSHOCBjP'",London
2018-04-17 07:51:35,b'#woky Get this beautiful thing on @Shpock - the #bootsale app: https://t.co/U5ZNpLMgvV',London
2018-04-17 07:31:00,"b'Ready, steady, bake! #woky  https://t.co/BIOD4XOhLP'",London
2018-04-17 07:06:31,"b""Last day to register to vote in this year's local elections #Woky #Wokingham #LibDems #Emmbrook""",London
2018-04-17 07:00:34,"b'Your parents might be doing it right now\xe2\x80\xa6and why not? With thousands of local jobs in #Woky,\xe2\x80\xa6 https://t.co/x0pzVlTblJ'",London
2018-04-16 23:57:24,b'RT @WokyWinterFayre: Thanks @bracknellnews #charity #woky @WokinghamInNeed https://t.co/wlUyv07hsm',London
2018-04-16 21:31:33,b'RT @WoodleyLabour: Voting for a #Labour Councillor is the best way to tell #Woky\xe2\x80\x99s Conservative Councillors that you\xe2\x80\x99ve had enough of their\xe2\x80\xa6',London
2018-04-16 19:31:00,b'Fed up of these? The end is in sight! #rdguk #woky  https://t.co/utT98oY6v0',London
2018-04-16 18:53:54,"b' #Woky Berkshire Weather - UV &amp; Pollen Forecast for Tuesday 17th April.\nUV Level - Moderate , Pollen Level - High .\n#UV\xe2\x80\xa6 https://t.co/nUHX2tKqJ1'",London
2018-04-16 18:52:39,b' #Woky Berkshire Weather - Daytime Outlook for Tuesday 17th April.\nSunny Intervals with a temperature of 18 degrees.UV Ind\xe2\x80\xa6 https://t.co/Hkbwys0lJu',London
2018-04-16 17:00:25,b' #Woky FLYING? Before you take off from home see &gt;https://t.co/cTnEYKdd77&lt; live flight info #Heathrow #Gatwick\xe2\x80\xa6 https://t.co/McS2TBV77x',London
2018-04-16 16:59:05,b' #Woky RT @ReadingGuide: TRAIN to catch or meet? Is it on time? Delayed? See &gt; https://t.co/cTnEYKdd77 &lt; for link to live departures/arrivals boar\xe2\x80\xa6',London
2018-04-16 16:58:27,"b"" #Woky USUAL big list of Events in the #Rdg area tonight &gt; https://t.co/cTnEYKdd77 &lt; What's On, with full contact details\xe2\x80\xa6 https://t.co/qfCcjFdiyE""",London
2018-04-16 16:57:50,b' #Woky RT @ReadingGuide: WEEKEND SPORT: One point better than none for #ReadingFC in crunch game - last-minute beauty sees #Maidenhead Utd roll ov\xe2\x80\xa6',London
2018-04-16 15:19:00,b'RT @KeepMobile_: Love a good #curry? Join us at The Tamarind Tree #Woky for a fabulous meal &amp; raise funds to enable an invaluable #communit\xe2\x80\xa6',London
2018-04-16 15:08:23,"b' #Woky **SOLD** - Flamingo Close - \xc2\xa3345,000\nSimilar properties required - 3 bedroom semi-detached property ina quiet cul-d\xe2\x80\xa6 https://t.co/aIaAB7GOll'",London
2018-04-16 15:05:11,b' #Woky Worried about running your payroll year end? Our team can help do all of the paperwork and file online! #Bracknell\xe2\x80\xa6 https://t.co/NlBE3VOGu3',London
2018-04-16 14:01:18,b' #Woky #dishoftheweek Congratulations to Mustang Kitchen on winning dish of the week with their Creamy Courgetti &amp; Prawns.\xe2\x80\xa6 https://t.co/FdjQP5PWb8',London
2018-04-16 14:01:18,b' #Woky #dishoftheweek Congratulations to Mustang Kitchen on winning dish of the week with their Creamy Courgetti &amp; Prawns.\xe2\x80\xa6 https://t.co/9Ckllr2H4k',London
2018-04-16 13:14:21,"b"" #Woky RT @ReadingGuide: USUAL big list of Events in the #Rdg area today/tonight &gt; https://t.co/cTnEYKdd77 &lt; What's On, with contact details #Wind\xe2\x80\xa6""",London
2018-04-16 13:10:55,b'RT @getreading: Fed up of these works? The end is in sight! #rdguk #woky  https://t.co/utT98oY6v0',London
2018-04-16 12:45:00,b'Fed up of these works? The end is in sight! #rdguk #woky  https://t.co/utT98oY6v0',London
2018-04-16 10:48:44,"b"" #Woky RT @SMART_Wokingham: We are? Who's idea was this!?! \xf0\x9f\x98\x82\xf0\x9f\x98\x89\n\nRight then you wonderful people of twitter please help us reach our target. No dona\xe2\x80\xa6""",London
2018-04-16 10:31:38,"b"" #Woky We are? Who's idea was this!?! \xf0\x9f\x98\x82\xf0\x9f\x98\x89\n\nRight then you wonderful people of twitter please help us reach our target. No d\xe2\x80\xa6 https://t.co/rW2lhIgPfP""",London
2018-04-16 09:32:50,b' #Woky MANY LOVELY country houses and estates to explore in the local area &gt;&gt; https://t.co/cTnEYKdd77 &lt;&lt; has the list with\xe2\x80\xa6 https://t.co/FtsUSNSqZr',London
2018-04-16 09:31:19,"b"" #Woky USUAL big list of Events in the #Rdg area today/tonight &gt; https://t.co/cTnEYKdd77 &lt; What's On, with contact details\xe2\x80\xa6 https://t.co/7gD9hMqM5n""",London
2018-04-16 09:29:53,"b"" #Woky INFO-HUB for all Reading reading &gt; https://t.co/cTnEYKdd77 &lt; links to local News and Sport sites, What's On, Travel\xe2\x80\xa6 https://t.co/40mVcxszzz""",London
2018-04-16 09:29:25,b' #Woky TRAIN to catch or meet? Is it on time? Delayed? See &gt; https://t.co/cTnEYKdd77 &lt; for link to live departures/arrival\xe2\x80\xa6 https://t.co/54e7bKKE7V',London
2018-04-16 09:28:49,"b"" #Woky TRAVELLING this week? Don't leave home without checking &gt; https://t.co/cTnEYKdd77 &lt; for links to live Road, Rail, A\xe2\x80\xa6 https://t.co/B6wfoPs61u""",London
2018-04-16 09:27:36,b' #Woky WEEKEND SPORT: One point better than none for #ReadingFC in crunch game - last-minute beauty sees #Maidenhead Utd r\xe2\x80\xa6 https://t.co/YbUPjmjeir',London
2018-04-16 07:59:46,b'RT @getreading: A crash is causing problems on the A329M and M4 this morning. https://t.co/TEWxA19qFC #Rdguk #Bracknell #Woky',London
2018-04-16 07:56:23,b'RT @getreading: A crash is causing problems on the A329M and M4 this morning. https://t.co/TEWxA19qFC #Rdguk #Bracknell #Woky',London
2018-04-16 07:56:16,b'RT @getreading: A crash is causing problems on the A329M and M4 this morning. https://t.co/TEWxA19qFC #Rdguk #Bracknell #Woky',London
2018-04-16 07:55:56,b'A crash is causing problems on the A329M and M4 this morning. https://t.co/TEWxA19qFC #Rdguk #Bracknell #Woky',London
2018-04-16 07:50:14,b'Thanks @bracknellnews #charity #woky @WokinghamInNeed https://t.co/wlUyv07hsm',London
2018-04-16 07:48:31,b'#PR coverage for a client @WokyWinterFayre #woky #charity @WokinghamInNeed @wadedaycentre https://t.co/pqSVMrismT',London
2018-04-16 06:57:44,b'RT @WoodleyLabour: Voting for a #Labour Councillor is the best way to tell #Woky\xe2\x80\x99s Conservative Councillors that you\xe2\x80\x99ve had enough of their\xe2\x80\xa6',London
2018-04-15 21:16:16,b'RT @WoodleyLabour: Voting for a #Labour Councillor is the best way to tell #Woky\xe2\x80\x99s Conservative Councillors that you\xe2\x80\x99ve had enough of their\xe2\x80\xa6',London
2018-04-15 21:04:14,b' #Woky RT @BerksWeatherUK: @BerksWeatherUK Coming to #instagram soon...watchout for details #weather #instagramposts for #Berkshire #Reading #Brac\xe2\x80\xa6',London
2018-04-15 20:58:46,b' #Woky RT @WokinghamMusicC: This will be a great evening of Live Music for a brilliant charity . Tickets available from https://t.co/SoHFfOV6fb #w\xe2\x80\xa6',London
2018-04-15 20:58:43,b' #Woky @BerksWeatherUK Coming to #instagram soon...watchout for details #weather #instagramposts for #Berkshire #Reading\xe2\x80\xa6 https://t.co/5QLjtuekWQ',London
2018-04-15 19:58:01,b'Voting for a #Labour Councillor is the best way to tell #Woky\xe2\x80\x99s Conservative Councillors that you\xe2\x80\x99ve had enough of\xe2\x80\xa6 https://t.co/xwsHCoR3HI',London
2018-04-15 18:14:55,b'#woky The Wokingham 24 Project month 16 - April 16th 2018.\nDespite the appalling weather (which delayed my photo) t\xe2\x80\xa6 https://t.co/lY60BGDqiS',London
2018-04-15 17:14:40,b'RT @getreading: Heavy traffic on the #M4 between #rdguk and #woky due to a broken down vehicle https://t.co/l58W7tMl7q',London
2018-04-15 17:08:44,b'Heavy traffic on the #M4 between #rdguk and #woky due to a broken down vehicle https://t.co/l58W7tMl7q',London
2018-04-15 16:23:08,b'RT @KeepMobile_: Love a good #curry? Join us at The Tamarind Tree #Woky for a fabulous meal &amp; raise funds to enable an invaluable #communit\xe2\x80\xa6',London
2018-04-15 16:16:43,b'RT @BerksWeatherUK: #Berkshire #Weather #Daytime for #Monday #Reading #Bracknell #Newbury #Maidenhead #Slough #Wokingham #Windsor #woky #rd\xe2\x80\xa6',London
2018-04-15 16:07:32,b' #Woky WEEKEND SPORT: One point better than none for #ReadingFC in crunch game - last-minute strike sees #Maidenhead Utd r\xe2\x80\xa6 https://t.co/DxN0TJQBsf',London
2018-04-15 15:30:05,b' #Woky RT @WokinghamHWBB: What did you think of the #WokinghamHWBB on Monday? Let us know your thoughts by sending us a message through Facebook o\xe2\x80\xa6',London
2018-04-15 15:07:58,"b"" #Woky RT @ReadingGuide: TRAVELLING this weekend? Don't leave home without checking &gt; https://t.co/cTnEYKdd77 &lt; for links to live Road, Rail, Air\xe2\x80\xa6""",London
2018-04-15 15:07:51,b' #Woky RT @ReadingGuide: FLYING THIS WEEKEND? Before you leave home see &gt; https://t.co/cTnEYKdd77 &lt; live flight info #Heathrow #Gatwick #Southampt\xe2\x80\xa6',London
2018-04-15 15:07:37,b' #Woky RT @ReadingGuide: TRAIN to catch or meet? Is it on time? Delayed? See &gt; https://t.co/cTnEYKdd77 &lt; for link to live departures/arrivals boar\xe2\x80\xa6',London
2018-04-15 15:07:31,"b"" #Woky RT @ReadingGuide: INFO-HUB for all Reading reading &gt; https://t.co/cTnEYKdd77 &lt; links to local News and Sport sites, What's On, Travel inclu\xe2\x80\xa6""",London
2018-04-15 15:07:25,"b"" #Woky RT @ReadingGuide: HUGE list of Events in the #Rdg area today/tonight &gt; https://t.co/cTnEYKdd77 &lt; What's On, with full contact details #Wind\xe2\x80\xa6""",London
2018-04-15 14:45:23,b' #Woky This beautiful felt succulent world has been designed by our colleague Sophie. She used @CricutUK @OfficialCricut d\xe2\x80\xa6 https://t.co/M6ClMlUatb',London
2018-04-15 12:18:15,b'RT @BerksWeatherUK: #Berkshire #Weather #Daytime for #Monday #Reading #Bracknell #Newbury #Maidenhead #Slough #Wokingham #Windsor #woky #rd\xe2\x80\xa6',London
2018-04-15 11:16:31,b'#Berkshire #Weather #Daytime for #Monday #Reading #Bracknell #Newbury #Maidenhead #Slough #Wokingham #Windsor #woky\xe2\x80\xa6 https://t.co/byx0RRzkiq',London
2018-04-15 11:13:49,b'Love a good #curry? Join us at The Tamarind Tree #Woky for a fabulous meal &amp; raise funds to enable an invaluable\xe2\x80\xa6 https://t.co/kEiBJUe53R',London
2018-04-15 10:27:38,b' #Woky WEEKEND SPORT One point better than none for #ReadingFC in crunch with #Sunderland - last-minute strike sees\xe2\x80\xa6 https://t.co/wbmQIzXKi9',London
2018-04-15 10:23:27,"b"" #Woky HUGE list of Events in the #Rdg area today/tonight &gt; https://t.co/cTnEYKdd77 &lt; What's On, with full contact details\xe2\x80\xa6 https://t.co/6FlEwcMmhP""",London
2018-04-15 10:22:53,"b"" #Woky INFO-HUB for all Reading reading &gt; https://t.co/cTnEYKdd77 &lt; links to local News and Sport sites, What's On, Travel\xe2\x80\xa6 https://t.co/2JPvyfTJHB""",London
2018-04-15 10:22:25,b' #Woky TRAIN to catch or meet? Is it on time? Delayed? See &gt; https://t.co/cTnEYKdd77 &lt; for link to live departures/arrival\xe2\x80\xa6 https://t.co/DfUpVnOG29',London
2018-04-15 09:36:51,b' #Woky RT @WokinghamMusicC: This will be a great evening of Live Music for a brilliant charity . Tickets available from https://t.co/SoHFfOV6fb #w\xe2\x80\xa6',London
2018-04-15 07:58:03,"b'RT @getlucy: Good luck to everyone taking part in #woodley10k , for those who aren\xe2\x80\x99t here are the road closures #rdguk #woky https://t.co/w\xe2\x80\xa6'",London
2018-04-15 07:53:31,"b'Good luck to everyone taking part in #woodley10k , for those who aren\xe2\x80\x99t here are the road closures #rdguk #woky https://t.co/wRrYWKQVCp'",London
2018-04-15 06:14:00,b'Good news! #M4 #rdguk #woky  #bracknell https://t.co/CBbTKyGDiX',London
2018-04-15 06:04:00,b'Good news! #M4 #rdguk #woky  #bracknell https://t.co/ElFd6xNtjr',London
2018-04-15 06:01:00,b'Good news! #M4 #rdguk #woky  #bracknell https://t.co/2CGEwkaFDr',London
2018-04-14 19:25:20,"b' #Woky RT @BerksWeatherUK: Berkshire Weather - Berkshire Overnight Forecast for Saturday 14th April.\nClear Spells at first becoming cloudy later,t\xe2\x80\xa6'",London
2018-04-14 19:13:22,"b' #Woky Berkshire Weather - Weekly Forecast for Berkshire from Monday 16th April.General Dry &amp; Sunny,becoming v.warm by Mid\xe2\x80\xa6 https://t.co/UuwMaa8hfu'",London
2018-04-14 19:03:08,"b' #Woky Berkshire Weather - UV &amp; Pollen Forecast for Sunday 15th April.\nUV Level - Low , Pollen Level - High .\n#UV #pollen\xe2\x80\xa6 https://t.co/CFhcGUInjx'",London
2018-04-14 19:01:09,b' #Woky Berkshire Weather - Berkshire Overnight Forecast for Saturday 14th April.\nClear Spells at first becoming cloudy lat\xe2\x80\xa6 https://t.co/C7SExjMC8K',London
2018-04-14 18:24:40,b'RT @FairFundingWoky: Delivery from School Cuts today ahead of the National Campaign Weekend this month. #schoolcuts #Woky #wokingham https:\xe2\x80\xa6',London
2018-04-14 17:40:19,b' #Woky RELIEF at Mad Stad as #ReadingFC save a point in crunch clash with #Sunderland. Three games to go now! #Maidenhead\xe2\x80\xa6 https://t.co/KLtk5KlrHu',London
2018-04-14 17:32:26,"b"" #Woky TRAVELLING this weekend? Don't leave home without checking &gt; https://t.co/cTnEYKdd77 &lt; for links to live Road, Rail\xe2\x80\xa6 https://t.co/TPYUo8jo5x""",London
2018-04-14 17:28:37,"b"" #Woky HUGE list of Events in the #Rdg area tonight - see &gt; https://t.co/cTnEYKdd77 &lt; What's On, with full contact details\xe2\x80\xa6 https://t.co/tILnV34mc8""",London
2018-04-14 16:25:26,b' #Woky RT @Age_UK_Reading: Excited to announce our newest social club! Opening on Thurs 19th Apr at The Birches in Woodley. Our clubs are for olde\xe2\x80\xa6',London
2018-04-14 15:19:12,b' #Woky RT @Age_UK_Reading: Excited to announce our newest social club! Opening on Thurs 19th Apr at The Birches in Woodley. Our clubs are for olde\xe2\x80\xa6',London
2018-04-14 14:14:42,b'Meet Erin who has decorated this beautiful tote bag using fabric paint \xf0\x9f\x8e\xa8 Well done Erin! #rdguk #berkshire #woky https://t.co/HZdHM7Z8aO',London
2018-04-14 14:03:55,"b"" #Woky At last we've some good weather folks \xf0\x9f\x98\x8e\xf0\x9f\x98\x8d\xf0\x9f\xa4\xa9...don't forget we sell @NFIceCream which is all topped up with your favou\xe2\x80\xa6 https://t.co/36mwMZC4iJ""",London
2018-04-14 14:02:45,b' #Woky RT @ReadingGuide: TRAIN to catch or meet? Is it on time? Delayed? See &gt; https://t.co/cTnEYKdd77 &lt; for link to live departures/arrivala boar\xe2\x80\xa6',London
2018-04-14 14:02:33,"b"" #Woky RT @ReadingGuide: INFO-HUB for all Reading reading &gt; https://t.co/cTnEYKdd77 &lt; links to local News and Sport sites, What's On, Travel inclu\xe2\x80\xa6""",London
2018-04-14 14:02:11,"b"" #Woky HUGE list of Events in the #Rdg area today/tonight &gt; https://t.co/cTnEYKdd77 &lt; What's On, with full contact details\xe2\x80\xa6 https://t.co/teQQv1ebzP""",London
2018-04-14 14:01:33,"b"" #Woky RT @ReadingGuide: MASSIVE Mad Stad weekend - #ReadingFC and #LondonIrish both in must-win territory. Royals' tricky home to Sunderland, Exi\xe2\x80\xa6""",London
2018-04-14 14:01:00,b'Quite a lot of planning applications submitted to the council last week #woky  https://t.co/AbPli6U0NV',London
2018-04-14 13:29:16,"b"" #Woky THERE'S big, there's huge, there's massive, and there's humungous, and this one is definitely HUMUNGOUS!! Time for\xe2\x80\xa6 https://t.co/Xzfo1ydHBT""",London
2018-04-14 12:43:45,b' #Woky RT @re3recycling: Fancy a takeaway tonight? If your tasty meal comes in the aluminium tray please rinse it and pop into your recycling bin!\xe2\x80\xa6',London
2018-04-14 12:00:21,b' #Woky RT @WokinghamHWBB: What did you think of the #WokinghamHWBB on Monday? Let us know your thoughts by sending us a message through Facebook o\xe2\x80\xa6',London
2018-04-14 11:18:11,b' #Woky RT @Age_UK_Reading: Excited to announce our newest social club! Opening on Thurs 19th Apr at The Birches in Woodley. Our clubs are for olde\xe2\x80\xa6',London
2018-04-14 10:10:16,"b"" #Woky MASSIVE Mad Stad weekend - #ReadingFC and #LondonIrish both in must-win territory. Royals' tricky home to Sunderlan\xe2\x80\xa6 https://t.co/DIbr9Vsi1l""",London
2018-04-14 10:08:38,"b"" #Woky HUGE list of Events in the #Rdg area today/tonight &gt; https://t.co/cTnEYKdd77 &lt; What's On, with full contact details\xe2\x80\xa6 https://t.co/v2ivVrZi3S""",London
2018-04-14 09:42:30,"b' #Woky RT @re3recycling: Our #kitchen worktop is loaded with items that can be #recycled! Empty spread tub, yoghurt pot, fruit tray, #plastic bott\xe2\x80\xa6'",London
2018-04-14 09:40:13,b' #Woky RT @BerksWeatherUK: Berkshire Weather - Daytime forecast for Saturday 14th April.\nCloudy at first becoming brighter with light rain showers\xe2\x80\xa6',London
2018-04-14 09:39:29,"b' #Woky RT @BerksWeatherUK: Berkshire Weather - UV &amp; Pollen Forecast for Saturday 14th April.\nUV Level - 3 Moderate , Pollen Level - High .\n#UV #po\xe2\x80\xa6'",London
2018-04-14 09:38:58,b' #Woky RT @BerksWeatherUK: Berkshire Weather - Daytime forecast for Saturday 14th April.\nCloudy at first becoming brighter with light rain showers\xe2\x80\xa6',London
2018-04-14 08:46:53,"b"" #Woky RT @ReadingGuide: HUGE list of Events in the #Rdg area today/tonight &gt; https://t.co/cTnEYKdd77 &lt; What's On, with full contact details #Wind\xe2\x80\xa6""",London
2018-04-14 08:45:49,"b"" #Woky HUGE list of Events in the #Rdg area today/tonight &gt; https://t.co/cTnEYKdd77 &lt; What's On, with full contact details\xe2\x80\xa6 https://t.co/0CDT3iDMjN""",London
2018-04-14 08:45:12,b' #Woky RT @ReadingGuide: TRAIN to catch or meet? Is it on time? Delayed? See &gt; https://t.co/cTnEYKdd77 &lt; for link to live departures/arrivala boar\xe2\x80\xa6',London
2018-04-14 08:45:10,"b"" #Woky BOTH #ReadingFC and #LondonIrish in must-win territory this weekend. Royals' tricky one home to Sunderland, Exiles\xe2\x80\xa6 https://t.co/16QeWqtZoX""",London
2018-04-14 08:43:12,"b"" #Woky INFO-HUB for all Reading reading &gt; https://t.co/cTnEYKdd77 &lt; links to local News and Sport sites, What's On, Travel\xe2\x80\xa6 https://t.co/QUdXtCqy2W""",London
2018-04-14 08:42:31,"b"" #Woky INFO-HUB for all Reading reading &gt; https://t.co/cTnEYKdd77 &lt; links to local News and Sport sites, What's On, Travel\xe2\x80\xa6 https://t.co/cR8sfUQNo0""",London
2018-04-14 08:18:52,b' #Woky RT @WokinghamMusicC: This will be a great evening of Live Music for a brilliant charity . Tickets available from https://t.co/SoHFfOV6fb #w\xe2\x80\xa6',London
2018-04-14 08:15:21,b' #Woky This will be a great evening of Live Music for a brilliant charity . Tickets available from https://t.co/SoHFfOV6fb\xe2\x80\xa6 https://t.co/jj0I1an1tj',London
2018-04-14 07:35:05,"b' #Woky Join us for our #charity family Fit Camp on Sunday 29 April at Bearwood Rec, Winnersh. All welcome &amp; all monies go\xe2\x80\xa6 https://t.co/Am3oSz2qJQ'",London
2018-04-14 07:10:05,b'Join a #friendship walk to raise money for Wokingham #loneliness charity. #woky https://t.co/XENUf4lS8n',London
2018-04-14 06:58:32,b' #Woky RT @Age_UK_Reading: Excited to announce our newest social club! Opening on Thurs 19th Apr at The Birches in Woodley. Our clubs are for olde\xe2\x80\xa6',London
2018-04-14 06:48:18,"b' #Woky RT @re3recycling: Our #kitchen worktop is loaded with items that can be #recycled! Empty spread tub, yoghurt pot, fruit tray, #plastic bott\xe2\x80\xa6'",London
2018-04-14 06:14:00,b'Quite a lot of planning applications submitted to the council last week #woky  https://t.co/POgObPDzDI',London
2018-04-14 06:13:30,b' #Woky RT @Age_UK_Reading: Excited to announce our newest social club! Opening on Thurs 19th Apr at The Birches in Woodley. Our clubs are for olde\xe2\x80\xa6',London
2018-04-14 06:00:11,"b' #Woky RT @re3recycling: Our #kitchen worktop is loaded with items that can be #recycled! Empty spread tub, yoghurt pot, fruit tray, #plastic bott\xe2\x80\xa6'",London
2018-04-14 04:40:07,b' #Woky RT @Age_UK_Reading: Excited to announce our newest social club! Opening on Thurs 19th Apr at The Birches in Woodley. Our clubs are for olde\xe2\x80\xa6',London
2018-04-13 21:17:15,b'RT @KeepMobile_: Please join us at tomorrow\xe2\x80\x99s AGM. 2pm at our Evendons Lane HQ. #woky #communitytransport #makingadifference https://t.co/p\xe2\x80\xa6',London
2018-04-13 21:17:05,b'RT @KeepMobile_: Love a good #curry? Join us at The Tamarind Tree #Woky for a fabulous meal &amp; raise funds to enable an invaluable #communit\xe2\x80\xa6',London
2018-04-13 21:13:35,b' #Woky RT @SMART_CJS: The @SMART_Wokingham team are taking part in Color Rush to raise funds for a defibrillator to save lives. @obstaclerush #wok\xe2\x80\xa6',London
2018-04-13 20:07:32,b' #Woky @WokinghamTories @markashwelluk - Did you really mean to say that? Most people would want #Wokingham to be exciting\xe2\x80\xa6 https://t.co/sSgmvtYAxF',London
2018-04-13 20:03:22,b' #Woky RT @re3recycling: Fancy a takeaway tonight? If your tasty meal comes in the aluminium tray please rinse it and pop into your recycling bin!\xe2\x80\xa6',London
2018-04-13 19:05:51,b' #Woky Berkshire Weather - Daytime forecast for Saturday 14th April.\nCloudy at first becoming brighter with light rain sho\xe2\x80\xa6 https://t.co/1SC8qXjpi2',London
2018-04-13 18:50:16,b' #Woky RT @FastTrackFitCmp: At a loose end this Sunday? Want to workout? Come and join us in #Winnersh at 9am for a 45 minute workout to get your\xe2\x80\xa6',London
2018-04-13 18:28:00,b'See what could be built near you #woky  https://t.co/AbPli6Cppl',London
2018-04-13 18:26:13,b'Please join us at tomorrow\xe2\x80\x99s AGM. 2pm at our Evendons Lane HQ. #woky #communitytransport #makingadifference https://t.co/pxhO56GG91',London
2018-04-13 17:32:19,"b' #Woky RT @BerksWeatherUK: Berkshire Weather - UV &amp; Pollen Forecast for Saturday 14th April.\nUV Level - 3 Moderate , Pollen Level - High .\n#UV #po\xe2\x80\xa6'",London
2018-04-13 17:23:16,"b"" #Woky ReadingGuide : RT ReadingGuide: READER OFFER: Look out of the window and decide it's time to book a sunshine holida\xe2\x80\xa6 https://t.co/a1RzkAu5vx""",London
2018-04-13 17:21:47,"b"" #Woky PLENTY of good events in the #Rdg area tonight in &gt; https://t.co/cTnEYKdd77 &lt; What's On, with full contact details\xe2\x80\xa6 https://t.co/VFxDQ2ZMsy""",London
2018-04-13 17:20:57,"b"" #Woky RT @ReadingGuide: READER OFFER: Look out of the window and decide it's time to book a sunshine holiday! Click &gt; https://t.co/vDriwMm8pl for\xe2\x80\xa6""",London
2018-04-13 17:19:27,"b"" #Woky RT @ReadingGuide: INFO-HUB for all Reading reading &gt; https://t.co/cTnEYKdd77 &lt; links to local News and Sport sites, What's On, Travel inclu\xe2\x80\xa6""",London
2018-04-13 17:18:44,"b"" #Woky RT @ReadingGuide: BOTH #ReadingFC and #LondonIrish in must-win territory this weekend. Royals' tricky one home to Sunderland, Exiles even t\xe2\x80\xa6""",London
2018-04-13 17:16:34,"b' #Woky Berkshire Weather - UV &amp; Pollen Forecast for Saturday 14th April.\nUV Level - 3 Moderate , Pollen Level - High .\n#UV\xe2\x80\xa6 https://t.co/UzTB2WBrsH'",London
2018-04-13 17:08:17,b'After washing it I assume?\n#woky https://t.co/rCxxLVETiZ',London
2018-04-13 16:38:28,b' #Woky At a loose end this Sunday? Want to workout? Come and join us in #Winnersh at 9am for a 45 minute workout to get yo\xe2\x80\xa6 https://t.co/ER2INHEXIX',London
2018-04-13 16:02:51,b'RT @getwokingham: See what could be built near you #woky  https://t.co/POgObPVb2i',London
2018-04-13 16:01:00,b'See what could be built near you #woky  https://t.co/POgObPVb2i',London
2018-04-13 14:47:18,"b"" #Woky BOTH #ReadingFC and #LondonIrish in must-win territory this weekend. Royals' tricky one home to Sunderland, Exiles\xe2\x80\xa6 https://t.co/s2BRln7g4M""",London
2018-04-13 14:41:18,"b"" #Woky RT @ReadingGuide: PLENTY of Events in the #Rdg area today/tonight in &gt; https://t.co/cTnEYKdd77 &lt; What's On, with full contact details #Wind\xe2\x80\xa6""",London
2018-04-13 14:30:21,b' #Woky RT @re3recycling: Fancy a takeaway tonight? If your tasty meal comes in the aluminium tray please rinse it and pop into your recycling bin!\xe2\x80\xa6',London
2018-04-13 14:24:28,b' #Woky RT @re3recycling: Fancy a takeaway tonight? If your tasty meal comes in the aluminium tray please rinse it and pop into your recycling bin!\xe2\x80\xa6',London
2018-04-13 14:23:45,b' #Woky RT @re3recycling: Fancy a takeaway tonight? If your tasty meal comes in the aluminium tray please rinse it and pop into your recycling bin!\xe2\x80\xa6',London
2018-04-13 14:19:37,b' #Woky Fancy a takeaway tonight? If your tasty meal comes in the aluminium tray please rinse it and pop into your recyclin\xe2\x80\xa6 https://t.co/EOr9Kg9U5D',London
2018-04-13 13:05:23,b'Well done everyone who attended the recycle-bot event at the library this morning. Recycling can be fun!! #Woky\xe2\x80\xa6 https://t.co/FGcqtVqgos',London
2018-04-13 12:44:20,"b' #Woky **MODERN 3-BEDROOM HOUSE TO RENT** Located in a quiet cul-de-sac, near Wokingham train station, local schools and a\xe2\x80\xa6 https://t.co/14P6kyePU7'",London
2018-04-13 12:29:28,b' #Woky **Spacious 3 double bedroom house to rent** Within walking distance of Wokingham town centre and train station alth\xe2\x80\xa6 https://t.co/TLbboeHVfY',London
2018-04-13 12:11:34,b'RT @getreading: Temporary traffic lights will be in place from this weekend #rdguk #woky https://t.co/MHNmFo6ZoR',London
2018-04-13 12:00:00,b'Temporary traffic lights will be in place from this weekend #rdguk #woky https://t.co/MHNmFo6ZoR',London
2018-04-13 11:50:11,b'RT @KeepMobile_: Love a good #curry? Join us at The Tamarind Tree #Woky for a fabulous meal &amp; raise funds to enable an invaluable #communit\xe2\x80\xa6',London
2018-04-13 11:33:22,b' #Woky RT @WokinghamHWBB: What did you think of the #WokinghamHWBB on Monday? Let us know your thoughts by sending us a message through Facebook o\xe2\x80\xa6',London
2018-04-13 11:00:39,b' #Woky What did you think of the #WokinghamHWBB on Monday? Let us know your thoughts by sending us a message through Faceb\xe2\x80\xa6 https://t.co/3pf7NwhGoK',London
2018-04-13 10:26:34,b'RT @BerksWeatherUK: Berkshire Weather Daily Forecast #berkshire #reading #bracknell #newbury #maidenhead #wokingham #woky #rdguk https://t.\xe2\x80\xa6',London
2018-04-13 10:15:11,"b"" #Woky Friday with Heidi: when did you last listen to someone's happy news and just got right into it with them?\xe2\x80\xa6 https://t.co/1YusYmwcUJ""",London
2018-04-13 10:03:51,"b"" #Woky ReadingGuide : RT ReadingGuide: READER OFFER: Look out of the window and decide it's time to book a sunshine holida\xe2\x80\xa6 https://t.co/EUoR2aQesX""",London
2018-04-13 09:56:28,b'Berkshire Weather Daily Forecast #berkshire #reading #bracknell #newbury #maidenhead #wokingham #woky #rdguk https://t.co/4aCnLMtSq3',London
2018-04-13 09:49:32,"b"" #Woky MASSIVE is not a big enough word for #Rdg's Mad Stad sporting weekend!! Relegation-haunted #ReadingFC and\xe2\x80\xa6 https://t.co/1e14HDWqmv""",London
2018-04-13 09:45:03,"b"" #Woky PLENTY of Events in the #Rdg area today/tonight in &gt; https://t.co/cTnEYKdd77 &lt; What's On, with full contact details\xe2\x80\xa6 https://t.co/qn25uzoL7a""",London
2018-04-13 09:44:37,"b"" #Woky INFO-HUB for all Reading reading &gt; https://t.co/cTnEYKdd77 &lt; links to local News and Sport sites, What's On, Travel\xe2\x80\xa6 https://t.co/OvvqJ25Pwh""",London
2018-04-13 09:44:10,b' #Woky FLYING THIS WEEKEND? Before you leave home see &gt; https://t.co/cTnEYKdd77 &lt; live flight info #Heathrow #Gatwick\xe2\x80\xa6 https://t.co/ViclKNfEJC',London
2018-04-13 09:43:11,b' #Woky TRAIN to catch or meet? Is it on time? Delayed? See &gt; https://t.co/cTnEYKdd77 &lt; for link to live departures/arrival\xe2\x80\xa6 https://t.co/co0i9QRxjQ',London
2018-04-13 09:12:06,"b' #Woky RT @re3recycling: Our #kitchen worktop is loaded with items that can be #recycled! Empty spread tub, yoghurt pot, fruit tray, #plastic bott\xe2\x80\xa6'",London
2018-04-13 09:09:20,"b' #Woky RT @re3recycling: Look at pots, tubs, trays and bottles which have been sorted and are now on its way to get #recycled! #Thankyou #Bracknel\xe2\x80\xa6'",London
2018-04-13 09:06:28,b' #Woky RT @Age_UK_Reading: Excited to announce our newest social club! Opening on Thurs 19th Apr at The Birches in Woodley. Our clubs are for olde\xe2\x80\xa6',London
2018-04-13 09:04:14,b'Please join us at tomorrow\xe2\x80\x99s AGM. 2pm st our Evendons Lane HQ. #woky #communitytransport https://t.co/sbWvLUqMEA',London
2018-04-13 09:00:23,"b' #Woky RT @re3recycling: Our #kitchen worktop is loaded with items that can be #recycled! Empty spread tub, yoghurt pot, fruit tray, #plastic bott\xe2\x80\xa6'",London
2018-04-13 07:10:30,"b' #Woky RT @re3recycling: Our #kitchen worktop is loaded with items that can be #recycled! Empty spread tub, yoghurt pot, fruit tray, #plastic bott\xe2\x80\xa6'",London
2018-04-13 06:15:00,"b""You'll need to go the long way round! #rdguk #woky  https://t.co/NFRUqxcjOo""",London
2018-04-12 23:29:36,b'Love a good #curry? Join us at The Tamarind Tree #Woky for a fabulous meal &amp; raise funds to enable an invaluable\xe2\x80\xa6 https://t.co/osfVENSv6O',London
2018-04-12 22:59:29,"b' #Woky RT @re3recycling: Our #kitchen worktop is loaded with items that can be #recycled! Empty spread tub, yoghurt pot, fruit tray, #plastic bott\xe2\x80\xa6'",London
2018-04-12 21:21:28,"b"" #Woky RT @ReadingGuide: MIXED EMOTIONS in last night's football - #ReadingFC edged out by a single goal at Fulham but #Maidenhead Utd land a come\xe2\x80\xa6""",London
2018-04-12 20:37:21,b' #Woky In the last couple of months we\xe2\x80\x99ve raised nearly \xc2\xa320 with the help of our supporters via easyfundraising! You too c\xe2\x80\xa6 https://t.co/Lx2f8ETjmP',London
2018-04-12 20:07:30,"b' #Woky RT @re3recycling: Our #kitchen worktop is loaded with items that can be #recycled! Empty spread tub, yoghurt pot, fruit tray, #plastic bott\xe2\x80\xa6'",London
2018-04-12 19:16:00,b'Very sad news. Our thoughts are with her family and friends #woky  https://t.co/McbCwOPARw',London
2018-04-12 19:16:00,b'Very sad news. Our thoughts are with her family and friends #woky  https://t.co/McbCwOxZZY',London
2018-04-12 19:15:00,b'Very sad news. Our thoughts are with her family and friends #woky  https://t.co/8a71VT9UNn',London
2018-04-12 17:57:54,b' #Woky **NO ONWARD CHAIN** - A beautifully presented four bedroom detached family home located in the highly desirable Fin\xe2\x80\xa6 https://t.co/Xr2u0qPGe5',London
2018-04-12 17:51:33,b' #Woky **NEW PROPERTY** - A well-presented three bedroom property located in a quiet cul-de-sac in Woosehill. With off roa\xe2\x80\xa6 https://t.co/0XsyeLEuZo',London
2018-04-12 17:34:38,b' #Woky RT @ReadingGuide: TRAIN to catch or meet? Is it on time? Delayed? See &gt; https://t.co/cTnEYKdd77 &lt; for link to live departures/arrivala boar\xe2\x80\xa6',London
2018-04-12 17:34:33,"b"" #Woky PLENTY of good events in the #Rdg area tonight in &gt; https://t.co/cTnEYKdd77 &lt; What's On, with full contact details\xe2\x80\xa6 https://t.co/it8xoDGaW6""",London
2018-04-12 17:33:45,b' #Woky RT @ReadingGuide: FLYING THIS WEEK? Before take-off from home see &gt; https://t.co/cTnEYKdd77 &lt; live flight info #Heathrow #Gatwick #Southamp\xe2\x80\xa6',London
2018-04-12 17:33:40,"b"" #Woky RT @ReadingGuide: INFO-HUB for all Reading reading &gt; https://t.co/cTnEYKdd77 &lt; links to local News and Sport sites, What's On, Travel inclu\xe2\x80\xa6""",London
2018-04-12 17:15:35,b'RT @getlucy: Awful news. Our thoughts are with her family and friends #woky https://t.co/Btc2KzheWJ',London
2018-04-12 16:40:49,"b' #Woky RT @re3recycling: Our #kitchen worktop is loaded with items that can be #recycled! Empty spread tub, yoghurt pot, fruit tray, #plastic bott\xe2\x80\xa6'",London
2018-04-12 15:53:44,"b' #Woky RT @re3recycling: Our #kitchen worktop is loaded with items that can be #recycled! Empty spread tub, yoghurt pot, fruit tray, #plastic bott\xe2\x80\xa6'",London
2018-04-12 15:53:28,"b' #Woky RT @re3recycling: Our #kitchen worktop is loaded with items that can be #recycled! Empty spread tub, yoghurt pot, fruit tray, #plastic bott\xe2\x80\xa6'",London
2018-04-12 15:42:37,"b""Don't confuse with the hashtag, here they are helping local youngsters. #woky https://t.co/tW767mkiDJ""",London
2018-04-12 15:38:41,"b' #Woky RT @re3recycling: Our #kitchen worktop is loaded with items that can be #recycled! Empty spread tub, yoghurt pot, fruit tray, #plastic bott\xe2\x80\xa6'",London
2018-04-12 15:37:45,"b' #Woky RT @re3recycling: Our #kitchen worktop is loaded with items that can be #recycled! Empty spread tub, yoghurt pot, fruit tray, #plastic bott\xe2\x80\xa6'",London
2018-04-12 15:35:50,b' #Woky RT @FastTrackFitCmp: Join us for our #charity family Fit Camp on Sunday 29 April in #Winnersh. All welcome &amp; all proceeds go to @Bowel_Canc\xe2\x80\xa6',London
2018-04-12 15:32:12,b' #Woky RT @FastTrackFitCmp: Join us for our #charity family Fit Camp on Sunday 29 April in #Winnersh. All welcome &amp; all proceeds go to @Bowel_Canc\xe2\x80\xa6',London
2018-04-12 15:30:38,b' #Woky Join us for our #charity family Fit Camp on Sunday 29 April in #Winnersh. All welcome &amp; all proceeds go to\xe2\x80\xa6 https://t.co/UWFHFyMplc',London
2018-04-12 15:28:09,"b' #Woky RT @re3recycling: Our #kitchen worktop is loaded with items that can be #recycled! Empty spread tub, yoghurt pot, fruit tray, #plastic bott\xe2\x80\xa6'",London
2018-04-12 15:25:08,"b' #Woky Our #kitchen worktop is loaded with items that can be #recycled! Empty spread tub, yoghurt pot, fruit tray,\xe2\x80\xa6 https://t.co/N6Gv5hvuP7'",London
2018-04-12 15:15:59,"b""RT @getwokingham: There's still time to sign up for this walk #woky  @WokinghamLVS https://t.co/7Cdl2p5ELo""",London
2018-04-12 14:03:32,b'Our thoughts are with her family and friends #woky  https://t.co/8a71VT9UNn',London
2018-04-12 14:01:46,b'Awful news. Our thoughts are with her family and friends #woky https://t.co/Btc2KzheWJ',London
2018-04-12 13:45:00,b'Update on police in Finchampstead  - some very sad news #woky  https://t.co/cXSUwI2eeV',London
2018-04-12 13:38:09,b' #Woky RT @SMART_CJS: The @SMART_Wokingham team are taking part in Color Rush to raise funds for a defibrillator to save lives. @obstaclerush #wok\xe2\x80\xa6',London
2018-04-12 13:33:53,b'Some very sad news from Finchampstead #woky  https://t.co/GDoYdTk4PO',London
2018-04-12 13:33:18,b'Update on police in Finchampstead  - some very sad news #woky  https://t.co/UkEU2RKdHm',London
2018-04-12 13:33:14,b' #Woky The @SMART_Wokingham team are taking part in Color Rush to raise funds for a defibrillator to save lives.\xe2\x80\xa6 https://t.co/LWTgIKbSas',London
2018-04-12 13:26:30,"b"" #Woky RT @ReadingGuide: TONS of Events in the #Rdg area today/tonight in &gt; https://t.co/cTnEYKdd77 &lt; What's On, with full contact details #Windso\xe2\x80\xa6""",London
2018-04-12 13:18:13,b' #Woky RT @WoodleyLabour: @wokinghamlibdem @gerrit_holl Do you always treat voters with such disdain? Or is that something you only do on Twitter?\xe2\x80\xa6',London
2018-04-12 12:50:44,b'Weekend Housekeeper https://t.co/kXkigf4r7O #Housekeeper #wokingham #woky #berkshire #jobs #vacancy #MKResourcing',London
2018-04-12 12:31:41,b'Night Porter https://t.co/p7KSrZ5go1 #Housekeeper #wokingham #woky #berkshire #jobs #vacancy',London
2018-04-12 12:14:12,b' #Woky One of the most colourful times of the year is fast approaching! Time to have #family #fun in the #countryside!\n\nDa\xe2\x80\xa6 https://t.co/PUWmZwfhIy',London
2018-04-12 11:40:47,b'RT @getwokingham: Lots of people are fed up with this #woky #rdguk  https://t.co/L8Bj2RSS3g',London
2018-04-12 11:06:24,b'Tony Johnson: A tale of two manifestos https://t.co/LKIB6D894w via @wokypaper #woky #wokingham',London
2018-04-12 11:00:01,b'Lots of people are fed up with this #woky #rdguk  https://t.co/L8Bj2RSS3g',London
2018-04-12 10:46:00,b'Lots of people are fed up with this #woky #rdguk  https://t.co/NWbo3TRXrk',London
2018-04-12 10:08:08,b' #Woky RT @wrkplcsolutions: Contact us today for a free cleaning quote. We cover a variety of workplace sectors. 0844 561 1760 #contractcleaning\xe2\x80\xa6',London
2018-04-12 10:03:27,"b' #Woky RT @re3recycling: Look at pots, tubs, trays and bottles which have been sorted and are now on its way to get #recycled! #Thankyou #Bracknel\xe2\x80\xa6'",London
2018-04-12 09:38:16,"b"" #Woky ReadingGuide : RT ReadingGuide: READER OFFER: Look out of the window and decide it's time to book a sunshine holida\xe2\x80\xa6 https://t.co/e73t9JWKED""",London
2018-04-12 09:20:14,b' #Woky TRAIN to catch or meet? Is it on time? Delayed? See &gt; https://t.co/cTnEYKdd77 &lt; for link to live departures/arrival\xe2\x80\xa6 https://t.co/tYwcrPXO3o',London
2018-04-12 09:19:25,"b"" #Woky TONS of Events in the #Rdg area today/tonight in &gt; https://t.co/cTnEYKdd77 &lt; What's On, with full contact details\xe2\x80\xa6 https://t.co/F8Dh7p1Xca""",London
2018-04-12 09:18:26,"b"" #Woky INFO-HUB for all Reading reading &gt; https://t.co/cTnEYKdd77 &lt; links to local News and Sport sites, What's On, Travel\xe2\x80\xa6 https://t.co/c7Kw5YTVN2""",London
2018-04-12 09:17:08,b' #Woky FLYING THIS WEEK? Before take-off from home see &gt; https://t.co/cTnEYKdd77 &lt; live flight info #Heathrow #Gatwick\xe2\x80\xa6 https://t.co/8idlbkHHiP',London
2018-04-12 07:40:06,b' #Woky Contact us today for a free cleaning quote. We cover a variety of workplace sectors. 0844 561 1760\xe2\x80\xa6 https://t.co/eOmIjJrIoS',London
2018-04-12 07:19:26,"b""RT @getwokingham: There's still time to sign up for this walk #woky  @WokinghamLVS https://t.co/7Cdl2p5ELo""",London
2018-04-12 07:15:07,"b"" #Woky We're interested in forming an alliance to create new builds which stand out from the rest: https://t.co/hxUfv7vHnb\xe2\x80\xa6 https://t.co/qtel4iGzfG""",London
2018-04-12 07:01:19,b' #Woky RT @paul8chapman: Private tuition in tai chi and kung fu now available. See https://t.co/SLdxIehYWN for more details. Learn the skills much\xe2\x80\xa6',London
2018-04-12 06:57:04,b'RT @WoodleyLabour: Vote for your local #Labour candidate.  We\xe2\x80\x99ll listen and won\xe2\x80\x99t pretend to know how you vote. #EnoughIsEnogh #Woky #Woodl\xe2\x80\xa6',London
2018-04-12 06:53:54,b'RT @WoodleyLabour: Vote for your local #Labour candidate.  We\xe2\x80\x99ll listen and won\xe2\x80\x99t pretend to know how you vote. #EnoughIsEnogh #Woky #Woodl\xe2\x80\xa6',London
2018-04-12 06:14:25,b'Watch out for signs of scarlet fever in #woky and #rdguk https://t.co/VkEgMCh8aJ',London
2018-04-12 06:02:00,b'Do you know what to look out for? #woky #scarletfever https://t.co/T7u8Ers2AT',London
2018-04-12 05:46:19,b'RT @WoodleyLabour: Vote for your local #Labour candidate.  We\xe2\x80\x99ll listen and won\xe2\x80\x99t pretend to know how you vote. #EnoughIsEnogh #Woky #Woodl\xe2\x80\xa6',London
2018-04-12 05:38:00,b' #Woky RT @WokinghamBC: Free overnight &amp; Sunday parking has returned to our carparks (apart from Station Rd Earley &amp; Winnersh Triangle Station) un\xe2\x80\xa6',London
2018-04-12 01:21:16,b'RT @WoodleyLabour: Vote for your local #Labour candidate.  We\xe2\x80\x99ll listen and won\xe2\x80\x99t pretend to know how you vote. #EnoughIsEnogh #Woky #Woodl\xe2\x80\xa6',London
2018-04-12 01:04:15,b' #Woky @wokinghamlibdem @gerrit_holl Do you always treat voters with such disdain? Or is that something you only do on Twi\xe2\x80\xa6 https://t.co/JHphldpKSm',London
2018-04-12 00:59:04,b'Vote for your local #Labour candidate.  We\xe2\x80\x99ll listen and won\xe2\x80\x99t pretend to know how you vote. #EnoughIsEnogh #Woky\xe2\x80\xa6 https://t.co/Oxoxk90Toa',London
2018-04-11 21:13:52,b' #Woky RT @BerksWeatherUK: Berkshire Weather - Berkshire Daytime Forecast for Thursday 12th April.\nA Cloudy Day in store with light rain or drizzl\xe2\x80\xa6',London
2018-04-11 21:13:47,"b' #Woky RT @BerksWeatherUK: Berkshire Weather - UV &amp; Pollen Level Forecast for Thursday 12th April . UV - Low , Pollen Level - Low.\n#UV #Pollen #ha\xe2\x80\xa6'",London
2018-04-11 21:07:52,"b' #Woky Berkshire Weather - UV &amp; Pollen Level Forecast for Thursday 12th April . UV - Low , Pollen Level - Low.\n#UV #Pollen\xe2\x80\xa6 https://t.co/Gv6BnA53rc'",London
2018-04-11 21:06:45,b' #Woky Berkshire Weather - Berkshire Daytime Forecast for Thursday 12th April.\nA Cloudy Day in store with light rain or dr\xe2\x80\xa6 https://t.co/7mFefbTeTM',London
2018-04-11 20:17:00,b'It has taken over a year for this issue to be fixed #woky #rdguk https://t.co/UduzOxIsA7',London
2018-04-11 19:23:16,b'RT @getreading: This issue has now been going on for a year #woky #rdguk https://t.co/2EtmcHZhQW',London
2018-04-11 19:18:05,b' #Woky RT @Age_UK_Reading: Excited to announce our newest social club! Opening on Thurs 19th Apr at The Birches in Woodley. Our clubs are for olde\xe2\x80\xa6',London
2018-04-11 19:06:47,b' #Woky RT @Age_UK_Reading: Excited to announce our newest social club! Opening on Thurs 19th Apr at The Birches in Woodley. Our clubs are for olde\xe2\x80\xa6',London
2018-04-11 17:57:41,b'RT @getwokingham: What do you make of this? #woky  https://t.co/A8Z26iAsXv',London
2018-04-11 17:49:40,b' #Woky Private tuition in tai chi and kung fu now available. See https://t.co/SLdxIehYWN for more details. Learn the skill\xe2\x80\xa6 https://t.co/zD7zIpYV6c',London
2018-04-11 17:32:00,"b""There's still time to sign up for this walk #woky  @WokinghamLVS https://t.co/7Cdl2p5ELo""",London
2018-04-11 17:10:12,"b"" #Woky PLENTY of Events in the #Rdg area tonight in &gt; https://t.co/cTnEYKdd77 &lt; What's On, with full contact details\xe2\x80\xa6 https://t.co/8QV5dgwp84""",London
2018-04-11 17:08:55,"b"" #Woky RT @ReadingGuide: INFO-HUB for all Reading reading &gt; https://t.co/cTnEYKdd77 &lt; links to local News and Sport sites, What's On, Travel inclu\xe2\x80\xa6""",London
2018-04-11 17:02:00,b'This issue has now been going on for a year #woky #rdguk https://t.co/2EtmcHZhQW',London
2018-04-11 16:37:25,b' #Woky Excited to announce our newest social club! Opening on Thurs 19th Apr at The Birches in Woodley. Our clubs are for\xe2\x80\xa6 https://t.co/V1dq0qtj4A',London
2018-04-11 16:33:33,b' #Woky Did you know we have a weekly pay-as-you-go session in #Winnersh? Sunday Wake Up! the best thing on a Sunday mornin\xe2\x80\xa6 https://t.co/XimPNSZbUj',London
2018-04-11 15:56:09,"b'This could be you, get in touch if you want to know how I can help you. #reading, #woky https://t.co/OOVvHwuXky'",London
2018-04-11 15:50:48,"b' #Woky RT @re3recycling: Look at pots, tubs, trays and bottles which have been sorted and are now on its way to get #recycled! #Thankyou #Bracknel\xe2\x80\xa6'",London
2018-04-11 13:59:09,"b' #Woky RT @re3recycling: Look at pots, tubs, trays and bottles which have been sorted and are now on its way to get #recycled! #Thankyou #Bracknel\xe2\x80\xa6'",London
2018-04-11 13:54:30,b' #Woky RT @BerksWeatherUK: Berkshire Weather Overnight Forecast #Berkshire #Weather #overnight #Forecast #reading #bracknell #newbury #maidenhead\xe2\x80\xa6',London
2018-04-11 13:49:12,"b"" #Woky RT @WokinghamHWBB: The #WokinghamHWBB will share news &amp; information on the 2nd Monday of each month throughout 2018. On April 9th it's our\xe2\x80\xa6""",London
2018-04-11 13:43:13,"b' #Woky RT @re3recycling: Look at pots, tubs, trays and bottles which have been sorted and are now on its way to get #recycled! #Thankyou #Bracknel\xe2\x80\xa6'",London
2018-04-11 13:23:30,b' #Woky Berkshire Weather Overnight Forecast #Berkshire #Weather #overnight #Forecast #reading #bracknell #newbury\xe2\x80\xa6 https://t.co/r7sP7y24Ay',London
2018-04-11 13:23:10,b' #Woky Learn Spanish! Our next Spanish classes are starting in May. Book your okace on a course before the 15th of April a\xe2\x80\xa6 https://t.co/Yp16TspE7h',London
2018-04-11 13:20:05,"b' #Woky RT @re3recycling: Look at pots, tubs, trays and bottles which have been sorted and are now on its way to get #recycled! #Thankyou #Bracknel\xe2\x80\xa6'",London
2018-04-11 13:17:28,"b' #Woky Look at pots, tubs, trays and bottles which have been sorted and are now on its way to get #recycled! #Thankyou\xe2\x80\xa6 https://t.co/sUWzC8pzrW'",London
2018-04-11 11:23:03,"b"" #Woky RT @ReadingGuide: TONS of Events in the #Rdg area today/tonight in &gt; https://t.co/cTnEYKdd77 &lt; What's On, with full contact details #Windso\xe2\x80\xa6""",London
2018-04-11 11:22:48,"b"" #Woky RT @ReadingGuide: MIXED EMOTIONS in last night's football - #ReadingFC edged out by a single goal at Fulham but #Maidenhead Utd land a come\xe2\x80\xa6""",London
2018-04-11 11:22:40,b' #Woky TRAIN to catch or meet? Is it on time? Delayed? See &gt; https://t.co/cTnEYKdd77 &lt; for link to live departures/arrival\xe2\x80\xa6 https://t.co/S0E86dHt7L',London
2018-04-11 11:15:00,b'Finally! \xe2\x98\x80\xef\xb8\x8f #woky #weather  https://t.co/LFgl42s9Ba',London
2018-04-11 10:58:58,b'This has now been going on for a year #woky #rdguk https://t.co/UduzOxqRIz',London
2018-04-11 10:32:28,b' #Woky RT @SupperWokingham: We are constantly looking to add to our our network of home cooks - if you re interested then visit our website to fin\xe2\x80\xa6',London
2018-04-11 10:30:25,b' #Woky We are constantly looking to add to our our network of home cooks - if you re interested then visit our website to\xe2\x80\xa6 https://t.co/k8Iyt40xIH',London
2018-04-11 10:30:16,"b' #Woky Whether you have a single site or multiple offices in the UK, call us to discuss a #cleaning package just for you!\xe2\x80\xa6 https://t.co/oJNFGHv0vr'",London
2018-04-11 10:13:57,b' #Woky RT @ReadingGuide: FLYING THIS WEEK? Before take-off from home see &gt; https://t.co/cTnEYKdd77 &lt; live flight info #Heathrow #Gatwick #Southamp\xe2\x80\xa6',London
2018-04-11 10:12:59,"b"" #Woky RT @ReadingGuide: TONS of Events in the #Rdg area today/tonight in &gt; https://t.co/cTnEYKdd77 &lt; What's On, with full contact details #Windso\xe2\x80\xa6""",London
2018-04-11 10:12:37,"b"" #Woky RT @ReadingGuide: INFO-HUB for all Reading reading &gt; https://t.co/cTnEYKdd77 &lt; links to local News and Sport sites, What's On, Travel inclu\xe2\x80\xa6""",London
2018-04-11 10:09:55,"b' #Woky @IanDunt Problem is, people who vote for him will still be lumped in with people-who-voted-for-pro-#brexit-parties.\xe2\x80\xa6 https://t.co/KgEndE6HSo'",London
2018-04-11 10:02:30,"b"" #Woky MIXED EMOTIONS in last night's football - #ReadingFC edged out by a single goal at Fulham but #Maidenhead Utd land\xe2\x80\xa6 https://t.co/lTyvC8DSDc""",London
2018-04-11 10:02:15,"b"" #Woky ReadingGuide : RT ReadingGuide: READER OFFER: Look out of the window and decide it's time to book a sunshine holida\xe2\x80\xa6 https://t.co/mdFEJaEqM9""",London
2018-04-11 10:01:15,"b"" #Woky TONS of Events in the #Rdg area today/tonight in &gt; https://t.co/cTnEYKdd77 &lt; What's On, with full contact details\xe2\x80\xa6 https://t.co/Md1MILXi6j""",London
2018-04-11 09:59:35,"b"" #Woky INFO-HUB for all Reading reading &gt; https://t.co/cTnEYKdd77 &lt; links to local News and Sport sites, What's On, Travel\xe2\x80\xa6 https://t.co/T6jIcjiLlD""",London
2018-04-11 09:03:57,b' #Woky RT @WokinghamBC: Free overnight &amp; Sunday parking has returned to our carparks (apart from Station Rd Earley &amp; Winnersh Triangle Station) un\xe2\x80\xa6',London
2018-04-11 08:48:29,b' #Woky Free overnight &amp; Sunday parking has returned to our carparks (apart from Station Rd Earley &amp; Winnersh Triangle Stat\xe2\x80\xa6 https://t.co/xKMJl146r4',London
2018-04-11 08:36:59,b'Sounds like fun!! Especially if hop little bunnies is featured... \xf0\x9f\x90\xb0 \xf0\x9f\x98\x80#thingstodo #woky #berkshire https://t.co/fzu6sP34CC',London
2018-04-11 08:00:29,"b""#EasterHoliday almost over folks...we're all stocked up &amp; ready to go again \xf0\x9f\x8d\xb0\xf0\x9f\x8d\xaa\xf0\x9f\x8d\xa9\xe2\x98\x95 #woky #coffeeshop #Independent\xe2\x80\xa6 https://t.co/VDti7RSKyW""",London
2018-04-11 07:45:00,b'What do you make of this? #woky  https://t.co/A8Z26iAsXv',London
2018-04-11 07:45:00,b'What do you make of this? #woky  https://t.co/0NjKZO0cOF',London
2018-04-11 03:39:10,"b' #Woky RT @BerksWeatherUK: Berkshire Weather - Berkshire Daytime Forecast for Wednesday 11th April.Sunny Intervals across the day,suggestion that\xe2\x80\xa6'",London
2018-04-10 21:57:47,"b"" #Woky MIXED EMOTIONS in tonight's football - #ReadingFC edged out by a single goal at Fulham but #Maidenhead Utd land a c\xe2\x80\xa6 https://t.co/cZo8Qqgmjn""",London
2018-04-10 20:42:40,"b' #Woky RT @BerksWeatherUK: Berkshire Weather - UV &amp; Pollen Level Forecast for Wednesday 11th April . UV - Low , Pollen Level - Low, Pollution Aler\xe2\x80\xa6'",London
2018-04-10 20:42:32,"b' #Woky RT @BerksWeatherUK: Berkshire Weather - Berkshire Daytime Forecast for Wednesday 11th April.Sunny Intervals across the day,suggestion that\xe2\x80\xa6'",London
2018-04-10 20:30:29,b'A fabby coffee shop in #Woky. Give them a try! https://t.co/5itfcf22Vc',London
2018-04-10 20:23:04,"b"" #Woky RT @re3recycling: Cookware, vases or mirrors do not melt at the same temperature as glass bottles or jars so please don't take them to bott\xe2\x80\xa6""",London
2018-04-10 20:13:59,b'RT @getreading: Could this make the town safer? #woky  https://t.co/0NjKZOhOdf',London
2018-04-10 20:06:03,b'#glutenfree salads available in store folks for the rest of this week #woky #coffee #localtrader #coffeeshop #Independent \xf0\x9f\x8d\x9c\xe2\x98\x95',London
2018-04-10 19:18:58,b'RT @FairFundingWoky: Delivery from School Cuts today ahead of the National Campaign Weekend this month. #schoolcuts #Woky #wokingham https:\xe2\x80\xa6',London
2018-04-10 19:15:00,b'Could this make the town safer? #woky  https://t.co/0NjKZOhOdf',London
2018-04-10 19:14:00,b'Could this make the town safer? #woky  https://t.co/A8Z26iAsXv',London
2018-04-10 18:46:08,"b' #Woky BIG NIGHT for football! Never mind Liverpool v Man City, #ReadingFC go to current league form side Fulham as\xe2\x80\xa6 https://t.co/sl7U2uHpua'",London
2018-04-10 18:37:27,"b"" #Woky ReadingGuide : IT'S an uphill task tonight, Fulham unbeaten in 19 - but what a great night it would be to turn the\xe2\x80\xa6 https://t.co/QvWdti2uuq""",London
2018-04-10 18:33:48,"b"" #Woky IT'S an uphill task tonight, Fulham unbeaten in 19 - but what a great night it would be to turn the corner for\xe2\x80\xa6 https://t.co/3Xan4BgKbP""",London
2018-04-10 18:22:39,"b' #Woky TONIGHT LAST CHANCE TO SEE ISS UNTIL LATE MAY - Direction from the South to East,time from 20.55 hrs,highest point\xe2\x80\xa6 https://t.co/ibnJbnTcgB'",London
2018-04-10 18:16:00,b'Are you a runner from #rdguk #bracknell or #woky taking part in #LondonMarathon? Tell us your story https://t.co/yvabLihMrC',London
2018-04-10 17:36:57,"b' #Woky Berkshire Weather - UV &amp; Pollen Level Forecast for Wednesday 11th April . UV - Low , Pollen Level - Low, Pollution\xe2\x80\xa6 https://t.co/MirRQKwYI5'",London
2018-04-10 17:35:50,"b' #Woky Berkshire Weather - Berkshire Daytime Forecast for Wednesday 11th April.Sunny Intervals across the day,suggestion t\xe2\x80\xa6 https://t.co/Bd0rzCmNyu'",London
2018-04-10 17:32:00,b'Can you spare a bit of time for this on Sunday morning? #Woky  https://t.co/6j5J2Yu4VY',London
2018-04-10 17:09:48,"b"" #Woky RT @re3recycling: Cookware, vases or mirrors do not melt at the same temperature as glass bottles or jars so please don't take them to bott\xe2\x80\xa6""",London
2018-04-10 16:48:17,"b"" #Woky ROYALS take a v-e-r-y deep breath for tonight's game at #Fulham where home team is on 19-game unbeaten run -\xe2\x80\xa6 https://t.co/WPK2DHuWLg""",London
2018-04-10 16:47:23,"b"" #Woky ReadingGuide : RT ReadingGuide: READER OFFER: Look out of the window and decide it's time to book a sunshine holida\xe2\x80\xa6 https://t.co/Jvz91Q0eEe""",London
2018-04-10 16:46:35,"b"" #Woky RT @ReadingGuide: INFO-HUB for all Reading reading &gt; https://t.co/cTnEYKdd77 &lt; links to local News and Sport sites, What's On, Travel inclu\xe2\x80\xa6""",London
2018-04-10 16:46:26,"b"" #Woky OUT AND ABOUT in the #Rdg area tonight? See &gt; https://t.co/cTnEYKdd77 &lt; What'sOn, with full contact details\xe2\x80\xa6 https://t.co/uALhxlyKrA""",London
2018-04-10 15:54:29,"b"" #Woky RT @re3recycling: Cookware, vases or mirrors do not melt at the same temperature as glass bottles or jars so please don't take them to bott\xe2\x80\xa6""",London
2018-04-10 15:31:00,b'Will this help make the town safer? #woky  https://t.co/A8Z26iAsXv',London
2018-04-10 15:05:46,"b"" #Woky RT @re3recycling: Cookware, vases or mirrors do not melt at the same temperature as glass bottles or jars so please don't take them to bott\xe2\x80\xa6""",London
2018-04-10 15:02:00,b'Just a few small changes could make a huge difference #Bracknell #Woky  https://t.co/Ozyce0Ypr0',London
2018-04-10 14:27:55,b' #Woky RT @BerksWeatherUK: Berkshire Weather - Berkshire Overnight Forecast for Tuesday 10th April.\nShowers early evening becoming drier through t\xe2\x80\xa6',London
2018-04-10 14:23:47,b' #Woky Berkshire Weather - Berkshire Overnight Forecast for Tuesday 10th April.\nShowers early evening becoming drier throu\xe2\x80\xa6 https://t.co/XCUro4t289',London
2018-04-10 14:05:18,"b"" #Woky Cookware, vases or mirrors do not melt at the same temperature as glass bottles or jars so please don't take them t\xe2\x80\xa6 https://t.co/8nI8WhXnFk""",London
2018-04-10 14:02:00,b'All aboard! #Bracknell #Woky  https://t.co/Qqinpe9PnN',London
2018-04-10 13:20:11,"b"" #Woky 100 days into 2018! Well done you. You made it. Now what? Reflect on what you've done, decide what needs to change,\xe2\x80\xa6 https://t.co/RnLpHHNDS4""",London
2018-04-10 13:12:53,b'RT @FairFundingWoky: Delivery from School Cuts today ahead of the National Campaign Weekend this month. #schoolcuts #Woky #wokingham https:\xe2\x80\xa6',London
2018-04-10 13:09:37,b'RT @FairFundingWoky: Delivery from School Cuts today ahead of the National Campaign Weekend this month. #schoolcuts #Woky #wokingham https:\xe2\x80\xa6',London
2018-04-10 13:02:00,b'Can you give up a couple of hours of your time for this? #woky  https://t.co/0VuVaRmTtG',London
2018-04-10 12:41:28,b'RT @FairFundingWoky: Delivery from School Cuts today ahead of the National Campaign Weekend this month. #schoolcuts #Woky #wokingham https:\xe2\x80\xa6',London
2018-04-10 12:38:47,"b"" #Woky RT @ReadingGuide: ROYALS take a v-e-r-y deep breath for tonight's game at #Fulham where home team defend 19-game unbeaten run - #Maidenhead\xe2\x80\xa6""",London
2018-04-10 12:38:30,b' #Woky RT @ReadingGuide: TRAIN to catch or meet? Is it on time? Delayed? See &gt; https://t.co/cTnEYKdd77  &lt; for link to live departures/arrivala boa\xe2\x80\xa6',London
2018-04-10 12:38:06,"b"" #Woky RT @ReadingGuide: EVENTS in the #Rdg area today/tonight in &gt; https://t.co/cTnEYKdd77 &lt; What's On, with full contact details #Windsor #Newbu\xe2\x80\xa6""",London
2018-04-10 12:24:07,b'Ambulance crews called to two car crash in #woky https://t.co/xHfQnqKBwf',London
2018-04-10 12:19:26,b'#woky #wokingham WBC plans to close permanently to traffic the Luckley Path exit to Peach Street.  See\xe2\x80\xa6 https://t.co/MnyMC2zKmL',London
2018-04-10 12:07:34,b' #Woky RT @tcbconcertband: Our performance of Dark Lochnagar by @nigeljhess at the @NCBF_festival finals on Sunday https://t.co/nWgVnVdxIv #rdguk\xe2\x80\xa6',London
2018-04-10 11:55:33,b' #Woky RT @re3recycling: Brilliant news @waitrose Great to see big stores doing everything they can to reduce #plastic waste. Roll out in #Brackne\xe2\x80\xa6',London
2018-04-10 11:10:26,b'RT @MindfulMumUK: Check out this work shop for #teenagers getting ready for exams. #woky https://t.co/ebHEBbuVp0',London
2018-04-10 10:56:43,b'Thankfully the patients were discharges at the scene #woky https://t.co/aOi01KfUpX',London
2018-04-10 10:47:58,b' #Woky RT @tcbconcertband: Our performance of Dark Lochnagar by @nigeljhess at the @NCBF_festival finals on Sunday https://t.co/nWgVnVdxIv #rdguk\xe2\x80\xa6',London
2018-04-10 10:46:15,b' #Woky Our performance of Dark Lochnagar by @nigeljhess at the @NCBF_festival finals on Sunday https://t.co/nWgVnVdxIv\xe2\x80\xa6 https://t.co/i3Fs5kQKiG',London
2018-04-10 10:46:12,b' #Woky TRAIN to catch or meet? Is it on time? Delayed? See &gt; https://t.co/cTnEYKdd77  &lt; for link to live departures/arriva\xe2\x80\xa6 https://t.co/LCoeHgcZrJ',London
2018-04-10 10:45:29,"b"" #Woky INFO-HUB for all Reading reading &gt; https://t.co/cTnEYKdd77 &lt; links to local News and Sport sites, What's On, Travel\xe2\x80\xa6 https://t.co/Hyp220MR9W""",London
2018-04-10 10:44:41,"b"" #Woky EVENTS in the #Rdg area today/tonight in &gt; https://t.co/cTnEYKdd77 &lt; What's On, with full contact details #Windsor\xe2\x80\xa6 https://t.co/TWxWhPK9Bg""",London
2018-04-10 10:42:39,"b"" #Woky ROYALS take a v-e-r-y deep breath for tonight's game at #Fulham where home team defend 19-game unbeaten run -\xe2\x80\xa6 https://t.co/d9pj9G4ucP""",London
2018-04-10 10:35:48,b'Our performance of Exultate by @samuelhazo at the @NCBF_festival finals on Sunday https://t.co/TxB2PL8Nfz #rgduk #woky #ncbffestival2018',London
2018-04-10 10:17:00,b'Can you spare a bit of time on Sunday morning? #Woky  https://t.co/6j5J2Yu4VY',London
2018-04-10 09:51:11,b'Interested to know if anyone in #woky #bracknell or #rdguk has an inspiring reason behind lacing up their trainers\xe2\x80\xa6 https://t.co/cFu3doE18c',London
2018-04-10 08:49:35,b' #Woky RT @re3recycling: Brilliant news @waitrose Great to see big stores doing everything they can to reduce #plastic waste. Roll out in #Brackne\xe2\x80\xa6',London
2018-04-10 08:46:00,"b""Are you a runner from #rdguk #bracknell or #woky taking part in #LondonMarathon? We'd love to hear from you   https://t.co/yvabLihMrC""",London
2018-04-10 08:45:55,b' #Woky Brilliant news @waitrose Great to see big stores doing everything they can to reduce #plastic waste. Roll out in\xe2\x80\xa6 https://t.co/WO1Cpx9h5K',London
